category_id,name,subtitle,icon_key,budget_amount,rate_min,rate_max,audience_segments,rule_id,status,avg_cb_percent,clients_with_category
c8a79b9e-e301-4a05-8a06-831e61817674,1% за все покупки,Кэшбэк 1% на все покупки без ограничений,all,322,3,7,"[""mass""",active_spenders],a0000000-0000-0000-0000-000000000001,active,1.00
8c6659b1-395b-4ca7-904c-d46c584f9fe8,10/10 Street Food,Уличная еда на ул. Андрея Кореневского,food,123,5,12,"[""students""",young_professionals],a0000000-0000-0000-0000-000000000001,active,20.00
5dcbb038-1812-4728-b59f-cbcc0e4c2448,1804 Coffee,Кофейня на Кремлёвской улице,coffee,519,7,20,"[""students""",office_workers],a0000000-0000-0000-0000-000000000001,active,20.00
d247f6a9-c8a3-4b0a-8c9d-682a6f8d50c6,21Shop,Магазин в ТЦ Виктория Плаза,retail,459,3,7,"[""mass""",vip],a0000000-0000-0000-0000-000000000001,active,20.00
ee574ffd-d5d7-48ea-a47f-41afce8bfb00,23 Dance studio,Танцевальная студия на пр-те Мельникова,sports,602,5,12,"[""young_professionals""",students],a0000000-0000-0000-0000-000000000001,active,20.00
e8ae544c-9890-4eef-94c7-7b1b9d100b2d,3D Games,Игровая зона на ул. Кирова,games,549,7,20,"[""students""",gamers],a0000000-0000-0000-0000-000000000001,active,20.00
91d997de-ef10-4ceb-ae17-9e934dd509ae,40Кофе,Кофейня на ул. Сыромолотова,coffee,138,3,7,"[""students""",office_workers],a0000000-0000-0000-0000-000000000001,active,20.00
9ac4bdc4-8ed8-46ef-947b-1db49553f925,4hands,Салон красоты на ул. Кольская,beauty,379,5,12,"[""women""",young_professionals],a0000000-0000-0000-0000-000000000001,active,20.00
e3455a53-4a1f-4c3e-8bc0-f658d5bc0f2c,9H Store,Магазин одежды на ул. Чебышева,fashion,707,7,20,"[""young_professionals""",fashion_enthusiasts],a0000000-0000-0000-0000-000000000001,active,20.00
d7d4c4ca-d73d-4b49-9e0c-80bb98d72814,Aestetika Slim,Фитнес-центр на пр-те Карла Маркса,sports,751,3,7,"[""health_conscious""",young_professionals],a0000000-0000-0000-0000-000000000001,active,20.00
6b7c43e6-aebe-4f14-8a16-6078138e8507,Agent Love,Агентство недвижимости на ул. Чкалова,services,113,5,12,"[""high_income""",families],a0000000-0000-0000-0000-000000000001,active,20.00
184ab5fe-2379-4d75-b8c4-0376a36152a0,Alex barber,Парикмахерская на ул Братьев Кашириных,beauty,175,7,20,"[""men""",students],a0000000-0000-0000-0000-000000000001,active,20.00
74bc7bac-65c9-420d-9179-889904f7b831,Alexandra Lingerie,Бельевой магазин на ул. Куколкина,fashion,577,3,7,"[""women""",luxury_shoppers],a0000000-0000-0000-0000-000000000001,active,20.00
30e7c6d4-027d-485b-99eb-688d8186b5db,AnaHouse,Мебельный магазин на ул. Антона Валека,home,616,5,12,"[""families""",home_owners],a0000000-0000-0000-0000-000000000001,active,20.00
7b7466ab-b08b-4a66-945b-ece1f7cfa7fb,Ander,Магазин в ТЦ Небо,retail,227,7,20,"[""mass""",young_professionals],a0000000-0000-0000-0000-000000000001,active,20.00
f648bc41-881f-43f8-a652-fd6ce77e1bc9,Anima Pura,Магазин на ул. Струве,retail,173,3,7,"[""mass""",students],a0000000-0000-0000-0000-000000000001,active,20.00
1a0e2651-8f5c-4305-bf6f-ad262f20e65d,Arligent,Бутик на Малой Бронной ул,fashion,752,5,12,"[""vip""",luxury_shoppers],a0000000-0000-0000-0000-000000000001,active,20.00
9bdcda8e-c7d4-468e-8bc3-0d181a7126a5,Art Bag Studio,Мастерская сумок на ул. Ген. Кузнецова,fashion,302,7,20,"[""women""",creative_professionals],a0000000-0000-0000-0000-000000000001,active,20.00
afd1fe6e-9bea-4e9a-8d88-daedd4d7cab6,Art Hair,Салон красоты на ул. Есенина,beauty,487,3,7,"[""women""",young_professionals],a0000000-0000-0000-0000-000000000001,active,20.00
f9b8c34b-02f3-40e5-9c78-914a4fa78c81,Artnouveau,Магазин на ул. Софьи Перовской,retail,198,5,12,"[""art_lovers""",creative_professionals],a0000000-0000-0000-0000-000000000001,active,20.00
8318654a-9319-4d68-b2e8-8bf7e15ddb79,Atelemebel,Мебельный магазин на ул. Лобачёва,home,193,7,20,"[""families""",home_owners],a0000000-0000-0000-0000-000000000001,active,20.00
9f490849-a40d-4594-9cc5-035a45929a91,Aurumnaturae,Магазин на ул. Афонская,retail,671,3,7,"[""eco_conscious""",students],a0000000-0000-0000-0000-000000000001,active,20.00
80653e48-a9f2-42c0-8f1e-3137df1cfea9,Autobox54,Автомагазин на Широкой ул,auto,572,5,12,"[""car_owners""",high_income],a0000000-0000-0000-0000-000000000001,active,20.00
ce27cf7e-b5c4-4670-a0bd-e19c7b856813,Avacio,Салон на Московском пр-те,beauty,247,7,20,"[""women""",young_professionals],a0000000-0000-0000-0000-000000000001,active,20.00
046dcc7b-52fe-46e7-8680-6ae3a3876443,Avelyn,Магазин на ул. 70 лет Октября,fashion,707,3,7,"[""women""",mass],a0000000-0000-0000-0000-000000000001,active,20.00
64c2e759-3242-4a17-b590-bf242fbfc8aa,Azi studio,Салон красоты на ул. Кирова,beauty,553,5,12,"[""women""",students],a0000000-0000-0000-0000-000000000001,active,20.00
43389e45-cdac-4647-95b5-2d11d00687e6,BF Mobile Center,Мобильный магазин на ул. Вересаева,tech,201,7,20,"[""tech_enthusiasts""",students],a0000000-0000-0000-0000-000000000001,active,20.00
dbdaf7aa-e366-4bab-ae40-26ec9717fdeb,Bambini Flowers,Цветочный магазин на Рублёвском ш,gifts,219,3,7,"[""families""",high_income],a0000000-0000-0000-0000-000000000001,active,20.00
2109ceab-ce65-45cd-9ef0-32c68c922954,Bambini Flowers,Цветочный магазин на ул. Ладо Кецховели,gifts,455,5,12,"[""families""",mass],a0000000-0000-0000-0000-000000000001,active,20.00
f6182be4-bba5-4b18-96c3-4303b8cb9da6,Bambini Flowers,Цветочный магазин на ул. Маршала Чуйкова,gifts,204,7,20,"[""families""",students],a0000000-0000-0000-0000-000000000001,active,20.00
536b6d28-ac4e-42fe-9240-7305f4a6ed1e,Bambini Flowers,Цветочный магазин на ул. Февральская,gifts,626,3,7,"[""families""",office_workers],a0000000-0000-0000-0000-000000000001,active,20.00
16f50773-cd09-41b5-b8ac-d456b5deeefc,Batteryman Orel,Магазин аккумуляторов на ул. Розы Люксембург,auto,165,5,12,"[""car_owners""",mass],a0000000-0000-0000-0000-000000000001,active,20.00
8e19c931-d6bd-4420-973a-169445c2ce10,Beaitysphera,Салон красоты на ул. Загоровского,beauty,673,7,20,"[""women""",young_professionals],a0000000-0000-0000-0000-000000000001,active,20.00
bfdd9eda-c09f-468e-a2ba-adf8b9ce7626,Beauty Bar by Elina,Салон красоты на ул. Курчатова,beauty,270,3,7,"[""women""",students],a0000000-0000-0000-0000-000000000001,active,20.00
480bd96f-95d7-48bf-8e21-a9525a487389,Beauty Club Si,Салон красоты на ул. 40-летия Победы,beauty,241,5,12,"[""women""",office_workers],a0000000-0000-0000-0000-000000000001,active,20.00
80a44559-caca-4855-85a7-29db52d42907,Beauty Level,Салон красоты на ул. Фонвизина,beauty,680,7,20,"[""women""",young_professionals],a0000000-0000-0000-0000-000000000001,active,20.00
bc5ab4d0-d362-44ee-93e1-602fa0764140,Beauty Nails,Ногтевой салон на ул. Советская,beauty,492,3,7,"[""women""",students],a0000000-0000-0000-0000-000000000001,active,20.00
2220d64e-741a-4c46-9397-afc36ec7e9b9,BeautyQ Lab,Салон красоты на Парфёновской ул,beauty,648,5,12,"[""women""",mass],a0000000-0000-0000-0000-000000000001,active,20.00
752aad15-df73-4417-9f8e-954002e93522,Bella Strada,Магазин на Станционной ул,fashion,561,7,20,"[""women""",young_professionals],a0000000-0000-0000-0000-000000000001,active,20.00
778864ca-134a-4407-b398-93e85a4a72fc,Beribegi,Магазин в Трехпрудно пер,fashion,581,3,7,"[""mass""",students],a0000000-0000-0000-0000-000000000001,active,20.00
cfbf9a7e-6a95-4af1-a2de-e52e636bacdd,Best flowers,Цветочный магазин на ул. Островитянова,gifts,172,5,12,"[""families""",office_workers],a0000000-0000-0000-0000-000000000001,active,20.00
e8636df8-b982-4cec-96be-0ca3788aa165,Bestolova beauty lab,Салон красоты на пр-кт Георгиевский,beauty,347,7,20,"[""women""",young_professionals],a0000000-0000-0000-0000-000000000001,active,20.00
26be86bb-bd93-4fb8-943a-a91de4d3adde,Bigbi на Богатырском пр-те,Категория кэшбэка 'Bigbi на Богатырском пр-те'. Средняя ставка по данным dano.csv: 20.0%,20.00,434,3,7,,,,,
2dbe6830-6978-4594-b5ee-64060afdfb76,Body Care Studio на ул. Аркадия Гайдара,Категория кэшбэка 'Body Care Studio на ул. Аркадия Гайдара'. Средняя ставка по данным dano.csv: 20.0%,20.00,175,5,12,,,,,
4c0ab137-78ca-4301-b23e-9840f4b01b02,BodyChic Studio на ул. Мира,Категория кэшбэка 'BodyChic Studio на ул. Мира'. Средняя ставка по данным dano.csv: 20.0%,20.00,295,7,20,,,,,
b5427cdb-43cc-452a-a7f8-c48a2e329f10,BodyDream на ул. Михаила Сперанского,Категория кэшбэка 'BodyDream на ул. Михаила Сперанского'. Средняя ставка по данным dano.csv: 20.0%,20.00,207,3,7,,,,,
373ba97a-f50d-4b10-8497-fbd81627aed1,Bon Fleur на ул. Профсоюзная,Категория кэшбэка 'Bon Fleur на ул. Профсоюзная'. Средняя ставка по данным dano.csv: 20.0%,20.00,425,5,12,,,,,
217a473e-7258-4848-bcf5-521b5fddb115,Botanik в ТЦ Аквамолл,Категория кэшбэка 'Botanik в ТЦ Аквамолл'. Средняя ставка по данным dano.csv: 20.0%,20.00,236,7,20,,,,,
a9e62a91-3e85-4dbf-b61b-e67b5b0d74a8,Brcafe на ул. Карла Маркса,Категория кэшбэка 'Brcafe на ул. Карла Маркса'. Средняя ставка по данным dano.csv: 20.0%,20.00,453,3,7,,,,,
e0ec8496-5421-4a68-9a06-eb0339a3e61c,Brendka на ул. Кирова,Категория кэшбэка 'Brendka на ул. Кирова'. Средняя ставка по данным dano.csv: 20.0%,20.00,289,5,12,,,,,
12d64b97-eb92-41d4-8a2f-2b5bbe751d30,Bro coffee в ТЦ Квадро,Категория кэшбэка 'Bro coffee в ТЦ Квадро'. Средняя ставка по данным dano.csv: 20.0%,20.00,239,7,20,,,,,
c0fec8a6-3cf3-4ac6-9bc3-266708f0ae63,Bronoskins на Московском ш,Категория кэшбэка 'Bronoskins на Московском ш'. Средняя ставка по данным dano.csv: 20.0%,20.00,319,3,7,,,,,
1f1bf195-fdc7-409d-a18c-f6865f6632fa,BrowRoom,Категория кэшбэка 'BrowRoom'. Средняя ставка по данным dano.csv: 20.0%,20.00,224,5,12,,,,,
98d84f6e-3cc7-494e-ae90-bcc1016563d9,Buenohair на 13-й линии Васильевского острова,Категория кэшбэка 'Buenohair на 13-й линии Васильевского острова'. Средняя ставка по данным dano.csv: 20.0%,20.00,797,7,20,,,,,
b5b735b1-f712-4974-8a45-9d6a9d0646e0,Burger Murger  на ул. Гидротурбинная,Категория кэшбэка 'Burger Murger  на ул. Гидротурбинная'. Средняя ставка по данным dano.csv: 20.0%,20.00,770,3,7,,,,,
9697c9ee-44b1-44ac-b5b9-3a604e9d955a,Buton на Санкт-Петербургском пр-те,Категория кэшбэка 'Buton на Санкт-Петербургском пр-те'. Средняя ставка по данным dano.csv: 20.0%,20.00,362,5,12,,,,,
2bfe6dd0-07b4-4600-a476-0d9a7a7e5cde,Byrd's Nuts на Ленинском пр-те,Категория кэшбэка 'Byrd's Nuts на Ленинском пр-те'. Средняя ставка по данным dano.csv: 20.0%,20.00,197,7,20,,,,,
db6b27de-f8a7-4821-a7de-251d22b55e8c,CCA.PRINT на ул. Героя Чугунова,Категория кэшбэка 'CCA.PRINT на ул. Героя Чугунова'. Средняя ставка по данным dano.csv: 20.0%,20.00,304,3,7,,,,,
5fe0272d-eb10-482e-8987-62e3e4115900,COCOrina на ул. Ленина,Категория кэшбэка 'COCOrina на ул. Ленина'. Средняя ставка по данным dano.csv: 20.0%,20.00,171,5,12,,,,,
5144f609-52fa-4cdd-9fa4-1f0ab4aebc9d,Car-Leone на Чкаловском пр-те,Категория кэшбэка 'Car-Leone на Чкаловском пр-те'. Средняя ставка по данным dano.csv: 20.0%,20.00,668,7,20,,,,,
d768ec05-9152-482a-bf29-f9a8517debb6,CarMaster Volvo на Центральной ул,Категория кэшбэка 'CarMaster Volvo на Центральной ул'. Средняя ставка по данным dano.csv: 20.0%,20.00,131,3,7,,,,,
de403719-d8d6-4fed-a9e1-637f8ff29967,Carpet culture на Чкаловской ул,Категория кэшбэка 'Carpet culture на Чкаловской ул'. Средняя ставка по данным dano.csv: 20.0%,20.00,246,5,12,,,,,
00d05879-bd4a-4054-b81c-8f5ae681ffcc,ChankiNail Studio на Дальневосточной ул,Категория кэшбэка 'ChankiNail Studio на Дальневосточной ул'. Средняя ставка по данным dano.csv: 20.0%,20.00,142,7,20,,,,,
ccd56fa2-e4ca-404f-8e3e-87ee72670d0b,Cheese Photo,Категория кэшбэка 'Cheese Photo'. Средняя ставка по данным dano.csv: 20.0%,20.00,413,3,7,,,,,
673fdd13-f3d1-434a-b9af-cd71225a457e,Chernika nails на пр-те Победы,Категория кэшбэка 'Chernika nails на пр-те Победы'. Средняя ставка по данным dano.csv: 20.0%,20.00,679,5,12,,,,,
7117fc3c-f6ca-4e27-ad4c-4a8246dcf32a,Chernika nails на ул. Большая Подгорная,Категория кэшбэка 'Chernika nails на ул. Большая Подгорная'. Средняя ставка по данным dano.csv: 20.0%,20.00,630,7,20,,,,,
b6d55f4e-b130-4825-b5b7-e3130d0e610f,ChowChow на ул. Забелина,Категория кэшбэка 'ChowChow на ул. Забелина'. Средняя ставка по данным dano.csv: 20.0%,20.00,309,3,7,,,,,
b7812b56-cd22-486f-bf7d-ee926b1ff618,Cinema Horror Hall в ТЦ Новый,Категория кэшбэка 'Cinema Horror Hall в ТЦ Новый'. Средняя ставка по данным dano.csv: 20.0%,20.00,194,5,12,,,,,
7c96331c-2c80-43a9-923a-c179718b0095,Citron Car Wash на Можайском ш,Категория кэшбэка 'Citron Car Wash на Можайском ш'. Средняя ставка по данным dano.csv: 20.0%,20.00,363,7,20,,,,,
12f407be-3bb9-4832-8032-903ffe87305a,City Lazer на пл. Петра Великого,Категория кэшбэка 'City Lazer на пл. Петра Великого'. Средняя ставка по данным dano.csv: 20.0%,20.00,432,3,7,,,,,
e938be48-f27d-4cf8-8537-97bb3f7c08b2,Clean Clinic в Береговом пр-де,Категория кэшбэка 'Clean Clinic в Береговом пр-де'. Средняя ставка по данным dano.csv: 20.0%,20.00,693,5,12,,,,,
0ccc5b7b-8263-4084-be26-06141e42a0ed,Cloud Loft на ул. Романа Брянского,Категория кэшбэка 'Cloud Loft на ул. Романа Брянского'. Средняя ставка по данным dano.csv: 20.0%,20.00,321,7,20,,,,,
7750a738-fb9a-4157-90ae-8716e4b9a73e,CoFit на пр-те Шаумяна,Категория кэшбэка 'CoFit на пр-те Шаумяна'. Средняя ставка по данным dano.csv: 20.0%,20.00,433,3,7,,,,,
9a0fb3f9-d3ce-4ab2-8ca8-b092ac155381,Coffee Craft на 104-км,Категория кэшбэка 'Coffee Craft на 104-км'. Средняя ставка по данным dano.csv: 20.0%,20.00,506,5,12,,,,,
8396141a-e8e7-42db-b336-26a9aae4aa8e,Coffee L на ул. Шевченко,Категория кэшбэка 'Coffee L на ул. Шевченко'. Средняя ставка по данным dano.csv: 20.0%,20.00,776,7,20,,,,,
111e4147-2700-471e-ab68-f2fe20af3b3b,Coffee Like в ТЦ САНиМарт,Категория кэшбэка 'Coffee Like в ТЦ САНиМарт'. Средняя ставка по данным dano.csv: 20.0%,20.00,156,3,7,,,,,
a75b2558-fef8-4bca-bc8e-8f0442668563,Coffee Mani на пр-те Строителей,Категория кэшбэка 'Coffee Mani на пр-те Строителей'. Средняя ставка по данным dano.csv: 20.0%,20.00,170,5,12,,,,,
553d1aa5-0c3f-497f-a5ec-5bd2eb06d75d,Coffee Season на ул. Энтузиастов,Категория кэшбэка 'Coffee Season на ул. Энтузиастов'. Средняя ставка по данным dano.csv: 20.0%,20.00,490,7,20,,,,,
11cb7d3f-f1c6-423e-82e6-50fe84eb8fbf,Coffee&monkey на ул. Труда,Категория кэшбэка 'Coffee&monkey на ул. Труда'. Средняя ставка по данным dano.csv: 20.0%,20.00,144,3,7,,,,,
cf1a02b9-ba8b-448e-a66c-384140c59126,Coffeeriders на Ярославском пр-кте,Категория кэшбэка 'Coffeeriders на Ярославском пр-кте'. Средняя ставка по данным dano.csv: 20.0%,20.00,458,5,12,,,,,
4f1bfab9-eb17-4365-826a-cb83c5ced874,CoffТочка на ул. Командорская,Категория кэшбэка 'CoffТочка на ул. Командорская'. Средняя ставка по данным dano.csv: 20.0%,20.00,799,7,20,,,,,
98d2d479-5b98-4e9f-95f1-1af5b4feeda7,Colizeum на ул. Малое Понизовье,Категория кэшбэка 'Colizeum на ул. Малое Понизовье'. Средняя ставка по данным dano.csv: 20.0%,20.00,445,3,7,,,,,
7144901f-1085-4ccd-b3e3-3c26e719d647,Cook&Run на ул. Монтажников,Категория кэшбэка 'Cook&Run на ул. Монтажников'. Средняя ставка по данным dano.csv: 20.0%,20.00,268,5,12,,,,,
c14974cb-e8f6-4916-b28a-c3f87052d6b5,Cozy Studio на ул. Академика Колмогорова,Категория кэшбэка 'Cozy Studio на ул. Академика Колмогорова'. Средняя ставка по данным dano.csv: 20.0%,20.00,360,7,20,,,,,
7414511f-0d2f-4c48-ad41-5027f63b6bef,Cozy studio на Большой Октябрьской ул,Категория кэшбэка 'Cozy studio на Большой Октябрьской ул'. Средняя ставка по данным dano.csv: 20.0%,20.00,704,3,7,,,,,
cebbf037-1977-4232-9045-27b997885b3b,Cozy studio на Лежневской ул,Категория кэшбэка 'Cozy studio на Лежневской ул'. Средняя ставка по данным dano.csv: 20.0%,20.00,321,5,12,,,,,
15756b19-36f9-466f-ba47-331d26a90483,Crocus на ул Академика Королёва,Категория кэшбэка 'Crocus на ул Академика Королёва'. Средняя ставка по данным dano.csv: 20.0%,20.00,604,7,20,,,,,
c2948a76-e811-4e7c-8bce-6dd0e2e0749b,Crunch Cookies на Лиговском пр-те,Категория кэшбэка 'Crunch Cookies на Лиговском пр-те'. Средняя ставка по данным dano.csv: 20.0%,20.00,637,3,7,,,,,
0c2cbd8f-e724-4b7f-b7d8-7272ccbabf6f,Cut and Color на Новодмитровской ул,Категория кэшбэка 'Cut and Color на Новодмитровской ул'. Средняя ставка по данным dano.csv: 20.0%,20.00,292,5,12,,,,,
c762e51e-19ba-4859-bb08-02504c44d642,Cvetimi на пр-те Тракторостроителей,Категория кэшбэка 'Cvetimi на пр-те Тракторостроителей'. Средняя ставка по данным dano.csv: 20.0%,20.00,277,7,20,,,,,
bddecfc4-b88e-4e20-9b98-3d1d18ea1548,DNS,Категория кэшбэка 'DNS'. Средняя ставка по данным dano.csv: 5.0%,5.00,4,3,7,,,,,
090432e5-1423-445a-a95f-5c7f0240a59c,DP Shop на пр-те Победы,Категория кэшбэка 'DP Shop на пр-те Победы'. Средняя ставка по данным dano.csv: 20.0%,20.00,714,5,12,,,,,
de79a8cc-2381-4106-842d-531adaf90d00,Daily beauty на Красноармейской ул,Категория кэшбэка 'Daily beauty на Красноармейской ул'. Средняя ставка по данным dano.csv: 20.0%,20.00,561,7,20,,,,,
2486b25f-8d5d-4009-aa26-ad71757f4345,DanRan на Океанском пр-те,Категория кэшбэка 'DanRan на Океанском пр-те'. Средняя ставка по данным dano.csv: 20.0%,20.00,495,3,7,,,,,
d400f77d-41a7-49a4-90c8-41ae0728f5f6,Dari на ул. Летчика Колесниченко,Категория кэшбэка 'Dari на ул. Летчика Колесниченко'. Средняя ставка по данным dano.csv: 20.0%,20.00,499,5,12,,,,,
19d847bb-77b9-45fa-9d6b-93fb98e4cb20,Deko Flor на ул. Академика Сахарова,Категория кэшбэка 'Deko Flor на ул. Академика Сахарова'. Средняя ставка по данным dano.csv: 20.0%,20.00,347,7,20,,,,,
2731a6ec-fdf3-4cea-9921-e7f226c984da,DeviceDoctor на ул. Борисовские Пруды,Категория кэшбэка 'DeviceDoctor на ул. Борисовские Пруды'. Средняя ставка по данным dano.csv: 20.0%,20.00,376,3,7,,,,,
4c20bae1-56c3-4e9c-841f-20e949aeadd6,Divan.ru в ТЦ Коsмос,Категория кэшбэка 'Divan.ru в ТЦ Коsмос'. Средняя ставка по данным dano.csv: 20.0%,20.00,127,5,12,,,,,
7822e14d-7d7f-4a34-a30a-dcc199b0e129,Divan.ru в ТЦ Лето,Категория кэшбэка 'Divan.ru в ТЦ Лето'. Средняя ставка по данным dano.csv: 20.0%,20.00,750,7,20,,,,,
5fa0b3af-985c-4556-b546-0da32cb40714,Divan.ru в ТЦ Муссон,Категория кэшбэка 'Divan.ru в ТЦ Муссон'. Средняя ставка по данным dano.csv: 20.0%,20.00,701,3,7,,,,,
ee5925d3-3f0f-4e1a-8582-775b8fab335c,Divan.ru на Анапском ш,Категория кэшбэка 'Divan.ru на Анапском ш'. Средняя ставка по данным dano.csv: 20.0%,20.00,586,5,12,,,,,
965bf852-f7c5-46c3-b48e-063225c030b6,Divan.ru на Оборонной ул,Категория кэшбэка 'Divan.ru на Оборонной ул'. Средняя ставка по данным dano.csv: 20.0%,20.00,558,7,20,,,,,
7c962e8e-e914-4e5e-b1b1-fcd7e2144731,Divan.ru на Октябрьской ул,Категория кэшбэка 'Divan.ru на Октябрьской ул'. Средняя ставка по данным dano.csv: 20.0%,20.00,182,3,7,,,,,
84c704be-d7e0-4ba5-a046-74ed7fd9e987,Divan.ru на ул. Ермолова,Категория кэшбэка 'Divan.ru на ул. Ермолова'. Средняя ставка по данным dano.csv: 20.0%,20.00,595,5,12,,,,,
65e43da5-ca44-48dd-882f-3c40351208a5,Dm Cafe на пр-те Ленина,Категория кэшбэка 'Dm Cafe на пр-те Ленина'. Средняя ставка по данным dano.csv: 20.0%,20.00,514,7,20,,,,,
156ac0a7-c67a-47e7-a086-8416caca546e,Do.bro coffee на Лесной ул,Категория кэшбэка 'Do.bro coffee на Лесной ул'. Средняя ставка по данным dano.csv: 20.0%,20.00,777,3,7,,,,,
c0364173-8621-47ce-8489-e12c431720c9,Doнер wok на ул. Курчатова,Категория кэшбэка 'Doнер wok на ул. Курчатова'. Средняя ставка по данным dano.csv: 20.0%,20.00,464,5,12,,,,,
71805285-1844-42bb-8bb4-9cb0cc5e649a,Dpsp studio на Чистопольской ул,Категория кэшбэка 'Dpsp studio на Чистопольской ул'. Средняя ставка по данным dano.csv: 20.0%,20.00,444,7,20,,,,,
9659cb7b-58fc-43e4-b1b6-5ce93eedf779,Dr.Laser на Байкальской ул,Категория кэшбэка 'Dr.Laser на Байкальской ул'. Средняя ставка по данным dano.csv: 20.0%,20.00,709,3,7,,,,,
496ec1e9-c1dd-47da-b1fb-e1458f874d68,Duck Barbershop на ул.Одоевского,Категория кэшбэка 'Duck Barbershop на ул.Одоевского'. Средняя ставка по данным dano.csv: 20.0%,20.00,450,5,12,,,,,
6024e2b1-365d-4abb-a3e3-1b5316c55e2c,Duty Free Flower в Липовском пр-де,Категория кэшбэка 'Duty Free Flower в Липовском пр-де'. Средняя ставка по данным dano.csv: 20.0%,20.00,279,7,20,,,,,
355d974c-48cc-4c3c-9e30-03753d048b75,EUROSPAR,Категория кэшбэка 'EUROSPAR'. Средняя ставка по данным dano.csv: 10.0%,10.00,2,3,7,,,,,
98c9bb36-4d36-4741-bad8-7921eb8a8635,Easy slip на Кольском пр-те,Категория кэшбэка 'Easy slip на Кольском пр-те'. Средняя ставка по данным dano.csv: 20.0%,20.00,391,5,12,,,,,
2ff4ea16-5815-4c23-be60-fee9c808744d,Eco Gas Auto на ул. Республики,Категория кэшбэка 'Eco Gas Auto на ул. Республики'. Средняя ставка по данным dano.csv: 20.0%,20.00,435,7,20,,,,,
2b0fb153-fbc9-43fa-8712-0c086f02f3d6,El Beauty Clinic пр. Электролитный,Категория кэшбэка 'El Beauty Clinic пр. Электролитный'. Средняя ставка по данным dano.csv: 20.0%,20.00,595,3,7,,,,,
55e33de7-3a11-4cec-9dfa-fe39ba11f1a2,Elfarea Flowers на ул. Международная,Категория кэшбэка 'Elfarea Flowers на ул. Международная'. Средняя ставка по данным dano.csv: 20.0%,20.00,662,5,12,,,,,
6e83bdcf-d920-4518-9e59-3abb484ed945,Else flowers на пр. Васильевского острова,Категория кэшбэка 'Else flowers на пр. Васильевского острова'. Средняя ставка по данным dano.csv: 20.0%,20.00,181,7,20,,,,,
c89f3971-ed5f-4e6f-a4bf-8e1794f182b4,Elysium Spa на ул. Мусоргского,Категория кэшбэка 'Elysium Spa на ул. Мусоргского'. Средняя ставка по данным dano.csv: 20.0%,20.00,208,3,7,,,,,
98420397-9ead-4b86-af9e-6bd3f6d1e28d,Embody в ТЦ KazanMall,Категория кэшбэка 'Embody в ТЦ KazanMall'. Средняя ставка по данным dano.csv: 20.0%,20.00,246,5,12,,,,,
eeb79b86-a9da-4f64-b74e-7c6ab9fd27e4,Embody в ТЦ Афимолл,Категория кэшбэка 'Embody в ТЦ Афимолл'. Средняя ставка по данным dano.csv: 20.0%,20.00,149,7,20,,,,,
b6088f04-dc8a-4b6f-9b2f-b71061a9b736,Epic Pizza на ул. Лукинская,Категория кэшбэка 'Epic Pizza на ул. Лукинская'. Средняя ставка по данным dano.csv: 20.0%,20.00,689,3,7,,,,,
c8148bbc-d244-411c-9223-81dcda8c69e3,Epil Studio на Дальневосточном пр-те,Категория кэшбэка 'Epil Studio на Дальневосточном пр-те'. Средняя ставка по данным dano.csv: 20.0%,20.00,532,5,12,,,,,
e40db76f-4062-4d6a-b8b8-9655ae16fcc1,Escobarberна Ленинградской ул,Категория кэшбэка 'Escobarberна Ленинградской ул'. Средняя ставка по данным dano.csv: 20.0%,20.00,153,7,20,,,,,
4014cc25-39e2-4f45-886a-0f6c6530b7b1,Estetica Tattoo на Симферопольском б-ре,Категория кэшбэка 'Estetica Tattoo на Симферопольском б-ре'. Средняя ставка по данным dano.csv: 20.0%,20.00,324,3,7,,,,,
d7c7cd26-f134-4579-b9fe-f306371c9bca,Etlon coffee на б-ре Десантника Вадима Чугунова,Категория кэшбэка 'Etlon coffee на б-ре Десантника Вадима Чугунова'. Средняя ставка по данным dano.csv: 20.0%,20.00,287,5,12,,,,,
978aec3e-9268-463b-af57-171e6ce98388,Etlon coffee на ул. Маршала Казакова,Категория кэшбэка 'Etlon coffee на ул. Маршала Казакова'. Средняя ставка по данным dano.csv: 20.0%,20.00,424,7,20,,,,,
c2123886-ab13-4317-bf37-1040f38f1ca8,Etlon coffee на ул. Современников,Категория кэшбэка 'Etlon coffee на ул. Современников'. Средняя ставка по данным dano.csv: 20.0%,20.00,245,3,7,,,,,
5216b616-540f-4dcb-b113-728996a9d775,Euforia Spa на ул. Краеведа Соловьёва,Категория кэшбэка 'Euforia Spa на ул. Краеведа Соловьёва'. Средняя ставка по данным dano.csv: 20.0%,20.00,767,5,12,,,,,
4c04615d-8175-44b9-84f5-df5125111902,Euro Service на Тувинской ул,Категория кэшбэка 'Euro Service на Тувинской ул'. Средняя ставка по данным dano.csv: 20.0%,20.00,589,7,20,,,,,
a7c261f1-968d-49ed-ad70-0b279c114138,Eva-Art на Карболитовской ул,Категория кэшбэка 'Eva-Art на Карболитовской ул'. Средняя ставка по данным dano.csv: 20.0%,20.00,278,3,7,,,,,
f7146874-3815-4c7c-a9fd-99bcb3ee137f,Evolution на Митинской,Категория кэшбэка 'Evolution на Митинской'. Средняя ставка по данным dano.csv: 20.0%,20.00,411,5,12,,,,,
83fad061-1359-4642-8964-4858300e00d4,Fabrika flowers на Пушкинской ул,Категория кэшбэка 'Fabrika flowers на Пушкинской ул'. Средняя ставка по данным dano.csv: 20.0%,20.00,363,7,20,,,,,
940261b6-de7e-4fb7-abef-6d4e7ac00140,Fandeco,Категория кэшбэка 'Fandeco'. Средняя ставка по данным dano.csv: 14.0%,14.00,585,3,7,,,,,
40bbd5f8-c9be-41c1-a31b-207de2140298,Fashion KIDS на ул. Мусы Джалиля,Категория кэшбэка 'Fashion KIDS на ул. Мусы Джалиля'. Средняя ставка по данным dano.csv: 20.0%,20.00,351,5,12,,,,,
4f8ec083-500c-435e-99eb-00d79e1f3df1,FatBoy на ул. Лукашина,Категория кэшбэка 'FatBoy на ул. Лукашина'. Средняя ставка по данным dano.csv: 20.0%,20.00,640,7,20,,,,,
b3c2dcfa-d3f4-46f4-93e4-c036534ff7b3,Femianni Studio на ул. Первомайская,Категория кэшбэка 'Femianni Studio на ул. Первомайская'. Средняя ставка по данным dano.csv: 20.0%,20.00,269,3,7,,,,,
e0a27e21-eb13-40a6-a4cf-95d551e1b52c,Finn Flare в Шопинге,Категория кэшбэка 'Finn Flare в Шопинге'. Средняя ставка по данным dano.csv: 19.0%,19.00,436,5,12,,,,,
a99f0f74-b2e5-46ca-856f-ed5b9f66ccc0,Fluffy coffee на ул. Станиславского,Категория кэшбэка 'Fluffy coffee на ул. Станиславского'. Средняя ставка по данным dano.csv: 20.0%,20.00,707,7,20,,,,,
a1ee0967-dd9f-4ee7-9a22-a3b4bf7cd0fe,Fmart by flowwow в 3-м Автозаводском пр-де,Категория кэшбэка 'Fmart by flowwow в 3-м Автозаводском пр-де'. Средняя ставка по данным dano.csv: 20.0%,20.00,300,3,7,,,,,
52c053ab-b4c3-4e88-82e2-384e70323b6b,GDdent на Малой Митрофаньевской ул,Категория кэшбэка 'GDdent на Малой Митрофаньевской ул'. Средняя ставка по данным dano.csv: 20.0%,20.00,404,5,12,,,,,
2885bf67-1f8d-41ae-b4f1-4a4fd7e037f0,Garage-Glass на Почтовой ул,Категория кэшбэка 'Garage-Glass на Почтовой ул'. Средняя ставка по данным dano.csv: 20.0%,20.00,638,7,20,,,,,
cca27493-25d1-43d0-a7a6-118f19b8a9a9,Garnet Clinic на Открытом ш,Категория кэшбэка 'Garnet Clinic на Открытом ш'. Средняя ставка по данным dano.csv: 20.0%,20.00,552,3,7,,,,,
c195c2cf-3386-417d-a7a0-7165f59852c4,Gear Craft на пр-те Октябрьский,Категория кэшбэка 'Gear Craft на пр-те Октябрьский'. Средняя ставка по данным dano.csv: 20.0%,20.00,310,5,12,,,,,
bcd82032-dfa1-463e-9786-6570ab4b58cb,Glad Bistro на Караванной ул,Категория кэшбэка 'Glad Bistro на Караванной ул'. Средняя ставка по данным dano.csv: 20.0%,20.00,146,7,20,,,,,
0bc65516-8dc0-4513-9030-6b0014c61271,Go to Go на пр-те Королёва,Категория кэшбэка 'Go to Go на пр-те Королёва'. Средняя ставка по данным dano.csv: 20.0%,20.00,602,3,7,,,,,
3a1087d0-23a6-4b43-9dfb-966e332ab5a9,GoGo Coffee на ул. Кирова,Категория кэшбэка 'GoGo Coffee на ул. Кирова'. Средняя ставка по данным dano.csv: 20.0%,20.00,470,5,12,,,,,
6b258254-ec1b-47ee-aa2d-ea31677b9ab3,GreenWheels на ул. Пионеров,Категория кэшбэка 'GreenWheels на ул. Пионеров'. Средняя ставка по данным dano.csv: 20.0%,20.00,433,7,20,,,,,
0a51f261-251b-4b71-adf4-dfbbd9a05c5d,Groomерская на ул. Берзарина,Категория кэшбэка 'Groomерская на ул. Берзарина'. Средняя ставка по данным dano.csv: 20.0%,20.00,502,3,7,,,,,
08f58d66-8cb6-4ac5-a5db-1a73d0b0109b,Groomерская на ул. Княжнина,Категория кэшбэка 'Groomерская на ул. Княжнина'. Средняя ставка по данным dano.csv: 20.0%,20.00,160,5,12,,,,,
75e95ff2-e7b4-41be-bfcd-70c3fd26d4a5,Groomерская на ул. Михайлова,Категория кэшбэка 'Groomерская на ул. Михайлова'. Средняя ставка по данным dano.csv: 20.0%,20.00,764,7,20,,,,,
7e44e6d6-4a8c-4879-8f48-2b835a8a030a,Guess в ТЦ Седьмое небо,Категория кэшбэка 'Guess в ТЦ Седьмое небо'. Средняя ставка по данным dano.csv: 20.0%,20.00,406,3,7,,,,,
a70de452-288d-4bf3-a957-89a4c0c0d064,Habarova Laser на ул. Мельникайте,Категория кэшбэка 'Habarova Laser на ул. Мельникайте'. Средняя ставка по данным dano.csv: 20.0%,20.00,270,5,12,,,,,
e5f6fbae-7e8f-49f9-91ff-556f728b6704,Hair room на Ленинградской ул,Категория кэшбэка 'Hair room на Ленинградской ул'. Средняя ставка по данным dano.csv: 20.0%,20.00,580,7,20,,,,,
7e278b29-cd76-47be-8443-9fba4ad488d1,Haishen-wai на ул. Гамарника,Категория кэшбэка 'Haishen-wai на ул. Гамарника'. Средняя ставка по данным dano.csv: 20.0%,20.00,253,3,7,,,,,
bfb5c0af-7221-4cbc-ae1c-450ab7f7a4c6,Happy Nails на ул. им. Героя Яцкова И.В,Категория кэшбэка 'Happy Nails на ул. им. Героя Яцкова И.В'. Средняя ставка по данным dano.csv: 20.0%,20.00,546,5,12,,,,,
cec7c8e2-ccf0-424f-9763-7a02e3af0046,Hoff в Шопинге,Категория кэшбэка 'Hoff в Шопинге'. Средняя ставка по данным dano.csv: 18.7%,18.69,516,7,20,,,,,
d5bd9d70-5ae0-44e7-9bd8-57c322995be8,"Home Моти на 
ул. Бориса Богаткова","Категория кэшбэка 'Home Моти на 
ул. Бориса Богаткова'. Средняя ставка по данным dano.csv: 20.0%",20.00,157,3,7,,,,,
6400074e-5cf3-405c-bda8-8dc8359a50ba,Home&Studio на Парковой ул,Категория кэшбэка 'Home&Studio на Парковой ул'. Средняя ставка по данным dano.csv: 20.0%,20.00,518,5,12,,,,,
50fb585a-8f2b-4ee3-95ae-738ca54668e5,Ice Cube beauty на Небесном б-ре,Категория кэшбэка 'Ice Cube beauty на Небесном б-ре'. Средняя ставка по данным dano.csv: 20.0%,20.00,657,7,20,,,,,
07a62ce1-9dc2-407d-8e81-65da09612189,Icon на Казанской ул,Категория кэшбэка 'Icon на Казанской ул'. Средняя ставка по данным dano.csv: 20.0%,20.00,667,3,7,,,,,
a834576d-54c1-4eed-a004-2e72b7210d52,Id Beauty на Солнечной ул,Категория кэшбэка 'Id Beauty на Солнечной ул'. Средняя ставка по данным dano.csv: 20.0%,20.00,756,5,12,,,,,
a76c89a0-1b92-4ff5-ab6f-fe064551f43f,Ideal parfum в ТЦ Курчатов,Категория кэшбэка 'Ideal parfum в ТЦ Курчатов'. Средняя ставка по данным dano.csv: 20.0%,20.00,689,7,20,,,,,
f5b339eb-2261-4a65-89db-1471b400f54a,Idol Face на Прасковеевской ул,Категория кэшбэка 'Idol Face на Прасковеевской ул'. Средняя ставка по данным dano.csv: 20.0%,20.00,163,3,7,,,,,
28a89383-42e2-4011-8bc9-b8e2f3264861,Idol Face на ул. Дзержинского,Категория кэшбэка 'Idol Face на ул. Дзержинского'. Средняя ставка по данным dano.csv: 20.0%,20.00,331,5,12,,,,,
6344323f-b1a3-4a52-aff8-596398d170e3,Imetria на ул. Саляма Адиля,Категория кэшбэка 'Imetria на ул. Саляма Адиля'. Средняя ставка по данным dano.csv: 20.0%,20.00,714,7,20,,,,,
7d3e8ea3-3fe6-4031-bc7e-e0b1380adebe,InColorTech на ул. Героя России Тинькова,Категория кэшбэка 'InColorTech на ул. Героя России Тинькова'. Средняя ставка по данным dano.csv: 20.0%,20.00,786,3,7,,,,,
274c2d4a-61d8-4206-9c48-d3bf100776fb,Indigo School,Категория кэшбэка 'Indigo School'. Средняя ставка по данным dano.csv: 20.0%,20.00,684,5,12,,,,,
7bccaa1c-f6bc-4b6a-898a-16d2528ba264,Inspiration coffee на Парфёновской ул,Категория кэшбэка 'Inspiration coffee на Парфёновской ул'. Средняя ставка по данным dano.csv: 20.0%,20.00,141,7,20,,,,,
a7b30369-5950-44f7-8eee-bd18b83b3403,Intimissimi,Категория кэшбэка 'Intimissimi'. Средняя ставка по данным dano.csv: 5.0%,5.00,474,3,7,,,,,
0965665b-fd49-45be-9128-1a3106a92cb7,Ipati Shop на Океанском пр-те,Категория кэшбэка 'Ipati Shop на Океанском пр-те'. Средняя ставка по данным dano.csv: 20.0%,20.00,494,5,12,,,,,
7d9813e9-2856-4dd6-825b-e12dd669b78c,Iremontmobile. pro на Новослободской ул,Категория кэшбэка 'Iremontmobile. pro на Новослободской ул'. Средняя ставка по данным dano.csv: 20.0%,20.00,374,7,20,,,,,
530b4ce8-0cd1-4003-bd10-8b76995d3c69,Jet Coffee&Car Care на ул. Фрунзе,Категория кэшбэка 'Jet Coffee&Car Care на ул. Фрунзе'. Средняя ставка по данным dano.csv: 20.0%,20.00,755,3,7,,,,,
39d89b28-dee3-4ed9-bb07-cdbd7805a194,Jlm на Лиговском пр-те,Категория кэшбэка 'Jlm на Лиговском пр-те'. Средняя ставка по данным dano.csv: 20.0%,20.00,117,5,12,,,,,
3e425054-c3dc-478e-989c-b9ee568a7454,Joja coffee на Народной ул,Категория кэшбэка 'Joja coffee на Народной ул'. Средняя ставка по данным dano.csv: 20.0%,20.00,363,7,20,,,,,
148c9108-cf68-4401-a723-1012da1c8dec,JoyFox на ул. Васи Алексеева,Категория кэшбэка 'JoyFox на ул. Васи Алексеева'. Средняя ставка по данным dano.csv: 20.0%,20.00,257,3,7,,,,,
24279408-9801-4114-910c-8dfd212a2625,KaDi Beauty на ул. Генерала Чоглокова,Категория кэшбэка 'KaDi Beauty на ул. Генерала Чоглокова'. Средняя ставка по данным dano.csv: 20.0%,20.00,102,5,12,,,,,
340569d4-dfb3-446d-8d83-71297f968fc1,Kari,Категория кэшбэка 'Kari'. Средняя ставка по данным dano.csv: 10.0%,10.00,576,7,20,,,,,
8fcf125e-717e-4183-b320-1e19504e8a8f,Keratin Studio Elena Tishkovets на пр-те Ленина,Категория кэшбэка 'Keratin Studio Elena Tishkovets на пр-те Ленина'. Средняя ставка по данным dano.csv: 20.0%,20.00,499,3,7,,,,,
d0a87f2a-bbc7-4647-ab72-a27e6899a16c,King Glass на Советской ул,Категория кэшбэка 'King Glass на Советской ул'. Средняя ставка по данным dano.csv: 20.0%,20.00,422,5,12,,,,,
8c8b4a3b-2811-49de-8997-f31c5a48519f,Krowatix на ул. Одоевского,Категория кэшбэка 'Krowatix на ул. Одоевского'. Средняя ставка по данным dano.csv: 20.0%,20.00,792,7,20,,,,,
da4ac5fa-395f-4714-8548-cb469d2095b8,Kuppersberg в Шопинге,Категория кэшбэка 'Kuppersberg в Шопинге'. Средняя ставка по данным dano.csv: 15.0%,15.00,305,3,7,,,,,
68e7df48-8fc7-4a17-9920-3295269e8633,LIME,Категория кэшбэка 'LIME'. Средняя ставка по данным dano.csv: 5.0%,5.00,769,5,12,,,,,
99cc6875-0175-4ea3-9f53-c82ddbb68406,LUPINS на ул. Нагатинская,Категория кэшбэка 'LUPINS на ул. Нагатинская'. Средняя ставка по данным dano.csv: 20.0%,20.00,585,7,20,,,,,
e9f2527e-e489-48aa-b124-662c0c360297,La pizza bomba на Советской ул,Категория кэшбэка 'La pizza bomba на Советской ул'. Средняя ставка по данным dano.csv: 20.0%,20.00,381,3,7,,,,,
84ad358b-acc0-4970-acfc-77833d4d8bae,Lady&Gentleman на ул. Зелинского,Категория кэшбэка 'Lady&Gentleman на ул. Зелинского'. Средняя ставка по данным dano.csv: 20.0%,20.00,513,5,12,,,,,
738df347-d0b4-4fe6-942d-64eab72a5fc1,Lamoda,Категория кэшбэка 'Lamoda'. Средняя ставка по данным dano.csv: 5.0%,5.00,634,7,20,,,,,
b2d4d6e3-a364-403e-b898-eda8d366ed1e,Lamoda в Шопинге,Категория кэшбэка 'Lamoda в Шопинге'. Средняя ставка по данным dano.csv: 18.5%,18.52,1,3,7,,,,,
a8815de4-5b97-4d8f-990b-9af7e282547e,Lamyai Thai Spa на Новомытищинском пр-те,Категория кэшбэка 'Lamyai Thai Spa на Новомытищинском пр-те'. Средняя ставка по данным dano.csv: 20.0%,20.00,769,5,12,,,,,
fdc69fcf-8cb9-46fe-882a-5861f2e84b87,Las Cake на ул. Ленина,Категория кэшбэка 'Las Cake на ул. Ленина'. Средняя ставка по данным dano.csv: 20.0%,20.00,225,7,20,,,,,
3334c564-58a1-4361-8d24-2f0c9a27e779,Laser Love на Солнечной ул,Категория кэшбэка 'Laser Love на Солнечной ул'. Средняя ставка по данным dano.csv: 20.0%,20.00,658,3,7,,,,,
ab1ac0bb-b145-4ea3-b633-9bb1f2aa45b1,Laser Love на ул. Вавилова,Категория кэшбэка 'Laser Love на ул. Вавилова'. Средняя ставка по данным dano.csv: 20.0%,20.00,779,5,12,,,,,
08338341-8c28-4dfc-a9ee-1895d757697b,Laser love на ул. Владимира Заровного,Категория кэшбэка 'Laser love на ул. Владимира Заровного'. Средняя ставка по данным dano.csv: 20.0%,20.00,661,7,20,,,,,
29852804-2945-4a7f-92da-3e0478d59c79,Laser studio на Никитской ул,Категория кэшбэка 'Laser studio на Никитской ул'. Средняя ставка по данным dano.csv: 20.0%,20.00,287,3,7,,,,,
7039cb83-a521-4613-843d-2cde5c98043e,LbSalon на Братиславской ул,Категория кэшбэка 'LbSalon на Братиславской ул'. Средняя ставка по данным dano.csv: 20.0%,20.00,796,5,12,,,,,
6bbcb332-9c30-4e4c-8c82-85fa505871f0,Lines Bistro на 26-й линии Васильевского острова,Категория кэшбэка 'Lines Bistro на 26-й линии Васильевского острова'. Средняя ставка по данным dano.csv: 20.0%,20.00,197,7,20,,,,,
2e860c97-adb6-49cd-aad2-733af970e1ff,Loft nail studio на ул. Н. Семенова,Категория кэшбэка 'Loft nail studio на ул. Н. Семенова'. Средняя ставка по данным dano.csv: 20.0%,20.00,184,3,7,,,,,
2e924e68-6d5d-48ec-81c6-36dfcec2d7b9,Loftflowers на ул. Тенишевой,Категория кэшбэка 'Loftflowers на ул. Тенишевой'. Средняя ставка по данным dano.csv: 20.0%,20.00,317,5,12,,,,,
3861a5a0-4f04-4424-90e4-0ea0b13d38c8,Lpg Plastic на ул. 8 Марта,Категория кэшбэка 'Lpg Plastic на ул. 8 Марта'. Средняя ставка по данным dano.csv: 20.0%,20.00,161,7,20,,,,,
933729f3-c46f-4801-9b7b-c7ca1fa082cf,Ltakos на ул. Ленина,Категория кэшбэка 'Ltakos на ул. Ленина'. Средняя ставка по данным dano.csv: 20.0%,20.00,442,3,7,,,,,
08c970e2-79ee-48f9-b502-c3058ec577e8,MAAG,Категория кэшбэка 'MAAG'. Средняя ставка по данным dano.csv: 5.0%,5.00,162,5,12,,,,,
4900b751-6c60-4383-861e-4faa7f8626e5,Magic Flowerstudio на ул. Братьев Кашириных,Категория кэшбэка 'Magic Flowerstudio на ул. Братьев Кашириных'. Средняя ставка по данным dano.csv: 20.0%,20.00,750,7,20,,,,,
17000914-9ef4-4f9d-910c-dbde8b5df0cb,Malve в пер.Бродников,Категория кэшбэка 'Malve в пер.Бродников'. Средняя ставка по данным dano.csv: 20.0%,20.00,145,3,7,,,,,
798e3176-0a47-41bd-8bc0-0604b7b7b4e8,Manic Break в БЦ Сфера,Категория кэшбэка 'Manic Break в БЦ Сфера'. Средняя ставка по данным dano.csv: 20.0%,20.00,739,5,12,,,,,
63613321-0b47-4a45-8b38-ff1703fee916,Marka в ТЦ Щука,Категория кэшбэка 'Marka в ТЦ Щука'. Средняя ставка по данным dano.csv: 20.0%,20.00,786,7,20,,,,,
8b4ad362-8724-4be0-a66e-5247f5413a21,Marka на ш. Хорошевское,Категория кэшбэка 'Marka на ш. Хорошевское'. Средняя ставка по данным dano.csv: 20.0%,20.00,183,3,7,,,,,
0916c567-0c00-4883-bb6a-08bcb968c219,Markershop на пр-те Ленина,Категория кэшбэка 'Markershop на пр-те Ленина'. Средняя ставка по данным dano.csv: 20.0%,20.00,680,5,12,,,,,
7403cf93-0681-4079-9fa5-caa82f8d9917,Mary Cake на Губденской ул,Категория кэшбэка 'Mary Cake на Губденской ул'. Средняя ставка по данным dano.csv: 20.0%,20.00,336,7,20,,,,,
fb02c003-c7e4-4c37-becc-20df930b5d19,Massageff Studio на Русаковской ул,Категория кэшбэка 'Massageff Studio на Русаковской ул'. Средняя ставка по данным dano.csv: 20.0%,20.00,414,3,7,,,,,
db8b210d-4020-4559-9a2f-152a9e4c3e26,Massimo Pizzeri на ул. Тагильской,Категория кэшбэка 'Massimo Pizzeri на ул. Тагильской'. Средняя ставка по данным dano.csv: 20.0%,20.00,579,5,12,,,,,
0f2e3a43-4354-4b5f-aad4-777cab9f60f2,Maximus на ул. Лебедева,Категория кэшбэка 'Maximus на ул. Лебедева'. Средняя ставка по данным dano.csv: 20.0%,20.00,453,7,20,,,,,
94aa441c-52fe-4777-955a-8662b76bf7ed,Mehico на ул. Алексея Беленца,Категория кэшбэка 'Mehico на ул. Алексея Беленца'. Средняя ставка по данным dano.csv: 20.0%,20.00,605,3,7,,,,,
be1f235a-823a-4ffc-9da4-6ed975d23bb3,Met Tea на Звенигородском ш,Категория кэшбэка 'Met Tea на Звенигородском ш'. Средняя ставка по данным dano.csv: 20.0%,20.00,567,5,12,,,,,
b9fd4d9e-eb82-4cc4-93e3-db58f1d17a66,Michelada на ул. Маросейка,Категория кэшбэка 'Michelada на ул. Маросейка'. Средняя ставка по данным dano.csv: 20.0%,20.00,511,7,20,,,,,
f1051014-2ffa-406a-a34c-872ab8360d71,Microlot Coffee на Варшавской ул,Категория кэшбэка 'Microlot Coffee на Варшавской ул'. Средняя ставка по данным dano.csv: 20.0%,20.00,661,3,7,,,,,
cfc030c9-c8ed-4a12-8b2e-afbcc3737230,Milk Studio на ул. Лесотехникума,Категория кэшбэка 'Milk Studio на ул. Лесотехникума'. Средняя ставка по данным dano.csv: 20.0%,20.00,141,5,12,,,,,
ad75d055-ce64-4691-b1cc-877e4a49704e,Milovini Flowers на Первомайской ул,Категория кэшбэка 'Milovini Flowers на Первомайской ул'. Средняя ставка по данным dano.csv: 20.0%,20.00,763,7,20,,,,,
7d28d560-80ec-4796-b328-c16ca06fa8d1,Mishka Flowers на Рыбацкой ул,Категория кэшбэка 'Mishka Flowers на Рыбацкой ул'. Средняя ставка по данным dano.csv: 20.0%,20.00,564,3,7,,,,,
4fbaab21-9387-48c6-8430-517440bf2ab7,Miss Mon Ro на б-ре Победы,Категория кэшбэка 'Miss Mon Ro на б-ре Победы'. Средняя ставка по данным dano.csv: 20.0%,20.00,643,5,12,,,,,
0a89dc41-1ddf-41f7-a74e-2f211e71bf7b,Mitsu на Московском ш,Категория кэшбэка 'Mitsu на Московском ш'. Средняя ставка по данным dano.csv: 20.0%,20.00,564,7,20,,,,,
0e506fe2-c72b-4e71-a42d-8c7a91b7d10c,Modaline в ТЦ Алтын,Категория кэшбэка 'Modaline в ТЦ Алтын'. Средняя ставка по данным dano.csv: 20.0%,20.00,248,3,7,,,,,
951ac2f0-2cc3-42e6-b317-d157a125ce41,Modny Look на Варшавском ш,Категория кэшбэка 'Modny Look на Варшавском ш'. Средняя ставка по данным dano.csv: 20.0%,20.00,691,5,12,,,,,
cc3289c2-a1fc-400f-a35f-f74df07c0237,Mon Pion Podo Lab на наб. реки Фонтанки,Категория кэшбэка 'Mon Pion Podo Lab на наб. реки Фонтанки'. Средняя ставка по данным dano.csv: 20.0%,20.00,597,7,20,,,,,
c32b1117-a3ac-4aff-a65a-fef8a1f91c9f,Monika Store на ул. Ленинградская,Категория кэшбэка 'Monika Store на ул. Ленинградская'. Средняя ставка по данным dano.csv: 20.0%,20.00,642,3,7,,,,,
cd0204a9-f55a-4e49-89ad-a0cb87161674,Mur Parfum ТК Триумф,Категория кэшбэка 'Mur Parfum ТК Триумф'. Средняя ставка по данным dano.csv: 20.0%,20.00,161,5,12,,,,,
d42e7597-f13d-43ac-93f1-5a49e181d88d,My Parfumer в ТЦ Катальпа,Категория кэшбэка 'My Parfumer в ТЦ Катальпа'. Средняя ставка по данным dano.csv: 20.0%,20.00,760,7,20,,,,,
92919ae8-d9b4-4261-b551-ee1d7592e121,My Sweet Box на ул. Херсонская,Категория кэшбэка 'My Sweet Box на ул. Херсонская'. Средняя ставка по данным dano.csv: 20.0%,20.00,230,3,7,,,,,
e3731c39-94d7-42b8-813a-bc4bc28a518b,MyMossLife на ул Красный Посёлок,Категория кэшбэка 'MyMossLife на ул Красный Посёлок'. Средняя ставка по данным dano.csv: 20.0%,20.00,111,5,12,,,,,
c3cd95f1-5681-4104-9243-bb4113041050,Nail Party,Категория кэшбэка 'Nail Party'. Средняя ставка по данным dano.csv: 20.0%,20.00,232,7,20,,,,,
5ad5b1d1-2e74-483e-b083-473d71e673f1,"Nail Story на просп.
Красноармейский","Категория кэшбэка 'Nail Story на просп.
Красноармейский'. Средняя ставка по данным dano.csv: 20.0%",20.00,510,3,7,,,,,
a7599ea6-9cfc-4b77-90c0-cde87b9f85ba,Nail Studio Raion на ул. 50 лет ВЛКСМ,Категория кэшбэка 'Nail Studio Raion на ул. 50 лет ВЛКСМ'. Средняя ставка по данным dano.csv: 20.0%,20.00,456,5,12,,,,,
72952e93-662a-426b-aa2c-31837c891d74,Nail Терапия на 12-ой линии Васильевского острова,Категория кэшбэка 'Nail Терапия на 12-ой линии Васильевского острова'. Средняя ставка по данным dano.csv: 20.0%,20.00,726,7,20,,,,,
daa630bf-70af-415e-a096-01b98d9decbe,Nails Up на ул. Софьи Ковалевской,Категория кэшбэка 'Nails Up на ул. Софьи Ковалевской'. Средняя ставка по данным dano.csv: 20.0%,20.00,390,3,7,,,,,
fc55dba8-9abe-4ebc-a8cb-27757318a976,Naily studio на Семёновской пл,Категория кэшбэка 'Naily studio на Семёновской пл'. Средняя ставка по данным dano.csv: 20.0%,20.00,652,5,12,,,,,
d413619c-47af-4e09-9781-b91ccf605c44,Nastudio на Люблинской ул,Категория кэшбэка 'Nastudio на Люблинской ул'. Средняя ставка по данным dano.csv: 20.0%,20.00,423,7,20,,,,,
2b545301-97ca-42c0-8c0f-d261ae2c260a,Nature Bakery на ул. Пархоменко,Категория кэшбэка 'Nature Bakery на ул. Пархоменко'. Средняя ставка по данным dano.csv: 20.0%,20.00,555,3,7,,,,,
29cb0320-4529-498a-ade9-74679e27aaaf,Natures Sunshine офис 103 на ул. Гоголя,Категория кэшбэка 'Natures Sunshine офис 103 на ул. Гоголя'. Средняя ставка по данным dano.csv: 20.0%,20.00,286,5,12,,,,,
cd75f906-89b5-46fc-bcce-7cadeb242046,New Wave Premium на ул. Восточно-Кругликовская,Категория кэшбэка 'New Wave Premium на ул. Восточно-Кругликовская'. Средняя ставка по данным dano.csv: 20.0%,20.00,717,7,20,,,,,
ddedfc77-968e-4d96-aa70-a93557f131ca,Nice time на Советской ул,Категория кэшбэка 'Nice time на Советской ул'. Средняя ставка по данным dano.csv: 20.0%,20.00,248,3,7,,,,,
6f3f354b-e674-4ad5-89cb-4ab4cae32546,Nilov Flowers на Сабировской ул,Категория кэшбэка 'Nilov Flowers на Сабировской ул'. Средняя ставка по данным dano.csv: 20.0%,20.00,180,5,12,,,,,
1ef4fff2-27fa-4e14-8f09-974e64c88c08,Oh’ My Dog на Первомайской ул,Категория кэшбэка 'Oh’ My Dog на Первомайской ул'. Средняя ставка по данным dano.csv: 20.0%,20.00,519,7,20,,,,,
55ba669c-08c3-4573-a28d-afa576810648,OlesyaR nails на ул. Веры Засулич,Категория кэшбэка 'OlesyaR nails на ул. Веры Засулич'. Средняя ставка по данным dano.csv: 20.0%,20.00,487,3,7,,,,,
504d55bb-7a9f-44ca-9e23-72098a7b11dc,Omega VR в ТЦ Мармелад,Категория кэшбэка 'Omega VR в ТЦ Мармелад'. Средняя ставка по данным dano.csv: 20.0%,20.00,678,5,12,,,,,
707c3c8e-1790-4f1e-a0e8-3aedead44fb5,Ozon в Шопинге,Категория кэшбэка 'Ozon в Шопинге'. Средняя ставка по данным dano.csv: 19.9%,19.89,338,7,20,,,,,
36cd0953-7fb8-4a4f-8eec-ce5c46299c89,Ozon.ru,Категория кэшбэка 'Ozon.ru'. Средняя ставка по данным dano.csv: 6.3%,6.34,507,3,7,,,,,
8d90d593-13e7-4c43-9c52-678a27d9e692,Parket excellent в ТК Конструктор,Категория кэшбэка 'Parket excellent в ТК Конструктор'. Средняя ставка по данным dano.csv: 20.0%,20.00,645,5,12,,,,,
f1ac2334-9986-45d7-840d-6bbec143dfc0,People Love Coffee на Кокколевской ул,Категория кэшбэка 'People Love Coffee на Кокколевской ул'. Средняя ставка по данным dano.csv: 20.0%,20.00,109,7,20,,,,,
9b88b5df-52b6-4def-ac14-a32966ce1ae4,Perrino в ТЦ Созидатель,Категория кэшбэка 'Perrino в ТЦ Созидатель'. Средняя ставка по данным dano.csv: 20.0%,20.00,640,3,7,,,,,
4c25e441-b91a-4e71-b37f-551c47a97991,Pilates Class на ул. Большая Ордынка,Категория кэшбэка 'Pilates Class на ул. Большая Ордынка'. Средняя ставка по данным dano.csv: 20.0%,20.00,653,5,12,,,,,
79fe3404-dc0f-41d3-93b6-ae9dc212a285,Pink Beauty Bar на Сколковской,Категория кэшбэка 'Pink Beauty Bar на Сколковской'. Средняя ставка по данным dano.csv: 20.0%,20.00,506,7,20,,,,,
8fa16c49-1947-475e-8daf-abd0f98e6204,Pinky coffee на Боровском ш,Категория кэшбэка 'Pinky coffee на Боровском ш'. Средняя ставка по данным dano.csv: 20.0%,20.00,615,3,7,,,,,
01cb5554-38c3-4065-acd3-1336063b974b,Pita&LoveAsh на Мансийской ул,Категория кэшбэка 'Pita&LoveAsh на Мансийской ул'. Средняя ставка по данным dano.csv: 20.0%,20.00,550,5,12,,,,,
aa20c677-e232-40a1-b2ab-dfa8e5f8a66f,Pizza Mafia на ул. Первооткрывателей,Категория кэшбэка 'Pizza Mafia на ул. Первооткрывателей'. Средняя ставка по данным dano.csv: 20.0%,20.00,315,7,20,,,,,
4f491198-05e5-4939-8d00-dddd9cd215a0,Pizzarium на Коломенской ул,Категория кэшбэка 'Pizzarium на Коломенской ул'. Средняя ставка по данным dano.csv: 20.0%,20.00,435,3,7,,,,,
7ef2a5b2-f54b-48d1-8fed-1cf8e41be555,Ploika на ул. Тимирязева,Категория кэшбэка 'Ploika на ул. Тимирязева'. Средняя ставка по данным dano.csv: 20.0%,20.00,467,5,12,,,,,
feaca096-88ee-4e46-824b-a4e28c69337e,Premium,Категория кэшбэка 'Premium'. Средняя ставка по данным dano.csv: 60.7%,60.69,251,7,20,,,,,
bdf5eae5-b319-483a-a52d-940f3810b0a5,Premium на 1 месяц за 0 ?,Категория кэшбэка 'Premium на 1 месяц за 0 ?'. Средняя ставка по данным dano.csv: 100.0%,100.00,655,3,7,,,,,
1f505f5c-d815-4e3b-a131-6e140c4b4233,Premium на 2 месяца за 0 ?,Категория кэшбэка 'Premium на 2 месяца за 0 ?'. Средняя ставка по данным dano.csv: 100.0%,100.00,512,5,12,,,,,
76fd04b7-b540-4348-b1e7-b90d2d3e2dc2,Pro Тело на ул. Восточно-Кругликовская,Категория кэшбэка 'Pro Тело на ул. Восточно-Кругликовская'. Средняя ставка по данным dano.csv: 20.0%,20.00,303,7,20,,,,,
dc4e4275-2735-4bad-af67-e099b760ca90,Pro на 1 месяц за 0 ?,Категория кэшбэка 'Pro на 1 месяц за 0 ?'. Средняя ставка по данным dano.csv: 100.0%,100.00,365,3,7,,,,,
142d9685-ea38-4515-9eb1-eaed91b90279,ProCoffee на ул. Бажова,Категория кэшбэка 'ProCoffee на ул. Бажова'. Средняя ставка по данным dano.csv: 20.0%,20.00,489,5,12,,,,,
c9bafe2a-0f32-4467-aec5-774b4e6c00b3,Proson в ТЦ Шоколад,Категория кэшбэка 'Proson в ТЦ Шоколад'. Средняя ставка по данным dano.csv: 20.0%,20.00,626,7,20,,,,,
cfd840bc-a0d4-431d-80ba-11bda2b02ce8,ProЗОЖ на ул. Измайловский Вал,Категория кэшбэка 'ProЗОЖ на ул. Измайловский Вал'. Средняя ставка по данным dano.csv: 20.0%,20.00,771,3,7,,,,,
1c4b018a-4b54-4ff9-8247-56d128ebe0fd,ProКрашу на Советской ул,Категория кэшбэка 'ProКрашу на Советской ул'. Средняя ставка по данным dano.csv: 20.0%,20.00,273,5,12,,,,,
d286830c-e320-4c52-bd38-94492bc29d48,"Proзубы на 
ул. 8-й Воздушной Армии","Категория кэшбэка 'Proзубы на 
ул. 8-й Воздушной Армии'. Средняя ставка по данным dano.csv: 20.0%",20.00,135,7,20,,,,,
9de87567-206a-45f3-b46e-3f9efd66e33c,Proпитание на б-ре Серебряный,Категория кэшбэка 'Proпитание на б-ре Серебряный'. Средняя ставка по данным dano.csv: 20.0%,20.00,440,3,7,,,,,
0eb58aa6-7d23-42b3-869e-36d9afe57f67,Pyshno на ул. Малыгина,Категория кэшбэка 'Pyshno на ул. Малыгина'. Средняя ставка по данным dano.csv: 20.0%,20.00,479,5,12,,,,,
262060a6-bbcc-4c81-8f82-07df915175fe,Quickstep-pro на Октябрьском пр-те,Категория кэшбэка 'Quickstep-pro на Октябрьском пр-те'. Средняя ставка по данным dano.csv: 20.0%,20.00,124,7,20,,,,,
e540fd7b-d66c-4f0c-a53d-b0835723bafd,RE,Категория кэшбэка 'RE'. Средняя ставка по данным dano.csv: 5.0%,5.00,541,3,7,,,,,
aee83ff8-d59f-4c88-b6b6-756df299b6e1,REM service в ТЦ Интер-север,Категория кэшбэка 'REM service в ТЦ Интер-север'. Средняя ставка по данным dano.csv: 20.0%,20.00,213,5,12,,,,,
358a982d-603c-461a-b708-6b485ea7a458,Raspusti volosy на Академика Ландау,Категория кэшбэка 'Raspusti volosy на Академика Ландау'. Средняя ставка по данным dano.csv: 20.0%,20.00,779,7,20,,,,,
86b24289-71bb-4202-9645-dd49cef93753,Rem Aks в ТЦ Сити Центр,Категория кэшбэка 'Rem Aks в ТЦ Сити Центр'. Средняя ставка по данным dano.csv: 20.0%,20.00,338,3,7,,,,,
361c93f3-ef01-4b02-ab60-a0e03340f8d3,Remstyle на ул. Первомайская,Категория кэшбэка 'Remstyle на ул. Первомайская'. Средняя ставка по данным dano.csv: 20.0%,20.00,704,5,12,,,,,
9e2307aa-687f-4438-9c55-e29023add45e,Respect в ТЦ Гостиный Двор,Категория кэшбэка 'Respect в ТЦ Гостиный Двор'. Средняя ставка по данным dano.csv: 20.0%,20.00,538,7,20,,,,,
ad9f7473-50ab-4b46-ba6b-e1d487250db9,"Restyle studio на 
ул. Братьев Кашириных","Категория кэшбэка 'Restyle studio на 
ул. Братьев Кашириных'. Средняя ставка по данным dano.csv: 20.0%",20.00,518,3,7,,,,,
3a29d608-50ee-4104-9c39-f88edfb3b791,Rieker в ТЦ Республика,Категория кэшбэка 'Rieker в ТЦ Республика'. Средняя ставка по данным dano.csv: 20.0%,20.00,219,5,12,,,,,
3d63c2b2-c648-42b4-8e44-030168c37a70,Risole на Вокзальной,Категория кэшбэка 'Risole на Вокзальной'. Средняя ставка по данным dano.csv: 20.0%,20.00,737,7,20,,,,,
05dd486a-e1cb-4ec0-b6bd-6e0c78020c1c,River кофе на ул. Щербакова,Категория кэшбэка 'River кофе на ул. Щербакова'. Средняя ставка по данным dano.csv: 20.0%,20.00,705,3,7,,,,,
8babbb38-1b8b-488e-9302-a19949d2e338,RockFlowers на Московском пр-те,Категория кэшбэка 'RockFlowers на Московском пр-те'. Средняя ставка по данным dano.csv: 20.0%,20.00,696,5,12,,,,,
a96ff348-f0ac-42be-b578-1330fe33a30b,Rogulevs на Суздальском ш,Категория кэшбэка 'Rogulevs на Суздальском ш'. Средняя ставка по данным dano.csv: 20.0%,20.00,261,7,20,,,,,
e9440f65-47df-4136-ab18-368263c65a13,Rogulevs' Burgers на Планерной ул,Категория кэшбэка 'Rogulevs' Burgers на Планерной ул'. Средняя ставка по данным dano.csv: 20.0%,20.00,264,3,7,,,,,
8f74245d-77a5-4e10-9aaa-c31173ce1df5,Rogulevs' на Парашютной ул,Категория кэшбэка 'Rogulevs' на Парашютной ул'. Средняя ставка по данным dano.csv: 20.0%,20.00,514,5,12,,,,,
eb6fe36b-24dd-4142-a479-f7da613594dd,RollX на ул. Чехова,Категория кэшбэка 'RollX на ул. Чехова'. Средняя ставка по данным dano.csv: 20.0%,20.00,100,7,20,,,,,
dd77d515-4299-4863-ab34-237234c59444,Romeo sushi на Рижском пр-те,Категория кэшбэка 'Romeo sushi на Рижском пр-те'. Средняя ставка по данным dano.csv: 20.0%,20.00,229,3,7,,,,,
bb0c00ea-29ce-41f8-b426-f61732c040e8,"Royal Flowers в мкр. Мирный, 7/2","Категория кэшбэка 'Royal Flowers в мкр. Мирный, 7/2'. Средняя ставка по данным dano.csv: 20.0%",20.00,266,5,12,,,,,
dbf89840-fd08-4381-8e40-ed0564178c4c,S.A.Beauty на Ясногорской ул,Категория кэшбэка 'S.A.Beauty на Ясногорской ул'. Средняя ставка по данным dano.csv: 20.0%,20.00,764,7,20,,,,,
d68b1b52-1567-49b9-bcea-09366eb6fdb7,SM studio на ул. Немировича-Данченко,Категория кэшбэка 'SM studio на ул. Немировича-Данченко'. Средняя ставка по данным dano.csv: 20.0%,20.00,474,3,7,,,,,
54820714-6e48-4b92-adc1-f4162a53ab6c,SPb Brand Bags на просп. Ленинский,Категория кэшбэка 'SPb Brand Bags на просп. Ленинский'. Средняя ставка по данным dano.csv: 20.0%,20.00,204,5,12,,,,,
ffb19efd-3a1d-418c-973e-29e87e73de49,SUNLIGHT в Шопинге,Категория кэшбэка 'SUNLIGHT в Шопинге'. Средняя ставка по данным dano.csv: 19.0%,19.02,125,7,20,,,,,
4c64771e-7c41-4e59-a2e8-42ab128c70f7,SV. Textile на ул. Сибгата Хакима,Категория кэшбэка 'SV. Textile на ул. Сибгата Хакима'. Средняя ставка по данным dano.csv: 20.0%,20.00,496,3,7,,,,,
4d0feec8-7510-44de-a86c-a7e74d5b1d16,Saint Flore на Гороховой ул,Категория кэшбэка 'Saint Flore на Гороховой ул'. Средняя ставка по данным dano.csv: 20.0%,20.00,521,5,12,,,,,
8101b32d-2d3b-46ab-bfc8-55077e4fe1dc,Screen Eyes на Большой Московской ул,Категория кэшбэка 'Screen Eyes на Большой Московской ул'. Средняя ставка по данным dano.csv: 20.0%,20.00,401,7,20,,,,,
3de908da-c9aa-49ac-b622-5ad904562557,Seafood на просп. Будённовский,Категория кэшбэка 'Seafood на просп. Будённовский'. Средняя ставка по данным dano.csv: 20.0%,20.00,706,3,7,,,,,
2e35459f-6f2d-4a09-981f-c63e83842b32,Service Profi Plus на Ново-Вокзальной ул,Категория кэшбэка 'Service Profi Plus на Ново-Вокзальной ул'. Средняя ставка по данным dano.csv: 20.0%,20.00,388,5,12,,,,,
157894be-12be-4def-857a-a5e10e92adee,Shape Beauty Studio на ул Шевченко,Категория кэшбэка 'Shape Beauty Studio на ул Шевченко'. Средняя ставка по данным dano.csv: 20.0%,20.00,640,7,20,,,,,
6d7ca5ef-5874-406a-9c4f-5ba94d3f8974,Shen Laboratory на ул. Суворова,Категория кэшбэка 'Shen Laboratory на ул. Суворова'. Средняя ставка по данным dano.csv: 20.0%,20.00,293,3,7,,,,,
10286c59-6fd9-4ceb-bad9-8f8f8d59addf,Shibuya Nails на Большой Серпуховской ул,Категория кэшбэка 'Shibuya Nails на Большой Серпуховской ул'. Средняя ставка по данным dano.csv: 20.0%,20.00,219,5,12,,,,,
03e5d72f-c08e-4ae6-ba10-2e0bc5b9c280,Skifmusic на ул. Лейтенанта Шмидта,Категория кэшбэка 'Skifmusic на ул. Лейтенанта Шмидта'. Средняя ставка по данным dano.csv: 20.0%,20.00,292,7,20,,,,,
0811b6f4-5e6a-4dc4-a2ad-207fd8d7a2b4,Smart Service в мкр. Дзержинского,Категория кэшбэка 'Smart Service в мкр. Дзержинского'. Средняя ставка по данным dano.csv: 20.0%,20.00,699,3,7,,,,,
7e1e46b2-f0c9-45c0-b3c1-77ab65306ec6,Smile Boutique на Ленинском пр-те,Категория кэшбэка 'Smile Boutique на Ленинском пр-те'. Средняя ставка по данным dano.csv: 20.0%,20.00,302,5,12,,,,,
0b5f047a-8cb5-43d5-812c-dc195fb3bf98,Smitty Coffee в ТЦ Атлас,Категория кэшбэка 'Smitty Coffee в ТЦ Атлас'. Средняя ставка по данным dano.csv: 20.0%,20.00,734,7,20,,,,,
199090a0-8169-49cc-be21-2c65d98ae8bf,Smitty Coffee в ТЦ Атриум,Категория кэшбэка 'Smitty Coffee в ТЦ Атриум'. Средняя ставка по данным dano.csv: 20.0%,20.00,367,3,7,,,,,
c79afdf9-e29f-451d-b2dd-2922554b57fc,Smitty Coffee на ул.Мичурина,Категория кэшбэка 'Smitty Coffee на ул.Мичурина'. Средняя ставка по данным dano.csv: 20.0%,20.00,547,5,12,,,,,
a29d42eb-270f-48ac-8657-657e99751098,Smolnikova Flowers на б-ре Давлеткильдеева,Категория кэшбэка 'Smolnikova Flowers на б-ре Давлеткильдеева'. Средняя ставка по данным dano.csv: 20.0%,20.00,289,7,20,,,,,
0ae277f4-8a67-4bfa-9441-19e13fbab2de,Smolnikova Flowers на ул. Коммунистическая,Категория кэшбэка 'Smolnikova Flowers на ул. Коммунистическая'. Средняя ставка по данным dano.csv: 20.0%,20.00,284,3,7,,,,,
63b85b40-8d0f-466b-9dcc-5e02f01f8b4c,Sole Fresh на ул. Розы Люксембург,Категория кэшбэка 'Sole Fresh на ул. Розы Люксембург'. Средняя ставка по данным dano.csv: 20.0%,20.00,443,5,12,,,,,
7d000d97-4992-4b47-b797-94a33f02c2ca,Solonchick Пёрышко на ул. Кирова,Категория кэшбэка 'Solonchick Пёрышко на ул. Кирова'. Средняя ставка по данным dano.csv: 20.0%,20.00,379,7,20,,,,,
fa9b70f9-e50f-4c0c-9751-85e539576877,Soul beauty bar на ул. Адмирала Крузенштерна,Категория кэшбэка 'Soul beauty bar на ул. Адмирала Крузенштерна'. Средняя ставка по данным dano.csv: 20.0%,20.00,703,3,7,,,,,
00bb2c57-1657-4ff7-8d8f-c417b2b211b3,Space Jumping на Нарымской ул,Категория кэшбэка 'Space Jumping на Нарымской ул'. Средняя ставка по данным dano.csv: 20.0%,20.00,377,5,12,,,,,
b14748e1-87d3-4f5a-93f8-5127c6a177b5,Start Junior на пр-те Текстильщиков,Категория кэшбэка 'Start Junior на пр-те Текстильщиков'. Средняя ставка по данным dano.csv: 20.0%,20.00,261,7,20,,,,,
622719cd-8dbc-4ac5-826c-e4607af4367d,Starway на ул. Кузнецовская,Категория кэшбэка 'Starway на ул. Кузнецовская'. Средняя ставка по данным dano.csv: 20.0%,20.00,440,3,7,,,,,
362f4e35-a96d-42b8-8787-97c22ca9fecf,Strekoza на пр-те Астрахова,Категория кэшбэка 'Strekoza на пр-те Астрахова'. Средняя ставка по данным dano.csv: 20.0%,20.00,463,5,12,,,,,
a81ad1fd-e78e-4616-9578-2c37af2e2d97,Strekoza-DekorNN на ул. Краснодонцев,Категория кэшбэка 'Strekoza-DekorNN на ул. Краснодонцев'. Средняя ставка по данным dano.csv: 20.0%,20.00,447,7,20,,,,,
3e66990f-b2f0-4d81-af10-e77d88a38c62,Studio One на ул. Крупской,Категория кэшбэка 'Studio One на ул. Крупской'. Средняя ставка по данным dano.csv: 20.0%,20.00,279,3,7,,,,,
e42c54fb-5404-4caf-8d13-f7307062a766,Sushi Cheese на ул. Танкистов,Категория кэшбэка 'Sushi Cheese на ул. Танкистов'. Средняя ставка по данным dano.csv: 20.0%,20.00,773,5,12,,,,,
77c785f0-c40d-43b3-8c13-71a4684251b7,Sushi Lab на Оборонной ул,Категория кэшбэка 'Sushi Lab на Оборонной ул'. Средняя ставка по данным dano.csv: 20.0%,20.00,692,7,20,,,,,
748d7e52-f5b7-4b36-aa2f-1b3760221233,Sushi and Pizza на ул. Владимира Невского,Категория кэшбэка 'Sushi and Pizza на ул. Владимира Невского'. Средняя ставка по данным dano.csv: 20.0%,20.00,433,3,7,,,,,
f91a9813-6207-44b6-9469-aa8ecf90a0c2,Sushi na rayone,Категория кэшбэка 'Sushi na rayone'. Средняя ставка по данным dano.csv: 20.0%,20.00,730,5,12,,,,,
1e24d7d4-3b50-457c-82e7-784bfdb3d05b,Sushi в миг на ул. Чайковского,Категория кэшбэка 'Sushi в миг на ул. Чайковского'. Средняя ставка по данным dano.csv: 20.0%,20.00,356,7,20,,,,,
9fc88fca-59b4-452c-b03b-8fdff72662a2,SushiDays на ул. Ленина,Категория кэшбэка 'SushiDays на ул. Ленина'. Средняя ставка по данным dano.csv: 20.0%,20.00,707,3,7,,,,,
9f0d82f9-9fd7-4aaa-a521-4a2642a08959,Sushibox на ул. Ленина,Категория кэшбэка 'Sushibox на ул. Ленина'. Средняя ставка по данным dano.csv: 20.0%,20.00,622,5,12,,,,,
1cd72dc3-ce40-4d75-85d8-29e819622dcc,Syrnaya Tochka в мкр. Современник,Категория кэшбэка 'Syrnaya Tochka в мкр. Современник'. Средняя ставка по данным dano.csv: 20.0%,20.00,266,7,20,,,,,
69554d60-0f17-46ae-bdcf-d1f429f4c0f1,Tailor boots на Молодёжной ул,Категория кэшбэка 'Tailor boots на Молодёжной ул'. Средняя ставка по данным dano.csv: 20.0%,20.00,354,3,7,,,,,
6a52f3df-8687-49b4-841d-9dd681c0ee54,Teona Flowers,Категория кэшбэка 'Teona Flowers'. Средняя ставка по данным dano.csv: 20.0%,20.00,713,5,12,,,,,
1311ae4b-402e-423e-92ef-f441b4de70d3,Terrasa restopub на б-ре Академика Ландау,Категория кэшбэка 'Terrasa restopub на б-ре Академика Ландау'. Средняя ставка по данным dano.csv: 20.0%,20.00,276,7,20,,,,,
98227270-d5c9-43fd-a7ec-0b6c60cb8088,To Go Coffee на пл. Революции,Категория кэшбэка 'To Go Coffee на пл. Революции'. Средняя ставка по данным dano.csv: 20.0%,20.00,273,3,7,,,,,
3fc814d3-cd18-4dee-abcf-471f57563b35,To Syo на ул. 2-й Верхний Волок,Категория кэшбэка 'To Syo на ул. 2-й Верхний Волок'. Средняя ставка по данным dano.csv: 20.0%,20.00,172,5,12,,,,,
8ec52a48-20a6-47ea-a4e9-91a82ae6470e,Toms Coffee на ул.Горького,Категория кэшбэка 'Toms Coffee на ул.Горького'. Средняя ставка по данным dano.csv: 20.0%,20.00,205,7,20,,,,,
3d2103a5-3a66-4c6a-a122-e064e3bba881,Tonmaster на Планерной ул,Категория кэшбэка 'Tonmaster на Планерной ул'. Средняя ставка по данным dano.csv: 20.0%,20.00,689,3,7,,,,,
669fbfcd-e996-4070-a073-0bd79572be31,Top hair в Урожайном пер,Категория кэшбэка 'Top hair в Урожайном пер'. Средняя ставка по данным dano.csv: 20.0%,20.00,180,5,12,,,,,
80d29202-86cf-461c-a82b-12bc26984193,Top hair на пр-те Фрунзе,Категория кэшбэка 'Top hair на пр-те Фрунзе'. Средняя ставка по данным dano.csv: 20.0%,20.00,394,7,20,,,,,
911fbb1c-07c7-45fe-9c53-681a8beb10dd,UNITED MUSIC,Категория кэшбэка 'UNITED MUSIC'. Средняя ставка по данным dano.csv: 5.0%,5.00,587,3,7,,,,,
fa667b56-75d7-449d-b53a-3d8e8341f9cf,Underground Dance Studio на Ярославском ш,Категория кэшбэка 'Underground Dance Studio на Ярославском ш'. Средняя ставка по данным dano.csv: 20.0%,20.00,636,5,12,,,,,
956edf91-6adf-4a80-8b6d-d3214ee0b2a0,Unica на ул. Оптиков,Категория кэшбэка 'Unica на ул. Оптиков'. Средняя ставка по данным dano.csv: 20.0%,20.00,269,7,20,,,,,
e8b30be5-a3f8-44b9-8a7c-40c8753041c2,Unite clinic shop на ул. Костюкова,Категория кэшбэка 'Unite clinic shop на ул. Костюкова'. Средняя ставка по данным dano.csv: 20.0%,20.00,620,3,7,,,,,
943e5791-eabc-4e1c-9465-ecf10bffe781,Unite clinic shop  на ул. Молодогвардейсокй,Категория кэшбэка 'Unite clinic shop  на ул. Молодогвардейсокй'. Средняя ставка по данным dano.csv: 20.0%,20.00,740,5,12,,,,,
7d73e396-f39d-46d6-b42f-40d9cc948fe5,VH studio на ул. Березовая,Категория кэшбэка 'VH studio на ул. Березовая'. Средняя ставка по данным dano.csv: 20.0%,20.00,375,7,20,,,,,
3ef400b9-e307-4ad1-9b9d-0e485a288e3f,VM Hair & Beauty Space на Можайском ш,Категория кэшбэка 'VM Hair & Beauty Space на Можайском ш'. Средняя ставка по данным dano.csv: 20.0%,20.00,534,3,7,,,,,
97000359-3c70-45d4-b3ce-5c89edcf4190,VR Клуб Connect на ул. Карла Маркса,Категория кэшбэка 'VR Клуб Connect на ул. Карла Маркса'. Средняя ставка по данным dano.csv: 20.0%,20.00,332,5,12,,,,,
a8c61530-991a-4a12-a77f-d3d317e8d39e,"VR-клуб Pixel
В ТЦ Мега Сити","Категория кэшбэка 'VR-клуб Pixel
В ТЦ Мега Сити'. Средняя ставка по данным dano.csv: 20.0%",20.00,660,7,20,,,,,
eecf5c4f-4104-4281-a8c3-b29875cebe01,Van Cliff в ТЦ Красная Площадь,Категория кэшбэка 'Van Cliff в ТЦ Красная Площадь'. Средняя ставка по данным dano.csv: 20.0%,20.00,289,3,7,,,,,
b4eb2724-80e9-4c44-b2e4-fc3fc4ff039a,Varcars на ул. Чистопольская,Категория кэшбэка 'Varcars на ул. Чистопольская'. Средняя ставка по данным dano.csv: 20.0%,20.00,241,5,12,,,,,
5b5d7d21-b94e-4434-9205-e4d041cf2a6d,Velvet Coffee на Новгородском пр-те,Категория кэшбэка 'Velvet Coffee на Новгородском пр-те'. Средняя ставка по данным dano.csv: 20.0%,20.00,328,7,20,,,,,
c88e9b15-c129-4b88-8f2a-42297cf00691,Vera Coffee на пр-те Комсомольский,Категория кэшбэка 'Vera Coffee на пр-те Комсомольский'. Средняя ставка по данным dano.csv: 20.0%,20.00,484,3,7,,,,,
b11e8fcd-dcea-4dcb-b443-193358b66544,Vernum Auto на ул. Крупской,Категория кэшбэка 'Vernum Auto на ул. Крупской'. Средняя ставка по данным dano.csv: 20.0%,20.00,215,5,12,,,,,
999aca79-90c9-4380-a4cd-7592cb99e414,Veter Shop на Кутузовском пр-те,Категория кэшбэка 'Veter Shop на Кутузовском пр-те'. Средняя ставка по данным dano.csv: 20.0%,20.00,201,7,20,,,,,
fe0b89ce-5885-4336-80cb-7eb7e7c82fe2,Vroom Vroom Avtoservice на ул. Труда,Категория кэшбэка 'Vroom Vroom Avtoservice на ул. Труда'. Средняя ставка по данным dano.csv: 20.0%,20.00,528,3,7,,,,,
4d84d102-6554-43e0-a56c-e4859f2e006a,Vелайт на Заневском пр-те,Категория кэшбэка 'Vелайт на Заневском пр-те'. Средняя ставка по данным dano.csv: 20.0%,20.00,168,5,12,,,,,
a446b74b-2836-4863-b821-c09bb736fc68,WOWland на Московской ул,Категория кэшбэка 'WOWland на Московской ул'. Средняя ставка по данным dano.csv: 20.0%,20.00,555,7,20,,,,,
09796c3d-ceb3-40d4-9d97-077a02cf4597,Wasabist на ул. Астраханская,Категория кэшбэка 'Wasabist на ул. Астраханская'. Средняя ставка по данным dano.csv: 20.0%,20.00,368,3,7,,,,,
2a322a77-2b0d-43e5-9bf4-c2956ac37d07,WePrevent,Категория кэшбэка 'WePrevent'. Средняя ставка по данным dano.csv: 20.0%,20.00,409,5,12,,,,,
e53ecb97-749d-4cc6-94be-a80846ffb34c,Westcos в ТЦ Вэйпарк,Категория кэшбэка 'Westcos в ТЦ Вэйпарк'. Средняя ставка по данным dano.csv: 20.0%,20.00,475,7,20,,,,,
f172a12d-9a58-4991-bfcf-4aac003db31d,WinCeramic на пр. М. Нагибина,Категория кэшбэка 'WinCeramic на пр. М. Нагибина'. Средняя ставка по данным dano.csv: 20.0%,20.00,177,3,7,,,,,
df6d3d77-abbc-4b19-967e-21a3c0dc96cc,Your Base на ул. Сурикова,Категория кэшбэка 'Your Base на ул. Сурикова'. Средняя ставка по данным dano.csv: 20.0%,20.00,709,5,12,,,,,
e39a2c6e-9413-4308-a9ff-79bcdd6b6f81,Yurta Dveri на ул. Александра Невского,Категория кэшбэка 'Yurta Dveri на ул. Александра Невского'. Средняя ставка по данным dano.csv: 20.0%,20.00,374,7,20,,,,,
3a8991a2-aa49-40e9-9a74-4432ea2d32ff,Zveroboy expedition на ул. Жердева,Категория кэшбэка 'Zveroboy expedition на ул. Жердева'. Средняя ставка по данным dano.csv: 20.0%,20.00,516,3,7,,,,,
dfaa76d5-1f71-49a3-ac32-4de90a9db36a,iSklad Ремонт электроники на ул. Мамина-Сибиряка,Категория кэшбэка 'iSklad Ремонт электроники на ул. Мамина-Сибиряка'. Средняя ставка по данным dano.csv: 20.0%,20.00,546,5,12,,,,,
ef084f5c-95da-4091-995e-af3b71fb8ab6,iStore-shop116 на пр-те Сююмбике,Категория кэшбэка 'iStore-shop116 на пр-те Сююмбике'. Средняя ставка по данным dano.csv: 20.0%,20.00,460,7,20,,,,,
a4c217e2-2294-4dba-aea6-db4ee2eaeb5d,iTel Service на ул. Бабушкина,Категория кэшбэка 'iTel Service на ул. Бабушкина'. Средняя ставка по данным dano.csv: 20.0%,20.00,130,3,7,,,,,
48f04713-3bbe-4294-97b7-933a3faddb9d,Авиабилеты в Т-Путешествиях,Категория кэшбэка 'Авиабилеты в Т-Путешествиях'. Средняя ставка по данным dano.csv: 4.2%,4.23,2,5,12,,,,,
d673eaf7-2cae-4580-abaf-73feeb77b89d,Авиабилеты с Pro,Категория кэшбэка 'Авиабилеты с Pro'. Средняя ставка по данным dano.csv: 2.0%,2.00,412,7,20,,,,,
5c8966e3-6468-467e-a331-6a967778b180,Авто,Категория кэшбэка 'Авто'. Средняя ставка по данным dano.csv: 5.0%,5.00,690,3,7,,,,,
034d9f5d-f5dc-4ca2-985e-f77f04228c10,Авто-Мастер в Верхнем пер,Категория кэшбэка 'Авто-Мастер в Верхнем пер'. Средняя ставка по данным dano.csv: 20.0%,20.00,708,5,12,,,,,
3eb347f8-09e6-4c6b-8b70-d36786c5d15a,Авто-Мойка на ул. Академика Скрябина,Категория кэшбэка 'Авто-Мойка на ул. Академика Скрябина'. Средняя ставка по данным dano.csv: 20.0%,20.00,690,7,20,,,,,
9e7d032b-adc2-423c-93ef-c3178678dfe8,АвтоКрафт на ул. Мира,Категория кэшбэка 'АвтоКрафт на ул. Мира'. Средняя ставка по данным dano.csv: 20.0%,20.00,255,3,7,,,,,
35c2eabc-9612-4633-a8a7-c9c71445bec7,АвтоПроМакс на Северном ш,Категория кэшбэка 'АвтоПроМакс на Северном ш'. Средняя ставка по данным dano.csv: 20.0%,20.00,386,5,12,,,,,
4d70fd09-5565-4828-856e-15eab1ad87c5,Автозапчасти Yulsun на ул. Площадь Революции,Категория кэшбэка 'Автозапчасти Yulsun на ул. Площадь Революции'. Средняя ставка по данным dano.csv: 20.0%,20.00,224,7,20,,,,,
2647ce20-04fd-4f6d-8170-9c5d82b6ee21,Автозапчасти на ул. Василия Жуковского,Категория кэшбэка 'Автозапчасти на ул. Василия Жуковского'. Средняя ставка по данным dano.csv: 20.0%,20.00,628,3,7,,,,,
c3999c4d-6fc1-47ca-9236-89278beea51e,Автозвук Full sound на ул. Седова,Категория кэшбэка 'Автозвук Full sound на ул. Седова'. Средняя ставка по данным dano.csv: 20.0%,20.00,264,5,12,,,,,
00c4ba39-c964-4774-9abb-7a2df002cf51,Автокомплекс «ДвижОk» на Иркутском тр,Категория кэшбэка 'Автокомплекс «ДвижОk» на Иркутском тр'. Средняя ставка по данным dano.csv: 20.0%,20.00,387,7,20,,,,,
a7b1cf36-59f3-4f66-b5b9-b538253e29a3,Автокомплекс «Детроит» на Больничной ул,Категория кэшбэка 'Автокомплекс «Детроит» на Больничной ул'. Средняя ставка по данным dano.csv: 20.0%,20.00,350,3,7,,,,,
442231e9-6f90-4fd7-a3b3-9dac9439cbe5,Автокомплекс «Южный» на ул. Радищева,Категория кэшбэка 'Автокомплекс «Южный» на ул. Радищева'. Средняя ставка по данным dano.csv: 20.0%,20.00,149,5,12,,,,,
1e0e8714-bccc-4f0d-9af3-230f4b5f2aaa,Автокруг на ш. Калужское,Категория кэшбэка 'Автокруг на ш. Калужское'. Средняя ставка по данным dano.csv: 20.0%,20.00,579,7,20,,,,,
3feda141-561b-4a5b-8944-47856db3d493,Автомагазин «Гараж №1» на ул. Островского,Категория кэшбэка 'Автомагазин «Гараж №1» на ул. Островского'. Средняя ставка по данным dano.csv: 20.0%,20.00,386,3,7,,,,,
da58c508-49e7-477f-8264-6c37721d87c0,Автомойка 22:22 на ул. 3-я Тихая,Категория кэшбэка 'Автомойка 22:22 на ул. 3-я Тихая'. Средняя ставка по данным dano.csv: 20.0%,20.00,304,5,12,,,,,
e0f1f8ab-d13e-4ecb-bd79-ddc5dab712f3,Автомойка Amg,Категория кэшбэка 'Автомойка Amg'. Средняя ставка по данным dano.csv: 20.0%,20.00,728,7,20,,,,,
c77bcfbd-2d33-4d3f-b25a-e578f29d8bb5,Автомойка Scam Detailing на ул. Офицерская,Категория кэшбэка 'Автомойка Scam Detailing на ул. Офицерская'. Средняя ставка по данным dano.csv: 20.0%,20.00,240,3,7,,,,,
cebbf454-5fd0-4018-b04d-1a5bd7fcc911,Автомойка «Авторитет» на 2-ой Брянской ул,Категория кэшбэка 'Автомойка «Авторитет» на 2-ой Брянской ул'. Средняя ставка по данным dano.csv: 20.0%,20.00,714,5,12,,,,,
166e6223-49f0-4603-a055-307afef85dfe,Автомойка «Аквамен» на Дмитровском ш.,Категория кэшбэка 'Автомойка «Аквамен» на Дмитровском ш.'. Средняя ставка по данным dano.csv: 20.0%,20.00,769,7,20,,,,,
67d3518f-6617-4e49-be01-83d261be93a6,Автомойка «Аквапарк» на ул. имени А.П. Шехурдина,Категория кэшбэка 'Автомойка «Аквапарк» на ул. имени А.П. Шехурдина'. Средняя ставка по данным dano.csv: 20.0%,20.00,787,3,7,,,,,
fdced8e8-9404-4af2-9bbd-509cb2ec9b83,Автомойка «Королева» на ул. Морозова,Категория кэшбэка 'Автомойка «Королева» на ул. Морозова'. Средняя ставка по данным dano.csv: 20.0%,20.00,692,5,12,,,,,
52b49d48-b3d6-4b09-ae19-98e9d1aff19c,Автомойка «Чистый Город» на Ростовской ул,Категория кэшбэка 'Автомойка «Чистый Город» на Ростовской ул'. Средняя ставка по данным dano.csv: 20.0%,20.00,145,7,20,,,,,
e11172dc-a5f8-472d-9807-9bf8179adb59,Автомойка на пр-те Строителей,Категория кэшбэка 'Автомойка на пр-те Строителей'. Средняя ставка по данным dano.csv: 20.0%,20.00,694,3,7,,,,,
a664a529-dfa1-4e69-b4a8-4c5bc29adfb7,Автомойка на ул. Коммунистическая,Категория кэшбэка 'Автомойка на ул. Коммунистическая'. Средняя ставка по данным dano.csv: 20.0%,20.00,212,5,12,,,,,
d516d2a1-ca0f-4c79-a453-4dbd27b5ba1d,Автомойка-детейлинг «Матрица» на Туруханской ул,Категория кэшбэка 'Автомойка-детейлинг «Матрица» на Туруханской ул'. Средняя ставка по данным dano.csv: 20.0%,20.00,781,7,20,,,,,
f1c8da4e-9fbf-41ba-8891-24dbbe9efa5d,Автосервис 007 на ул. Чемпионов,Категория кэшбэка 'Автосервис 007 на ул. Чемпионов'. Средняя ставка по данным dano.csv: 20.0%,20.00,707,3,7,,,,,
d77e678c-7d79-4576-a63d-4f557d09ac89,Автосервис BerAvto на ул. Брусницына,Категория кэшбэка 'Автосервис BerAvto на ул. Брусницына'. Средняя ставка по данным dano.csv: 20.0%,20.00,510,5,12,,,,,
700079f7-f129-4fa7-bd28-46663040c222,Автосервис Detal-Market 98 на Лифляндской ул,Категория кэшбэка 'Автосервис Detal-Market 98 на Лифляндской ул'. Средняя ставка по данным dano.csv: 20.0%,20.00,490,7,20,,,,,
29c23e3d-2862-4b74-b3a7-343a28ba6a25,Автосервис Lite Avto в ГПК Стрела,Категория кэшбэка 'Автосервис Lite Avto в ГПК Стрела'. Средняя ставка по данным dano.csv: 20.0%,20.00,133,3,7,,,,,
d988196a-66fe-4fad-a56a-02283ae0868c,Автосервис Nexautoна ул. Петра Метальникова,Категория кэшбэка 'Автосервис Nexautoна ул. Петра Метальникова'. Средняя ставка по данным dano.csv: 20.0%,20.00,586,5,12,,,,,
70c0a5ce-b0b5-4ddd-829a-03976b52bf8f,Автосервис Rservice на ул. Данилова,Категория кэшбэка 'Автосервис Rservice на ул. Данилова'. Средняя ставка по данным dano.csv: 20.0%,20.00,130,7,20,,,,,
d1953ed7-94a6-4c33-85d7-47949e23abb0,Автосервис Uni-Tech Кудрово,Категория кэшбэка 'Автосервис Uni-Tech Кудрово'. Средняя ставка по данным dano.csv: 20.0%,20.00,289,3,7,,,,,
dd26efaf-7931-4c13-8220-6c0b307fac49,Автосервис «Аврора» на ул. Подольских Курсантов,Категория кэшбэка 'Автосервис «Аврора» на ул. Подольских Курсантов'. Средняя ставка по данным dano.csv: 20.0%,20.00,172,5,12,,,,,
1fb5b177-c733-41ca-9fc6-e02f0aa48117,Автосервис «Автореальность74» на Олонецкой ул,Категория кэшбэка 'Автосервис «Автореальность74» на Олонецкой ул'. Средняя ставка по данным dano.csv: 20.0%,20.00,655,7,20,,,,,
a947db34-2e2a-4b62-870b-02e742832316,Автосервис «Автофест» на просп. Непокоренных,Категория кэшбэка 'Автосервис «Автофест» на просп. Непокоренных'. Средняя ставка по данным dano.csv: 20.0%,20.00,140,3,7,,,,,
4aabe05f-e789-4774-a59c-4d91185bd7ff,Автосервис «Автоэлектрик 12V»,Категория кэшбэка 'Автосервис «Автоэлектрик 12V»'. Средняя ставка по данным dano.csv: 20.0%,20.00,169,5,12,,,,,
69bc46a6-8a70-4bd0-a4fb-03cff50f47d5,Автосервис «Автоэлектрик 12V» на ул. Селезнёва,Категория кэшбэка 'Автосервис «Автоэлектрик 12V» на ул. Селезнёва'. Средняя ставка по данным dano.csv: 20.0%,20.00,239,7,20,,,,,
682f4354-3344-42b1-bb9c-9489d6697b57,Автосервис «Графит» на Свтлогорской ул,Категория кэшбэка 'Автосервис «Графит» на Свтлогорской ул'. Средняя ставка по данным dano.csv: 20.0%,20.00,393,3,7,,,,,
938aed5f-59ed-4882-b9a8-a72b7dab37a5,Автосервис «ДвижOk» на ул. Маерчака,Категория кэшбэка 'Автосервис «ДвижOk» на ул. Маерчака'. Средняя ставка по данным dano.csv: 20.0%,20.00,761,5,12,,,,,
68861d42-91d1-46a7-92de-f816c5aa7a93,Автосервис «Красногорск-моторс.рф» на Центральной ул,Категория кэшбэка 'Автосервис «Красногорск-моторс.рф» на Центральной ул'. Средняя ставка по данным dano.csv: 20.0%,20.00,707,7,20,,,,,
da062286-c1a4-49dc-8d14-4221a931ba97,Автосервис «Ли Авто Север» на Беломорской ул,Категория кэшбэка 'Автосервис «Ли Авто Север» на Беломорской ул'. Средняя ставка по данным dano.csv: 20.0%,20.00,198,3,7,,,,,
8f7c88e2-55ab-4d17-8535-347d75e86046,Автосервис «Моторист» на ул. Шевченко,Категория кэшбэка 'Автосервис «Моторист» на ул. Шевченко'. Средняя ставка по данным dano.csv: 20.0%,20.00,324,5,12,,,,,
c64a406a-b93b-4e16-8673-009671353d19,Автосервис «Перспектива» на Планерной ул,Категория кэшбэка 'Автосервис «Перспектива» на Планерной ул'. Средняя ставка по данным dano.csv: 20.0%,20.00,607,7,20,,,,,
68821fcb-0c47-480d-955f-7dc612280d15,Автосервис «Рэйвен Рэпаир» на ул. Складочная,Категория кэшбэка 'Автосервис «Рэйвен Рэпаир» на ул. Складочная'. Средняя ставка по данным dano.csv: 20.0%,20.00,577,3,7,,,,,
9ccb1cc1-fdb9-4a36-9c06-dc43d4dd24e3,Автосервис и автостоянка на Развилке,Категория кэшбэка 'Автосервис и автостоянка на Развилке'. Средняя ставка по данным dano.csv: 20.0%,20.00,752,5,12,,,,,
8997983e-4c99-44b4-b73e-c02e54fbc53a,Автосервис «Кибер Механик» на ул. Северная,Категория кэшбэка 'Автосервис «Кибер Механик» на ул. Северная'. Средняя ставка по данным dano.csv: 20.0%,20.00,376,7,20,,,,,
6d23b289-e303-452c-894b-65a70dbd5ddc,Автосервис «Торг транс» на ул. Кудрявцева,Категория кэшбэка 'Автосервис «Торг транс» на ул. Кудрявцева'. Средняя ставка по данным dano.csv: 20.0%,20.00,192,3,7,,,,,
8c105f22-f37b-42a7-b8dc-93cb6e38ffa3,Автосервисы в Городе,Категория кэшбэка 'Автосервисы в Городе'. Средняя ставка по данным dano.csv: 18.0%,17.98,1,5,12,,,,,
506a7d76-9fcb-4bad-af18-f1e14019d4d0,Автотехцентр «Максус» в Рупасовском пер,Категория кэшбэка 'Автотехцентр «Максус» в Рупасовском пер'. Средняя ставка по данным dano.csv: 20.0%,20.00,595,7,20,,,,,
e7865ac9-ad3c-4f98-ae34-ff67d88b924b,Автоуслуги,Категория кэшбэка 'Автоуслуги'. Средняя ставка по данным dano.csv: 5.0%,5.00,10,3,7,,,,,
3a155463-aa04-4c93-b59b-25a424028925,Автошкола «Победа» на Люблинской ул,Категория кэшбэка 'Автошкола «Победа» на Люблинской ул'. Средняя ставка по данным dano.csv: 20.0%,20.00,679,5,12,,,,,
264845d6-f7e3-47c8-9f8e-e1c6462589ef,Автоэлектрик 12V на ул.Ковалёва,Категория кэшбэка 'Автоэлектрик 12V на ул.Ковалёва'. Средняя ставка по данным dano.csv: 20.0%,20.00,694,7,20,,,,,
a8197bc8-2c85-4092-89d1-6ec674d75b23,Автоэлектрик 12V на ул.Монтажников,Категория кэшбэка 'Автоэлектрик 12V на ул.Монтажников'. Средняя ставка по данным dano.csv: 20.0%,20.00,673,3,7,,,,,
17364940-1228-48ee-8846-863656fbf354,Автоэлектрик 12V на ул.имени Дзержинского,Категория кэшбэка 'Автоэлектрик 12V на ул.имени Дзержинского'. Средняя ставка по данным dano.csv: 20.0%,20.00,686,5,12,,,,,
7fd2b04a-7a64-4997-b258-dbe7152f6799,Адвокатский кабинет Куклина В.В. на ул. Кирова,Категория кэшбэка 'Адвокатский кабинет Куклина В.В. на ул. Кирова'. Средняя ставка по данным dano.csv: 20.0%,20.00,593,7,20,,,,,
df64ec80-942c-4de3-ac5d-24453ae23f57,Азбука Парфюма на пр-те Октября,Категория кэшбэка 'Азбука Парфюма на пр-те Октября'. Средняя ставка по данным dano.csv: 20.0%,20.00,390,3,7,,,,,
31ab42db-3bcd-48b5-9404-823dbadb4623,Академия детства «Совята» на ул. Селькоровская,Категория кэшбэка 'Академия детства «Совята» на ул. Селькоровская'. Средняя ставка по данным dano.csv: 20.0%,20.00,481,5,12,,,,,
db5d2cac-c5d3-475c-a4c6-4d4b8d4d4984,Академия красоты Анны Король на ул. Тосина,Категория кэшбэка 'Академия красоты Анны Король на ул. Тосина'. Средняя ставка по данным dano.csv: 20.0%,20.00,233,7,20,,,,,
5969d92c-8da2-4a94-8ef0-9e6474a441f4,Аккумуляторы «АнуБат» на Пригородной ул,Категория кэшбэка 'Аккумуляторы «АнуБат» на Пригородной ул'. Средняя ставка по данным dano.csv: 20.0%,20.00,357,3,7,,,,,
4ec0133a-e0ab-4b3a-af3b-b6eeacefd20c,Аккумуляторы «Заряд» на пр-те Космонавтов,Категория кэшбэка 'Аккумуляторы «Заряд» на пр-те Космонавтов'. Средняя ставка по данным dano.csv: 20.0%,20.00,763,5,12,,,,,
0049b468-1e80-44e9-a458-e2c5528eb801,Аксессуары из кожи «Афро Экзотика» на ул. Ленина,Категория кэшбэка 'Аксессуары из кожи «Афро Экзотика» на ул. Ленина'. Средняя ставка по данным dano.csv: 20.0%,20.00,504,7,20,,,,,
3ebc624b-4db1-45ed-9ea6-81b3bddfaef2,Аксессуары к телефонам Mr. Bron на ул. Сергеева,Категория кэшбэка 'Аксессуары к телефонам Mr. Bron на ул. Сергеева'. Средняя ставка по данным dano.csv: 20.0%,20.00,676,3,7,,,,,
d6f4d89c-5d07-490e-b657-71f4c217cf6d,Акт на ул. 30 лет Победы,Категория кэшбэка 'Акт на ул. 30 лет Победы'. Средняя ставка по данным dano.csv: 20.0%,20.00,222,5,12,,,,,
1b95c752-fef6-4e2e-bc8f-d6c3169ed92b,"Алло, Кроссовки? на пр. им. Петра Столыпина","Категория кэшбэка 'Алло, Кроссовки? на пр. им. Петра Столыпина'. Средняя ставка по данным dano.csv: 20.0%",20.00,303,7,20,,,,,
491e0e97-3dd0-40c2-8399-2553a6cbfe5b,Алтайская лавка здоровья на ул. Рогожский Поселок,Категория кэшбэка 'Алтайская лавка здоровья на ул. Рогожский Поселок'. Средняя ставка по данным dano.csv: 20.0%,20.00,382,3,7,,,,,
69d1225c-5b46-4f64-bd26-a2f9b7825678,Альком на ул. Ленина,Категория кэшбэка 'Альком на ул. Ленина'. Средняя ставка по данным dano.csv: 20.0%,20.00,274,5,12,,,,,
85b2e646-5f57-4689-9454-60f33ad0f527,Анализы в СберЗдоровье,Категория кэшбэка 'Анализы в СберЗдоровье'. Средняя ставка по данным dano.csv: 25.0%,25.00,2,7,20,,,,,
36c70fda-12c9-4a2c-8003-1ed49d9033f0,Анализы от СберЗдоровья,Категория кэшбэка 'Анализы от СберЗдоровья'. Средняя ставка по данным dano.csv: 25.0%,25.00,1,3,7,,,,,
3e7a95f3-060b-4965-8451-359ccadbb3cb,Ананасовый Экспресс на ул Металлистов,Категория кэшбэка 'Ананасовый Экспресс на ул Металлистов'. Средняя ставка по данным dano.csv: 20.0%,20.00,791,5,12,,,,,
5b6b2e58-e032-448f-8130-052ef94233cc,Антикафе Let's Play в ТЦ Куба,Категория кэшбэка 'Антикафе Let's Play в ТЦ Куба'. Средняя ставка по данным dano.csv: 20.0%,20.00,468,7,20,,,,,
1dc4f72c-e1f2-4ef1-8f18-e1e47adce33d,Апгрейд-Сервис на Коммунистическом пр-те,Категория кэшбэка 'Апгрейд-Сервис на Коммунистическом пр-те'. Средняя ставка по данным dano.csv: 20.0%,20.00,780,3,7,,,,,
5a02f019-58c4-4517-b357-af4fe68e0b6d,Аптеки,Категория кэшбэка 'Аптеки'. Средняя ставка по данным dano.csv: 5.0%,5.01,70,5,12,,,,,
0d59e2ba-b6ef-4378-a1d4-b73b1bf6f2d3,Аптеки каждый месяц,Категория кэшбэка 'Аптеки каждый месяц'. Средняя ставка по данным dano.csv: 5.0%,5.00,283,7,20,,,,,
07379508-e1dd-4fa8-9237-966ebcd48bdd,Арена Swim на пр-те Ямашева,Категория кэшбэка 'Арена Swim на пр-те Ямашева'. Средняя ставка по данным dano.csv: 20.0%,20.00,351,3,7,,,,,
e6b22aa1-28b2-4dd7-abc3-37689314dc9f,"Ариран на 
ул. Магомедтагирова","Категория кэшбэка 'Ариран на 
ул. Магомедтагирова'. Средняя ставка по данным dano.csv: 20.0%",20.00,355,5,12,,,,,
bd2e6ecd-00d6-4e2b-8fca-255fdb5b9fcc,Армлайт на ул. Александра Козицына,Категория кэшбэка 'Армлайт на ул. Александра Козицына'. Средняя ставка по данным dano.csv: 20.0%,20.00,521,7,20,,,,,
b02e9692-417e-48de-93d6-91ba112f74fc,Арт Мангал на ул. Кижеватова,Категория кэшбэка 'Арт Мангал на ул. Кижеватова'. Средняя ставка по данным dano.csv: 20.0%,20.00,750,3,7,,,,,
0f21c3a3-3aaf-45f0-ac79-dffd96777531,Арт Студио на ул. Казачья Гора,Категория кэшбэка 'Арт Студио на ул. Казачья Гора'. Средняя ставка по данным dano.csv: 20.0%,20.00,267,5,12,,,,,
1a30bf07-49b0-4e71-899f-6840752ebafe,Арт70 на пр-те Ленина,Категория кэшбэка 'Арт70 на пр-те Ленина'. Средняя ставка по данным dano.csv: 20.0%,20.00,340,7,20,,,,,
341de02a-a559-4954-b650-0f0c68c64132,АртЛаб на пр-те Труда,Категория кэшбэка 'АртЛаб на пр-те Труда'. Средняя ставка по данным dano.csv: 20.0%,20.00,354,3,7,,,,,
2b3c8c0d-4105-4f06-bcf7-8047f5d9acc2,АртФлора на пр. Мусы Джалиля,Категория кэшбэка 'АртФлора на пр. Мусы Джалиля'. Средняя ставка по данным dano.csv: 20.0%,20.00,594,5,12,,,,,
cfbcfe81-cf34-4dfa-a25d-263ec7d665b4,Артур кофе на ул. Народного Ополчения,Категория кэшбэка 'Артур кофе на ул. Народного Ополчения'. Средняя ставка по данным dano.csv: 20.0%,20.00,244,7,20,,,,,
aec36f43-b7e1-4daa-a8ad-02cfe79384f0,Ателье Bliznets на Пискарёвском пр-те,Категория кэшбэка 'Ателье Bliznets на Пискарёвском пр-те'. Средняя ставка по данным dano.csv: 20.0%,20.00,601,3,7,,,,,
ffc88749-6c00-4c97-817d-1dedc2ecea19,Ателье Jean-Ivan Popinaco,Категория кэшбэка 'Ателье Jean-Ivan Popinaco'. Средняя ставка по данным dano.csv: 20.0%,20.00,747,5,12,,,,,
a4eea6a0-3dcb-4eaf-95da-d1bba2266ba2,Ателье Nari на пер. 1-й Котляковский,Категория кэшбэка 'Ателье Nari на пер. 1-й Котляковский'. Средняя ставка по данным dano.csv: 20.0%,20.00,607,7,20,,,,,
82d9e0c6-6270-408a-91c0-bca235a7b3cb,Ателье «Дубки» на Дмитровском ш,Категория кэшбэка 'Ателье «Дубки» на Дмитровском ш'. Средняя ставка по данным dano.csv: 20.0%,20.00,386,3,7,,,,,
430570d6-fce3-4ff9-be0f-ee6b2f4bdb70,Ателье «Мадам Жабо» на Пейзажной ул,Категория кэшбэка 'Ателье «Мадам Жабо» на Пейзажной ул'. Средняя ставка по данным dano.csv: 20.0%,20.00,230,5,12,,,,,
778a3834-b6cf-402f-8aa9-d323779f93aa,Ателье «Модный стиль» на ул. 25 Сентября,Категория кэшбэка 'Ателье «Модный стиль» на ул. 25 Сентября'. Средняя ставка по данным dano.csv: 20.0%,20.00,220,7,20,,,,,
9a007706-3bd3-4794-a5bf-ff8625402853,Ателье «Шик&Шов» на Красноармейской ул,Категория кэшбэка 'Ателье «Шик&Шов» на Красноармейской ул'. Средняя ставка по данным dano.csv: 20.0%,20.00,389,3,7,,,,,
56022be2-2fb3-4e29-a961-6c47ce149387,Ателье Марины Омелли на ул. Малая Грузинская,Категория кэшбэка 'Ателье Марины Омелли на ул. Малая Грузинская'. Средняя ставка по данным dano.csv: 20.0%,20.00,572,5,12,,,,,
09687ccf-719f-4d10-9126-5ecdbe1e9e5d,Аурели-Дент на Покровской ул,Категория кэшбэка 'Аурели-Дент на Покровской ул'. Средняя ставка по данным dano.csv: 20.0%,20.00,587,7,20,,,,,
379369f2-1649-48a5-aab9-fc7de24ab8eb,Аурелия на Республиканской ул,Категория кэшбэка 'Аурелия на Республиканской ул'. Средняя ставка по данным dano.csv: 20.0%,20.00,320,3,7,,,,,
6cc7d949-3b8d-465b-9473-96d82af7f504,Афиша в Городе,Категория кэшбэка 'Афиша в Городе'. Средняя ставка по данным dano.csv: 23.2%,23.20,11,5,12,,,,,
c68f1ab4-e4e9-410a-852e-c2860ecb0e90,Афиша с Pro,Категория кэшбэка 'Афиша с Pro'. Средняя ставка по данным dano.csv: 15.0%,15.00,311,7,20,,,,,
9b43c6d0-9877-4b50-a3ae-49976347215f,Бабл Вуф на ул. Покровка,Категория кэшбэка 'Бабл Вуф на ул. Покровка'. Средняя ставка по данным dano.csv: 20.0%,20.00,755,3,7,,,,,
3dbf3695-decc-44b3-b58c-57ad50cea005,Балет с 2 лет на Павшинском б-ре,Категория кэшбэка 'Балет с 2 лет на Павшинском б-ре'. Средняя ставка по данным dano.csv: 20.0%,20.00,799,5,12,,,,,
e2ba670c-9fb7-45b6-91ea-ba88b06cdba5,Балет с 2 лет на Первомайской ул,Категория кэшбэка 'Балет с 2 лет на Первомайской ул'. Средняя ставка по данным dano.csv: 20.0%,20.00,271,7,20,,,,,
cf489b85-d9db-4a18-9984-7c30ed2a9ba1,Баня № 4 «Культура пара» на ул. Ломоносова,Категория кэшбэка 'Баня № 4 «Культура пара» на ул. Ломоносова'. Средняя ставка по данным dano.csv: 20.0%,20.00,356,3,7,,,,,
76e9ffc4-6f05-469e-9cda-88a1f59aed60,Барбер Бро на Кантемировской ул,Категория кэшбэка 'Барбер Бро на Кантемировской ул'. Средняя ставка по данным dano.csv: 20.0%,20.00,218,5,12,,,,,
5eb6048d-2fc0-4c4d-9cda-4a9d5cc317f3,БарберДом на ул. Байбакова,Категория кэшбэка 'БарберДом на ул. Байбакова'. Средняя ставка по данным dano.csv: 20.0%,20.00,497,7,20,,,,,
9bf7860e-ba3d-4073-b300-eb36d76328d3,Барбершоп Blade & Brothers на ул. Ямского Поля,Категория кэшбэка 'Барбершоп Blade & Brothers на ул. Ямского Поля'. Средняя ставка по данным dano.csv: 20.0%,20.00,663,3,7,,,,,
8b638ad0-a66a-4282-939c-0de95a51038d,Барбершоп Britva на Коломяжском пр-те,Категория кэшбэка 'Барбершоп Britva на Коломяжском пр-те'. Средняя ставка по данным dano.csv: 20.0%,20.00,341,5,12,,,,,
6993017d-e1ab-49cb-8269-a527cbd39ea2,Барбершоп ByDragich на ул. Валерия Гаврилина,Категория кэшбэка 'Барбершоп ByDragich на ул. Валерия Гаврилина'. Средняя ставка по данным dano.csv: 20.0%,20.00,107,7,20,,,,,
366afb9c-625b-40de-90aa-fc5338b44245,Барбершоп Chaplin на ш. Московское,Категория кэшбэка 'Барбершоп Chaplin на ш. Московское'. Средняя ставка по данным dano.csv: 20.0%,20.00,463,3,7,,,,,
3a8d3416-35ec-445c-a04d-c893d20170e5,Барбершоп Cutmann на ул. Генерала Маргелова,Категория кэшбэка 'Барбершоп Cutmann на ул. Генерала Маргелова'. Средняя ставка по данным dano.csv: 20.0%,20.00,593,5,12,,,,,
dea5a517-754d-43d1-a680-fdf63a5ccaf1,Барбершоп Gentleman на Советской ул,Категория кэшбэка 'Барбершоп Gentleman на Советской ул'. Средняя ставка по данным dano.csv: 20.0%,20.00,682,7,20,,,,,
a1d67da6-3008-4c61-bdab-37ac18347ed9,Барбершоп Gentlemen's Club на ул. Автозаводская,Категория кэшбэка 'Барбершоп Gentlemen's Club на ул. Автозаводская'. Средняя ставка по данным dano.csv: 20.0%,20.00,631,3,7,,,,,
09d11358-827d-485c-8aed-7411577e1d37,Барбершоп Maleborn на пр-те Ленина,Категория кэшбэка 'Барбершоп Maleborn на пр-те Ленина'. Средняя ставка по данным dano.csv: 20.0%,20.00,102,5,12,,,,,
38a48dbc-2cb0-434d-9987-943f9ba984c8,Барбершоп ManZone на просп. Энергетиков,Категория кэшбэка 'Барбершоп ManZone на просп. Энергетиков'. Средняя ставка по данным dano.csv: 20.0%,20.00,235,7,20,,,,,
2fe0d010-db0c-48f0-969f-52b735bbb323,Барбершоп Mesto,Категория кэшбэка 'Барбершоп Mesto'. Средняя ставка по данным dano.csv: 20.0%,20.00,323,3,7,,,,,
6199eb2a-5c51-46aa-8f4b-4bf183586676,Барбершоп Mr. Kg в 1-м Боткинском пр-де,Категория кэшбэка 'Барбершоп Mr. Kg в 1-м Боткинском пр-де'. Средняя ставка по данным dano.csv: 20.0%,20.00,774,5,12,,,,,
cd4f0be5-bd0b-4fbc-bcd4-d15330dd8ce5,Барбершоп OldBoy на Парковой ул,Категория кэшбэка 'Барбершоп OldBoy на Парковой ул'. Средняя ставка по данным dano.csv: 20.0%,20.00,270,7,20,,,,,
7e9040a2-266b-46ae-99c8-ffd6546a1980,Барбершоп Pablo's на ул. 9 Мая,Категория кэшбэка 'Барбершоп Pablo's на ул. 9 Мая'. Средняя ставка по данным dano.csv: 20.0%,20.00,157,3,7,,,,,
922beb0f-52b8-4ec8-9b85-3f20c369997e,Барбершоп Proud в п.Развилка,Категория кэшбэка 'Барбершоп Proud в п.Развилка'. Средняя ставка по данным dano.csv: 20.0%,20.00,234,5,12,,,,,
ece19739-7e5c-47ad-bae7-72d5e371506a,Барбершоп Roots men's cut на Гражданском пр-те,Категория кэшбэка 'Барбершоп Roots men's cut на Гражданском пр-те'. Средняя ставка по данным dano.csv: 20.0%,20.00,482,7,20,,,,,
2ba41c6d-4c82-462d-befb-5525814cd573,Барбершоп Rusel на Протопоповском пер,Категория кэшбэка 'Барбершоп Rusel на Протопоповском пер'. Средняя ставка по данным dano.csv: 20.0%,20.00,660,3,7,,,,,
2897432d-b3e1-4ae3-9217-9577fced918d,Барбершоп SV на пр-кте Ленина,Категория кэшбэка 'Барбершоп SV на пр-кте Ленина'. Средняя ставка по данным dano.csv: 20.0%,20.00,768,5,12,,,,,
eca19163-9614-4341-96bd-dbe8008e2f19,Барбершоп Shoker на Дмитровском ш,Категория кэшбэка 'Барбершоп Shoker на Дмитровском ш'. Средняя ставка по данным dano.csv: 20.0%,20.00,177,7,20,,,,,
608b7607-1eb5-48c9-bde6-817117b5cef1,Барбершоп Shoker на ул. Вилиса Лациса,Категория кэшбэка 'Барбершоп Shoker на ул. Вилиса Лациса'. Средняя ставка по данным dano.csv: 20.0%,20.00,370,3,7,,,,,
c4f8a6e5-6e48-48fa-9844-6089cbc0878c,Барбершоп The Wolf на Краснодарской ул,Категория кэшбэка 'Барбершоп The Wolf на Краснодарской ул'. Средняя ставка по данным dano.csv: 20.0%,20.00,374,5,12,,,,,
66bb3f91-1254-4f15-a1c8-972b4509c800,Барбершоп TopStyle на ул. С.С. Бехтеева,Категория кэшбэка 'Барбершоп TopStyle на ул. С.С. Бехтеева'. Средняя ставка по данным dano.csv: 20.0%,20.00,395,7,20,,,,,
42585adf-e1f4-4922-9902-fcd8a6c295a5,Барбершоп «Акбар» на Муринском пр-кте,Категория кэшбэка 'Барбершоп «Акбар» на Муринском пр-кте'. Средняя ставка по данным dano.csv: 20.0%,20.00,489,3,7,,,,,
6f271804-432d-4d98-b9c6-c74f7fe0dc3e,Барбершоп «Берлога» на ул. Космонавта Леонова,Категория кэшбэка 'Барбершоп «Берлога» на ул. Космонавта Леонова'. Средняя ставка по данным dano.csv: 20.0%,20.00,367,5,12,,,,,
42108ec0-4083-4289-9f81-ab792c5f2711,Барбершоп «Друзья» в Ипподромном пер,Категория кэшбэка 'Барбершоп «Друзья» в Ипподромном пер'. Средняя ставка по данным dano.csv: 20.0%,20.00,200,7,20,,,,,
5bf63f4a-026c-4e89-9e1e-dcb0ef293063,Барбершоп «Культура» на Южном ш,Категория кэшбэка 'Барбершоп «Культура» на Южном ш'. Средняя ставка по данным dano.csv: 20.0%,20.00,610,3,7,,,,,
644941b1-cbb2-4f23-a843-00bfc9f3c3e9,Барбершоп «Лес»,Категория кэшбэка 'Барбершоп «Лес»'. Средняя ставка по данным dano.csv: 20.0%,20.00,351,5,12,,,,,
cab2168a-6421-4f13-a125-615357539839,Барбершоп «Порядок»,Категория кэшбэка 'Барбершоп «Порядок»'. Средняя ставка по данным dano.csv: 20.0%,20.00,609,7,20,,,,,
6df2b0cc-cbd3-4106-bbb1-718afe6a515b,Барбершоп «Сопрано» на Заневском пр-те,Категория кэшбэка 'Барбершоп «Сопрано» на Заневском пр-те'. Средняя ставка по данным dano.csv: 20.0%,20.00,122,3,7,,,,,
14619bf5-ab67-404e-aea3-fb6b9a222c7d,Барбершоп «Топ Мэн» на Московской ул,Категория кэшбэка 'Барбершоп «Топ Мэн» на Московской ул'. Средняя ставка по данным dano.csv: 20.0%,20.00,320,5,12,,,,,
1bc30659-5dd8-43bd-922c-c27f2a3cd385,Барбершоп «Топ Мэн» на ул. Рабочая,Категория кэшбэка 'Барбершоп «Топ Мэн» на ул. Рабочая'. Средняя ставка по данным dano.csv: 20.0%,20.00,793,7,20,,,,,
e2354ad0-ce8e-43a8-87b0-bcb52f8d3bde,Барбершоп «Хэдс» на ул. Льва Кассиля,Категория кэшбэка 'Барбершоп «Хэдс» на ул. Льва Кассиля'. Средняя ставка по данным dano.csv: 20.0%,20.00,411,3,7,,,,,
9e16e1e8-21ab-4dbf-8487-8176a0048953,Барбершоп «Чёрная кость» на ул. Урицкого,Категория кэшбэка 'Барбершоп «Чёрная кость» на ул. Урицкого'. Средняя ставка по данным dano.csv: 20.0%,20.00,792,5,12,,,,,
5f4e202c-077b-4159-bd2f-d6b6273133a9,Барбершоп «Шах» пр-кт Юбилейный,Категория кэшбэка 'Барбершоп «Шах» пр-кт Юбилейный'. Средняя ставка по данным dano.csv: 20.0%,20.00,330,7,20,,,,,
50a636c0-c58d-48fc-8855-0fb46703da04,Барбершоп «Эпоха» на пр-те Славы,Категория кэшбэка 'Барбершоп «Эпоха» на пр-те Славы'. Средняя ставка по данным dano.csv: 20.0%,20.00,719,3,7,,,,,
e0eded85-3c5a-4cde-83e8-eddc7e368426,Барбершоп Mens Only на Рождественской ул,Категория кэшбэка 'Барбершоп Mens Only на Рождественской ул'. Средняя ставка по данным dano.csv: 20.0%,20.00,713,5,12,,,,,
e0525fe6-6499-441e-a24e-19259ca6fd8c,Барбершоп «По-братски» на б-ре Хадии Давлетшиной,Категория кэшбэка 'Барбершоп «По-братски» на б-ре Хадии Давлетшиной'. Средняя ставка по данным dano.csv: 20.0%,20.00,359,7,20,,,,,
d53bb087-8c76-4b32-a4c8-4ae9c6f7f372,Барыни бистро на Вознесенской ул,Категория кэшбэка 'Барыни бистро на Вознесенской ул'. Средняя ставка по данным dano.csv: 20.0%,20.00,216,3,7,,,,,
43e64b1e-193f-47e3-b15c-9b174e34f66a,Батарейкин в ТЦ Академический,Категория кэшбэка 'Батарейкин в ТЦ Академический'. Средняя ставка по данным dano.csv: 20.0%,20.00,633,5,12,,,,,
2910f239-7922-4294-8e6e-9495decd98c7,Безалкогольные напитки SIP на Большой Покровской ул,Категория кэшбэка 'Безалкогольные напитки SIP на Большой Покровской ул'. Средняя ставка по данным dano.csv: 20.0%,20.00,532,7,20,,,,,
22cdb6b9-eaef-4051-82da-a61ef7de2603,Белорусский трикотаж на Кисловодской ул,Категория кэшбэка 'Белорусский трикотаж на Кисловодской ул'. Средняя ставка по данным dano.csv: 20.0%,20.00,720,3,7,,,,,
0e8face0-b42a-418d-acbf-f00ebe5eb9b2,Бенарис на ул. Якоби,Категория кэшбэка 'Бенарис на ул. Якоби'. Средняя ставка по данным dano.csv: 20.0%,20.00,238,5,12,,,,,
36804c66-365c-4e19-88bb-3dcb738b5b9e,Бибарсов по-Елюзански на Аграрной ул,Категория кэшбэка 'Бибарсов по-Елюзански на Аграрной ул'. Средняя ставка по данным dano.csv: 20.0%,20.00,318,7,20,,,,,
a54a4a44-7db9-4181-99d9-9d377a1665ff,Бибарсов по-Елюзански на Московском рынке,Категория кэшбэка 'Бибарсов по-Елюзански на Московском рынке'. Средняя ставка по данным dano.csv: 20.0%,20.00,314,3,7,,,,,
446a5e2b-14f4-4696-8328-2fdb585ca036,Бильярдный клуб «По Шарам» на Артиллерийской ул,Категория кэшбэка 'Бильярдный клуб «По Шарам» на Артиллерийской ул'. Средняя ставка по данным dano.csv: 20.0%,20.00,299,5,12,,,,,
2f31afb0-9443-4f3a-ad37-eb7d6ddde779,"Бионика Beauty на 
наб. реки Каменки","Категория кэшбэка 'Бионика Beauty на 
наб. реки Каменки'. Средняя ставка по данным dano.csv: 20.0%",20.00,206,7,20,,,,,
41ff28dd-17d7-4a46-bffb-936d2668ed78,Бистро на Совхозной ул,Категория кэшбэка 'Бистро на Совхозной ул'. Средняя ставка по данным dano.csv: 20.0%,20.00,456,3,7,,,,,
4d22ee38-af82-4b01-8f5d-def90fa4ed93,Боди Топ на Муравской ул,Категория кэшбэка 'Боди Топ на Муравской ул'. Средняя ставка по данным dano.csv: 20.0%,20.00,541,5,12,,,,,
09e0f1d9-b4d4-43c7-9fc9-1a5b5942c4c4,Болгар-Казан Тюбэтэе на ул. Габдуллы Тукая,Категория кэшбэка 'Болгар-Казан Тюбэтэе на ул. Габдуллы Тукая'. Средняя ставка по данным dano.csv: 20.0%,20.00,366,7,20,,,,,
baeb3ceb-6d42-4cd9-9280-701099a90a10,Боровичи на ул. 9 Января,Категория кэшбэка 'Боровичи на ул. 9 Января'. Средняя ставка по данным dano.csv: 20.0%,20.00,123,3,7,,,,,
4d95f23f-c1c5-4dc8-8e49-0b856f96df19,Бош Автосервис на Набережной ул,Категория кэшбэка 'Бош Автосервис на Набережной ул'. Средняя ставка по данным dano.csv: 20.0%,20.00,224,5,12,,,,,
e491da79-1b85-475c-81fc-4891e73726f0,БрэндВыШью на ул. Путевая,Категория кэшбэка 'БрэндВыШью на ул. Путевая'. Средняя ставка по данным dano.csv: 20.0%,20.00,709,7,20,,,,,
edb0aedd-a00c-41c5-8d80-6d5aca6daea9,Букетная дивница в мкр. Королева,Категория кэшбэка 'Букетная дивница в мкр. Королева'. Средняя ставка по данным dano.csv: 20.0%,20.00,109,3,7,,,,,
d94e454e-cf20-4a51-adc6-4aeb465fa7ad,Букетная лавка «Расцветай» на ул. Селезнёва,Категория кэшбэка 'Букетная лавка «Расцветай» на ул. Селезнёва'. Средняя ставка по данным dano.csv: 20.0%,20.00,535,5,12,,,,,
a8bd242c-320f-48fc-8ebc-86f69e8fc578,Букетомания на Южной ул,Категория кэшбэка 'Букетомания на Южной ул'. Средняя ставка по данным dano.csv: 20.0%,20.00,231,7,20,,,,,
549e80b3-6307-412d-8c34-f75d0d6d8466,Букетоника на Советской ул,Категория кэшбэка 'Букетоника на Советской ул'. Средняя ставка по данным dano.csv: 20.0%,20.00,199,3,7,,,,,
38e45097-aa2e-4b42-9b38-82c377110ae0,Булочная «Пионер» на пр-те Ленина,Категория кэшбэка 'Булочная «Пионер» на пр-те Ленина'. Средняя ставка по данным dano.csv: 20.0%,20.00,373,5,12,,,,,
2e6d645f-1eaa-4c4a-8369-90bd4c0affcd,Булочная-кондитерская на Ленинском пр-те,Категория кэшбэка 'Булочная-кондитерская на Ленинском пр-те'. Средняя ставка по данным dano.csv: 20.0%,20.00,400,7,20,,,,,
4a66ce32-a18b-4066-8c91-63dc8e7a5255,Бум Кидс на ул. Машиностроителей,Категория кэшбэка 'Бум Кидс на ул. Машиностроителей'. Средняя ставка по данным dano.csv: 20.0%,20.00,237,3,7,,,,,
9803a548-e436-4496-843f-2d470b19d2c5,БумШар на Садовой ул,Категория кэшбэка 'БумШар на Садовой ул'. Средняя ставка по данным dano.csv: 20.0%,20.00,305,5,12,,,,,
c1f7200d-2e6e-487a-ace7-b70bed5ca487,Бумфетти на Ново-Садовой ул,Категория кэшбэка 'Бумфетти на Ново-Садовой ул'. Средняя ставка по данным dano.csv: 20.0%,20.00,589,7,20,,,,,
cc3d61f7-a6df-44bd-ba3e-e555d3708ccd,Бургер Хаус на Ленинградском пр-те,Категория кэшбэка 'Бургер Хаус на Ленинградском пр-те'. Средняя ставка по данным dano.csv: 20.0%,20.00,370,3,7,,,,,
8e5b43ae-db1f-439b-a6c5-59e75b439e0d,Бутик «Сезоны» на Красной ул,Категория кэшбэка 'Бутик «Сезоны» на Красной ул'. Средняя ставка по данным dano.csv: 20.0%,20.00,229,5,12,,,,,
e18a65c5-8a46-4222-afbe-9424f05c9b09,Бутик цветов Camelia на Октябрьской ул,Категория кэшбэка 'Бутик цветов Camelia на Октябрьской ул'. Средняя ставка по данным dano.csv: 20.0%,20.00,578,7,20,,,,,
cee77354-fcfb-482f-a448-4d111e5c57f4,Бутик цветов La Leli на 1-й Квесисской ул,Категория кэшбэка 'Бутик цветов La Leli на 1-й Квесисской ул'. Средняя ставка по данным dano.csv: 20.0%,20.00,735,3,7,,,,,
4c1d8f89-69c0-4e17-ab4b-232048634ee2,Быстрое питание «Большой Ребровски» на ул. Мичурина,Категория кэшбэка 'Быстрое питание «Большой Ребровски» на ул. Мичурина'. Средняя ставка по данным dano.csv: 20.0%,20.00,514,5,12,,,,,
5421aa7b-a6ff-46a7-85ae-9c2633c299db,Быстрое питание «Доставка-58» на Ладожской ул,Категория кэшбэка 'Быстрое питание «Доставка-58» на Ладожской ул'. Средняя ставка по данным dano.csv: 20.0%,20.00,456,7,20,,,,,
0b8bcdb0-3370-40e0-bc73-2994fd5c018b,Быстрое питание «Катарина» на Инструментальной ул,Категория кэшбэка 'Быстрое питание «Катарина» на Инструментальной ул'. Средняя ставка по данным dano.csv: 20.0%,20.00,242,3,7,,,,,
91af5f9b-e61d-403f-833a-8f6edf00cf75,Быстрое питание «Кебабстер» на ул. пирогова,Категория кэшбэка 'Быстрое питание «Кебабстер» на ул. пирогова'. Средняя ставка по данным dano.csv: 20.0%,20.00,646,5,12,,,,,
175574d0-d4b5-43fe-9610-4d82982c595b,Быстрое питание «Лаваш и мясо» на ул. Кирова,Категория кэшбэка 'Быстрое питание «Лаваш и мясо» на ул. Кирова'. Средняя ставка по данным dano.csv: 20.0%,20.00,595,7,20,,,,,
fa3672eb-403d-4d64-bc1b-cb5dc1567b74,Быстрое питание «Мидийный дом» в ТЦ ЦУМ,Категория кэшбэка 'Быстрое питание «Мидийный дом» в ТЦ ЦУМ'. Средняя ставка по данным dano.csv: 20.0%,20.00,669,3,7,,,,,
a4976bd0-e2f2-47b2-956e-e48d85bcac61,Быстрое питание «Смак» на Стартовой ул,Категория кэшбэка 'Быстрое питание «Смак» на Стартовой ул'. Средняя ставка по данным dano.csv: 20.0%,20.00,563,5,12,,,,,
ccfb9ed3-86d5-4d5c-ba15-654ef5686724,Бьюти бар «Рыжая Я» на ул. Тевосяна,Категория кэшбэка 'Бьюти бар «Рыжая Я» на ул. Тевосяна'. Средняя ставка по данным dano.csv: 20.0%,20.00,175,7,20,,,,,
5ee7667f-1892-4165-bde4-1cb2b44c3596,Бьюти-бар «Одри» на ул. 8 Марта,Категория кэшбэка 'Бьюти-бар «Одри» на ул. 8 Марта'. Средняя ставка по данным dano.csv: 20.0%,20.00,453,3,7,,,,,
83a60c2e-4158-4ad6-b723-85f395959f55,Бьюти-студия «База»,Категория кэшбэка 'Бьюти-студия «База»'. Средняя ставка по данным dano.csv: 20.0%,20.00,608,5,12,,,,,
e49f5e31-b079-47fa-b235-bbe8073e0d6a,ВакаВака на Вербовой ул,Категория кэшбэка 'ВакаВака на Вербовой ул'. Средняя ставка по данным dano.csv: 20.0%,20.00,551,7,20,,,,,
c835ed3f-f543-4a77-9643-b68f28aab8bf,Ваш Сервис на ул. Кирова,Категория кэшбэка 'Ваш Сервис на ул. Кирова'. Средняя ставка по данным dano.csv: 20.0%,20.00,695,3,7,,,,,
31b0acec-ca47-40a0-a025-63fb27367497,Ваша Медицинская клиника на ул Коминтерна,Категория кэшбэка 'Ваша Медицинская клиника на ул Коминтерна'. Средняя ставка по данным dano.csv: 20.0%,20.00,472,5,12,,,,,
e973d922-3aa7-4ca5-aba0-bc8167b01f3c,Ваша овечка на пр-те Ленина,Категория кэшбэка 'Ваша овечка на пр-те Ленина'. Средняя ставка по данным dano.csv: 20.0%,20.00,354,7,20,,,,,
7b4f7d99-0d66-4379-beaa-d736f83c3377,Веники на ул. Сурикова,Категория кэшбэка 'Веники на ул. Сурикова'. Средняя ставка по данным dano.csv: 20.0%,20.00,238,3,7,,,,,
04de4324-6399-4bc3-a97c-b17164b67b31,Весёлые Шарики на Первомайской ул,Категория кэшбэка 'Весёлые Шарики на Первомайской ул'. Средняя ставка по данным dano.csv: 20.0%,20.00,579,5,12,,,,,
a2066568-548e-4af6-b38b-8f988ed218e6,ВетКлик на ул. Профсоюзная,Категория кэшбэка 'ВетКлик на ул. Профсоюзная'. Средняя ставка по данным dano.csv: 20.0%,20.00,237,7,20,,,,,
0dcab69f-122c-47e2-9777-6be64ac45113,Ветеринарная клиника «Лила»,Категория кэшбэка 'Ветеринарная клиника «Лила»'. Средняя ставка по данным dano.csv: 20.0%,20.00,391,3,7,,,,,
ec51b3ba-1601-4f51-819d-2b5aadb8515b,Ветклиника «Видный» на ул. Анетты Басс,Категория кэшбэка 'Ветклиника «Видный» на ул. Анетты Басс'. Средняя ставка по данным dano.csv: 20.0%,20.00,417,5,12,,,,,
d121010f-5692-4717-bd0a-d9bfa9c8b7fe,Ветклиника МедСвет на Вилькицком б-ре,Категория кэшбэка 'Ветклиника МедСвет на Вилькицком б-ре'. Средняя ставка по данным dano.csv: 20.0%,20.00,116,7,20,,,,,
d292105f-1aaf-403a-9420-1fa09065d877,Вкус Камчатки на б-ре Победы,Категория кэшбэка 'Вкус Камчатки на б-ре Победы'. Средняя ставка по данным dano.csv: 20.0%,20.00,286,3,7,,,,,
f5b7d4c4-bd83-4ed2-8a01-2e7ff16f70ad,Вкус Камчатки на ул. Шишкова,Категория кэшбэка 'Вкус Камчатки на ул. Шишкова'. Средняя ставка по данным dano.csv: 20.0%,20.00,716,5,12,,,,,
83f68e11-e646-4e8e-8264-c196df4d1a1c,ВкусВилл,Категория кэшбэка 'ВкусВилл'. Средняя ставка по данным dano.csv: 5.0%,5.00,688,7,20,,,,,
2528578e-ebb0-42c6-a569-3ff79ed9d0d0,Владимир Мебель в ТЦ Радужный,Категория кэшбэка 'Владимир Мебель в ТЦ Радужный'. Средняя ставка по данным dano.csv: 20.0%,20.00,732,3,7,,,,,
6b58bbb8-5b2f-4199-9ca5-80e41e7d582f,Волна массаж на ул. Дыбенко,Категория кэшбэка 'Волна массаж на ул. Дыбенко'. Средняя ставка по данным dano.csv: 20.0%,20.00,691,5,12,,,,,
97052fda-8dc8-4116-b4b5-9e63acd0cc6a,Вольво Рэй на ул. 2-ой Луч,Категория кэшбэка 'Вольво Рэй на ул. 2-ой Луч'. Средняя ставка по данным dano.csv: 20.0%,20.00,528,7,20,,,,,
25ac02aa-a898-4cb1-9908-ad7dbc66a03a,Восточная шаурма «Замзам» на Будённовском пр-кте,Категория кэшбэка 'Восточная шаурма «Замзам» на Будённовском пр-кте'. Средняя ставка по данным dano.csv: 20.0%,20.00,148,3,7,,,,,
0de71878-62c7-4f64-bf7f-e1d7d64b8601,Все моторы 31 на Промышленной ул,Категория кэшбэка 'Все моторы 31 на Промышленной ул'. Средняя ставка по данным dano.csv: 20.0%,20.00,455,5,12,,,,,
e636c5e9-f98d-4573-ab4c-b8904b207b13,"Все покупки, Платинум","Категория кэшбэка 'Все покупки, Платинум'. Средняя ставка по данным dano.csv: 1.9%",1.89,246,7,20,,,,,
7690fd93-4de3-46df-9987-dd004c4764f9,Газеты и журналы на ул. Юрия Гагарина,Категория кэшбэка 'Газеты и журналы на ул. Юрия Гагарина'. Средняя ставка по данным dano.csv: 20.0%,20.00,673,3,7,,,,,
154ab15f-d82b-49b0-ac28-c8b4f4d945db,Газовое оборудование «КотёлБерри» на Тополиной ул,Категория кэшбэка 'Газовое оборудование «КотёлБерри» на Тополиной ул'. Средняя ставка по данным dano.csv: 20.0%,20.00,724,5,12,,,,,
b5a940cd-cb82-46b5-bb7b-485c984c8632,ГардеробЧик на ул. Льва Толстого,Категория кэшбэка 'ГардеробЧик на ул. Льва Толстого'. Средняя ставка по данным dano.csv: 20.0%,20.00,797,7,20,,,,,
6b30e9ee-e1c9-4c20-88b2-386213563dea,Гармония Вкуса на Прекрасной ул,Категория кэшбэка 'Гармония Вкуса на Прекрасной ул'. Средняя ставка по данным dano.csv: 20.0%,20.00,156,3,7,,,,,
b1d49dc8-7cde-44ac-b53a-5dceb2062914,Гармония Вкуса на ул. Котова,Категория кэшбэка 'Гармония Вкуса на ул. Котова'. Средняя ставка по данным dano.csv: 20.0%,20.00,791,5,12,,,,,
18d91e68-060f-4582-a707-0e8134b05247,Гастробистро Bilch на Профсоюзной ул,Категория кэшбэка 'Гастробистро Bilch на Профсоюзной ул'. Средняя ставка по данным dano.csv: 20.0%,20.00,197,7,20,,,,,
efbf8706-853d-4e42-9707-3d2ab41dbf51,Гейм Cтрит на ул. Шевченко,Категория кэшбэка 'Гейм Cтрит на ул. Шевченко'. Средняя ставка по данным dano.csv: 20.0%,20.00,425,3,7,,,,,
a56a914e-07e9-4a40-b1e9-95fe45a7e512,Гелиевые шары DeKat,Категория кэшбэка 'Гелиевые шары DeKat'. Средняя ставка по данным dano.csv: 20.0%,20.00,467,5,12,,,,,
777bd2fa-e430-405a-bf5b-acafff3960d0,Глобал-Автосервис на ул. Люблинская,Категория кэшбэка 'Глобал-Автосервис на ул. Люблинская'. Средняя ставка по данным dano.csv: 20.0%,20.00,746,7,20,,,,,
235c2629-5a9b-42a0-8229-f976363592aa,Глобус Авто на ул. Александры Монаховой,Категория кэшбэка 'Глобус Авто на ул. Александры Монаховой'. Средняя ставка по данным dano.csv: 20.0%,20.00,661,3,7,,,,,
c2c1a9a3-8659-418f-a502-0de3f64b9057,Гончарная мастерская Forma на ул. Краснопрудная,Категория кэшбэка 'Гончарная мастерская Forma на ул. Краснопрудная'. Средняя ставка по данным dano.csv: 20.0%,20.00,504,5,12,,,,,
5d94de9e-fe02-4abe-a206-446e0a0dc0ae,Горячая выпечка на Советской ул,Категория кэшбэка 'Горячая выпечка на Советской ул'. Средняя ставка по данным dano.csv: 20.0%,20.00,675,7,20,,,,,
bc461140-933b-45ef-8a53-2d53762e4b88,Гости Кофе на Косотурской ул,Категория кэшбэка 'Гости Кофе на Косотурской ул'. Средняя ставка по данным dano.csv: 20.0%,20.00,173,3,7,,,,,
147e1215-3bbf-49b5-9958-a3b56aa96791,Гравити 17 пр. Старопетровский,Категория кэшбэка 'Гравити 17 пр. Старопетровский'. Средняя ставка по данным dano.csv: 20.0%,20.00,598,5,12,,,,,
e1716620-c32d-4b6f-b3fd-7c473a7d5657,Гриль и Лаваш на Советской ул,Категория кэшбэка 'Гриль и Лаваш на Советской ул'. Средняя ставка по данным dano.csv: 20.0%,20.00,757,7,20,,,,,
3c63a46c-1400-44da-84ff-41b02578ade7,Громмоторс на Некрасовской ул,Категория кэшбэка 'Громмоторс на Некрасовской ул'. Средняя ставка по данным dano.csv: 20.0%,20.00,550,3,7,,,,,
1cbfadac-6536-4563-b37c-b15894bafd7b,Грузинская пекарня на ул. Щербакова,Категория кэшбэка 'Грузинская пекарня на ул. Щербакова'. Средняя ставка по данным dano.csv: 20.0%,20.00,522,5,12,,,,,
ede311b6-a033-42ff-9550-5ba79d63c7c5,Груминг салон Sleek на Бокситогорской ул,Категория кэшбэка 'Груминг салон Sleek на Бокситогорской ул'. Средняя ставка по данным dano.csv: 20.0%,20.00,481,7,20,,,,,
f37baa8d-a930-40d2-9f8d-3d87fb095282,Груминг-салон «МиМай» на Амурской ул,Категория кэшбэка 'Груминг-салон «МиМай» на Амурской ул'. Средняя ставка по данным dano.csv: 20.0%,20.00,671,3,7,,,,,
e6629b28-edc4-4f65-9fb5-6a5331f4235f,ДНК Цвета на пр-те Маршала Жукова,Категория кэшбэка 'ДНК Цвета на пр-те Маршала Жукова'. Средняя ставка по данным dano.csv: 20.0%,20.00,152,5,12,,,,,
a1f8a4f4-7558-469b-ade6-3cec0c597917,Дамаск Кебаб на Брантовской дороге,Категория кэшбэка 'Дамаск Кебаб на Брантовской дороге'. Средняя ставка по данным dano.csv: 20.0%,20.00,534,7,20,,,,,
99ece81c-c85b-424f-bb4f-29d53ec06bb9,Дар на 5-ой просеки,Категория кэшбэка 'Дар на 5-ой просеки'. Средняя ставка по данным dano.csv: 20.0%,20.00,279,3,7,,,,,
1c575782-420b-401d-8697-730797e009c2,Дверной рай на ул. 60-й Армии,Категория кэшбэка 'Дверной рай на ул. 60-й Армии'. Средняя ставка по данным dano.csv: 20.0%,20.00,607,5,12,,,,,
f43ab958-023e-4eb6-bc4e-b977b76b931a,Дезинфектор57 на 3-й Курской ул,Категория кэшбэка 'Дезинфектор57 на 3-й Курской ул'. Средняя ставка по данным dano.csv: 20.0%,20.00,742,7,20,,,,,
28cf24fc-8859-444b-bf9e-34508caaf27e,Декоративные краски «Венеция» на пр-те Ленина,Категория кэшбэка 'Декоративные краски «Венеция» на пр-те Ленина'. Средняя ставка по данным dano.csv: 20.0%,20.00,404,3,7,,,,,
cceccf4a-abd5-47eb-8563-6a14b63e1f31,Дента Бейби Семейная на ул. Покрышкина,Категория кэшбэка 'Дента Бейби Семейная на ул. Покрышкина'. Средняя ставка по данным dano.csv: 20.0%,20.00,478,5,12,,,,,
90866172-d38d-4f5f-a0de-e58cfa3d924e,Десертная лавка на Яна Фабрициуса ул,Категория кэшбэка 'Десертная лавка на Яна Фабрициуса ул'. Средняя ставка по данным dano.csv: 20.0%,20.00,534,7,20,,,,,
160f4f75-0fba-4b98-b977-6b36b8c97630,Детейлинг AMD-Garage на ул. Академика Виноградова,Категория кэшбэка 'Детейлинг AMD-Garage на ул. Академика Виноградова'. Средняя ставка по данным dano.csv: 20.0%,20.00,573,3,7,,,,,
5f615b97-b7dd-4246-b182-8ab62287b359,Детейлинг CarTeh Lab на ул. Нансена,Категория кэшбэка 'Детейлинг CarTeh Lab на ул. Нансена'. Средняя ставка по данным dano.csv: 20.0%,20.00,150,5,12,,,,,
d846bb0b-96e0-4da5-ad62-41e3f47fb22a,Детейлинг Vbunkere11 на ул. Лесопарковая,Категория кэшбэка 'Детейлинг Vbunkere11 на ул. Лесопарковая'. Средняя ставка по данным dano.csv: 20.0%,20.00,133,7,20,,,,,
e201e775-c45a-4a7b-b87f-399470ac44a4,Детейлинг-мойка M1 Molecula на ул. Санфировой,Категория кэшбэка 'Детейлинг-мойка M1 Molecula на ул. Санфировой'. Средняя ставка по данным dano.csv: 20.0%,20.00,466,3,7,,,,,
ff614df8-1873-4628-bc63-028524a8b584,Детская одежда Hi Mary на ул. Коммунистической,Категория кэшбэка 'Детская одежда Hi Mary на ул. Коммунистической'. Средняя ставка по данным dano.csv: 20.0%,20.00,254,5,12,,,,,
618b84da-fe26-48ff-aaed-204def88102a,Детская парикмахерская «Кузя» в ТЦ Палитра,Категория кэшбэка 'Детская парикмахерская «Кузя» в ТЦ Палитра'. Средняя ставка по данным dano.csv: 20.0%,20.00,489,7,20,,,,,
c90433bd-8ae5-44a6-a58e-f9e2fbc75447,Детская парикмахерская на ул. Фёдора Абрамова,Категория кэшбэка 'Детская парикмахерская на ул. Фёдора Абрамова'. Средняя ставка по данным dano.csv: 20.0%,20.00,263,3,7,,,,,
c47bb496-e2d5-4d26-8c31-2c2dd76cdb0b,Детская студия красоты «Маленький принц» на ул. Капитанская,Категория кэшбэка 'Детская студия красоты «Маленький принц» на ул. Капитанская'. Средняя ставка по данным dano.csv: 20.0%,20.00,359,5,12,,,,,
bbc27f53-6c1a-4c21-a19e-3b0e88ff5e61,Детская студия праздников «Юзики-Друзики»,Категория кэшбэка 'Детская студия праздников «Юзики-Друзики»'. Средняя ставка по данным dano.csv: 20.0%,20.00,634,7,20,,,,,
62de5b9c-ced9-456e-a3e3-c0af31eaea46,Детские товары в Шопинге,Категория кэшбэка 'Детские товары в Шопинге'. Средняя ставка по данным dano.csv: 18.4%,18.43,713,3,7,,,,,
433517e1-d640-48b8-989e-0b7c1a23dac9,Детский магазин «Милания» на Добросельской ул,Категория кэшбэка 'Детский магазин «Милания» на Добросельской ул'. Средняя ставка по данным dano.csv: 20.0%,20.00,620,5,12,,,,,
7d1323a3-0110-441b-b793-4b00f7bbc56d,Детский мир в Шопинге,Категория кэшбэка 'Детский мир в Шопинге'. Средняя ставка по данным dano.csv: 18.9%,18.94,2,7,20,,,,,
931eb6d2-43f8-4cd2-8d18-27903191caca,Детский развлекательный центр «АИР ПАРК»,Категория кэшбэка 'Детский развлекательный центр «АИР ПАРК»'. Средняя ставка по данным dano.csv: 20.0%,20.00,643,3,7,,,,,
4d3fab00-3a89-4ade-add1-9d7844d74223,Детский сад IKids на Перовской ул,Категория кэшбэка 'Детский сад IKids на Перовской ул'. Средняя ставка по данным dano.csv: 20.0%,20.00,481,5,12,,,,,
eb1275b0-94b5-43ba-b221-060e0b32c551,Детский сад ikids на ул. Туристской,Категория кэшбэка 'Детский сад ikids на ул. Туристской'. Средняя ставка по данным dano.csv: 20.0%,20.00,407,7,20,,,,,
c5c4dc7f-3853-4001-8fd5-55a4fa006d23,Детский сад «Космо Кидс» на Амурской ул,Категория кэшбэка 'Детский сад «Космо Кидс» на Амурской ул'. Средняя ставка по данным dano.csv: 20.0%,20.00,395,3,7,,,,,
f45ab477-6ffb-432d-89b3-28d23099534c,Детский центр «Морошка» на пр. Ленинский,Категория кэшбэка 'Детский центр «Морошка» на пр. Ленинский'. Средняя ставка по данным dano.csv: 20.0%,20.00,581,5,12,,,,,
de204821-58db-4d89-833f-efb7ad11f2ac,Детский центр «Эврика» на ул. Энергетиков,Категория кэшбэка 'Детский центр «Эврика» на ул. Энергетиков'. Средняя ставка по данным dano.csv: 20.0%,20.00,129,7,20,,,,,
43f296d2-ec7a-4856-848b-f908ca292cf5,Детское кафе «Рио» на ул. Пушкина,Категория кэшбэка 'Детское кафе «Рио» на ул. Пушкина'. Средняя ставка по данным dano.csv: 20.0%,20.00,150,3,7,,,,,
f20a2d46-6365-429e-a83e-21609aa73800,Джентльмен by Maranjyan в пр-де Репина,Категория кэшбэка 'Джентльмен by Maranjyan в пр-де Репина'. Средняя ставка по данным dano.csv: 20.0%,20.00,666,5,12,,,,,
e9514928-c977-45fd-972f-e05ee73da4b0,Дикси доставка,Категория кэшбэка 'Дикси доставка'. Средняя ставка по данным dano.csv: 17.2%,17.23,11,7,20,,,,,
d54c52a0-9a15-4168-a1e5-db0560031417,Дина-стом на пр-те Ямашева,Категория кэшбэка 'Дина-стом на пр-те Ямашева'. Средняя ставка по данным dano.csv: 20.0%,20.00,246,3,7,,,,,
ed3db38a-86e2-4de7-b4d8-02323cfa9dd3,Добрая пицца на ул. Татьяны Снежиной,Категория кэшбэка 'Добрая пицца на ул. Татьяны Снежиной'. Средняя ставка по данным dano.csv: 20.0%,20.00,566,5,12,,,,,
48911b78-0c6f-4bb8-8c4f-42c6f7a1a513,Добрыня на ул. Генерала Тюленева,Категория кэшбэка 'Добрыня на ул. Генерала Тюленева'. Средняя ставка по данным dano.csv: 20.0%,20.00,784,7,20,,,,,
df1d8d1b-b50f-4915-ba16-66bf607b47cc,Доктор Лазер на ул. Остужева,Категория кэшбэка 'Доктор Лазер на ул. Остужева'. Средняя ставка по данным dano.csv: 20.0%,20.00,256,3,7,,,,,
edc3d3f2-208b-47d2-9811-842bc8321d57,Долями,Категория кэшбэка 'Долями'. Средняя ставка по данным dano.csv: 10.0%,10.00,1,5,12,,,,,
9d2d8ff0-ab8e-4de5-a071-3634e5a73851,Дом Квестов в пр. Мышкинский,Категория кэшбэка 'Дом Квестов в пр. Мышкинский'. Средняя ставка по данным dano.csv: 20.0%,20.00,509,7,20,,,,,
2f4424c1-2bf1-4762-b473-52dd4596dbe9,Дом Квестов на 1-й Иваньковской ул,Категория кэшбэка 'Дом Квестов на 1-й Иваньковской ул'. Средняя ставка по данным dano.csv: 20.0%,20.00,316,3,7,,,,,
8e9a3a01-5686-4d36-be9d-04a4a55c653e,Дом Квестов на ул. Труфанова,Категория кэшбэка 'Дом Квестов на ул. Труфанова'. Средняя ставка по данным dano.csv: 20.0%,20.00,700,5,12,,,,,
93b80af7-a5bd-4106-a4d4-8e96e78d6a8c,Дом Мод Елена Енисей на ул. бол.Филевская,Категория кэшбэка 'Дом Мод Елена Енисей на ул. бол.Филевская'. Средняя ставка по данным dano.csv: 20.0%,20.00,321,7,20,,,,,
8b7bd9e4-643d-4604-b092-dc2127b8536b,Дом Пекаря на ул. Кирова,Категория кэшбэка 'Дом Пекаря на ул. Кирова'. Средняя ставка по данным dano.csv: 20.0%,20.00,585,3,7,,,,,
3e3fd292-75a8-4127-b0d0-b7b7d329b458,Дом Цветов на пр-те Героев,Категория кэшбэка 'Дом Цветов на пр-те Героев'. Средняя ставка по данным dano.csv: 20.0%,20.00,113,5,12,,,,,
3afb27d3-b0ba-4701-b637-7f3669b4e9a7,Дом Шаров на ул. имени Капитана Ефимова,Категория кэшбэка 'Дом Шаров на ул. имени Капитана Ефимова'. Средняя ставка по данным dano.csv: 20.0%,20.00,608,7,20,,,,,
21d67f26-12be-44cd-bb24-ab1cc6995cf6,Дом и ремонт в Шопинге,Категория кэшбэка 'Дом и ремонт в Шопинге'. Средняя ставка по данным dano.csv: 18.9%,18.91,2,3,7,,,,,
b54f7d4b-c733-42f5-9610-863f6f84b8ce,Дом квестов  1-я Портовая ул,Категория кэшбэка 'Дом квестов  1-я Портовая ул'. Средняя ставка по данным dano.csv: 20.0%,20.00,711,5,12,,,,,
541bda99-ee0c-4d1f-a859-636633699e18,Дом квестов  на Тормозное ш,Категория кэшбэка 'Дом квестов  на Тормозное ш'. Средняя ставка по данным dano.csv: 20.0%,20.00,737,7,20,,,,,
3c22daaf-95f7-4a2c-b5bc-e48e7d17e247,Дом квестов Волжская наб,Категория кэшбэка 'Дом квестов Волжская наб'. Средняя ставка по данным dano.csv: 20.0%,20.00,505,3,7,,,,,
e9b74c2d-d115-4511-8177-6590cb320d5f,Дом квестов на ул Большая Фёдоровская,Категория кэшбэка 'Дом квестов на ул Большая Фёдоровская'. Средняя ставка по данным dano.csv: 20.0%,20.00,478,5,12,,,,,
235fef9a-c70b-41ce-9a44-f30c85d1851d,Дом квестов на ул Лисицына,Категория кэшбэка 'Дом квестов на ул Лисицына'. Средняя ставка по данным dano.csv: 20.0%,20.00,164,7,20,,,,,
150a3912-dbde-4f8a-8943-1678b98cbe64,Дом квестов на ул Песочная,Категория кэшбэка 'Дом квестов на ул Песочная'. Средняя ставка по данным dano.csv: 20.0%,20.00,377,3,7,,,,,
2ebddace-4c1e-4f7b-a96c-fbb5624372ec,Дом красоты Воропановой Анны на ул. Зосимовская,Категория кэшбэка 'Дом красоты Воропановой Анны на ул. Зосимовская'. Средняя ставка по данным dano.csv: 20.0%,20.00,715,5,12,,,,,
e1dad5db-3672-4051-842c-4cd49ccdc4a9,Дом цветов «Ваза» на Вольской ул,Категория кэшбэка 'Дом цветов «Ваза» на Вольской ул'. Средняя ставка по данным dano.csv: 20.0%,20.00,522,7,20,,,,,
5020208f-fead-4002-a76e-4e522173f5af,Домашняя Лавка на Вольной ул,Категория кэшбэка 'Домашняя Лавка на Вольной ул'. Средняя ставка по данным dano.csv: 20.0%,20.00,155,3,7,,,,,
228efab3-6bd8-42ac-83a7-e240411fadd3,Дон Сосисон на пр-те Победы,Категория кэшбэка 'Дон Сосисон на пр-те Победы'. Средняя ставка по данным dano.csv: 20.0%,20.00,431,5,12,,,,,
52e368d6-c846-4756-8049-07c22b1be5c1,Донер кебаб на ул. Благодатная,Категория кэшбэка 'Донер кебаб на ул. Благодатная'. Средняя ставка по данным dano.csv: 20.0%,20.00,561,7,20,,,,,
1875a11f-7990-4080-bf19-ea782ae80205,Досуг,Категория кэшбэка 'Досуг'. Средняя ставка по данным dano.csv: 5.0%,5.00,138,3,7,,,,,
d95d11dd-3df0-4d0f-a27a-10dbe6b9f5d6,Дрифт-картинг CrazyDrift на ул. 1 Мая,Категория кэшбэка 'Дрифт-картинг CrazyDrift на ул. 1 Мая'. Средняя ставка по данным dano.csv: 20.0%,20.00,202,5,12,,,,,
c6c7427d-1723-498d-b9cb-6c33a235e250,Дуплекс Здоровая стопа на Комсомольской ул,Категория кэшбэка 'Дуплекс Здоровая стопа на Комсомольской ул'. Средняя ставка по данным dano.csv: 20.0%,20.00,176,7,20,,,,,
2275b895-897d-4253-b80a-fe9fcffe9dea,ЕАПТЕКА онлайн,Категория кэшбэка 'ЕАПТЕКА онлайн'. Средняя ставка по данным dano.csv: 10.3%,10.27,750,3,7,,,,,
2cb7d1d4-5b4d-4096-abb7-59f3d7b1da75,"ЕМбургер на 
ул. Набережная реки Магаданки","Категория кэшбэка 'ЕМбургер на 
ул. Набережная реки Магаданки'. Средняя ставка по данным dano.csv: 20.0%",20.00,490,5,12,,,,,
df564b7d-3e7a-44b4-bc69-d486f68be48e,Еврокар на Совхозной ул,Категория кэшбэка 'Еврокар на Совхозной ул'. Средняя ставка по данным dano.csv: 20.0%,20.00,518,7,20,,,,,
081982d3-00c0-4666-9afd-935ffd9f0ffb,Евромедсервис в Михайловском пр-де,Категория кэшбэка 'Евромедсервис в Михайловском пр-де'. Средняя ставка по данным dano.csv: 20.0%,20.00,123,3,7,,,,,
0ec721b4-d077-4633-944e-567bca5a0c50,Еда Экспресс на Пролетарской ул,Категория кэшбэка 'Еда Экспресс на Пролетарской ул'. Средняя ставка по данным dano.csv: 20.0%,20.00,201,5,12,,,,,
32e27b90-a55b-4ecc-be51-e27372278391,Емеля на ул. Чапаева,Категория кэшбэка 'Емеля на ул. Чапаева'. Средняя ставка по данным dano.csv: 20.0%,20.00,677,7,20,,,,,
bc7009ff-36e9-422b-9403-2176ffa67fc1,Ж/д билеты,Категория кэшбэка 'Ж/д билеты'. Средняя ставка по данным dano.csv: 5.0%,5.00,13,3,7,,,,,
37be9c7b-a347-4194-bd67-9fd7b6482db3,Живое слово,Категория кэшбэка 'Живое слово'. Средняя ставка по данным dano.csv: 5.0%,5.00,548,5,12,,,,,
76fe8ce1-7f57-424b-9526-c6fbfca4f40a,Животные,Категория кэшбэка 'Животные'. Средняя ставка по данным dano.csv: 5.0%,5.00,9,7,20,,,,,
79b0c39c-ec47-4739-8665-329f682292eb,Закусочная «БеляшОк» на ул. Калинина,Категория кэшбэка 'Закусочная «БеляшОк» на ул. Калинина'. Средняя ставка по данным dano.csv: 20.0%,20.00,608,3,7,,,,,
e61beb8a-7aca-4fe2-b6a2-6659b76a0af1,Зам Зам на пер. Современный,Категория кэшбэка 'Зам Зам на пер. Современный'. Средняя ставка по данным dano.csv: 20.0%,20.00,364,5,12,,,,,
24c2ef98-c380-4a75-b522-ae58a4975044,Зан-Зан на ул. Маяковского,Категория кэшбэка 'Зан-Зан на ул. Маяковского'. Средняя ставка по данным dano.csv: 20.0%,20.00,176,7,20,,,,,
b41c0a1b-6022-4fe2-b774-9e1e0c39c8af,Заправки,Категория кэшбэка 'Заправки'. Средняя ставка по данным dano.csv: 7.0%,6.99,488,3,7,,,,,
a6f458f4-e696-45b0-b3f0-a87256a1dac0,Звезда на Киевской ул,Категория кэшбэка 'Звезда на Киевской ул'. Средняя ставка по данным dano.csv: 20.0%,20.00,760,5,12,,,,,
666cfc56-47b6-417a-9001-6832976b7dcb,Знакомый Доктор на Революционном пр,Категория кэшбэка 'Знакомый Доктор на Революционном пр'. Средняя ставка по данным dano.csv: 20.0%,20.00,565,7,20,,,,,
751181c2-c506-42b5-8958-2f9fc7de6c36,Золотая Камея на пр-те Московский,Категория кэшбэка 'Золотая Камея на пр-те Московский'. Средняя ставка по данным dano.csv: 20.0%,20.00,171,3,7,,,,,
609428fa-49f1-4811-b8f3-8e14c2f7a987,Золото,Категория кэшбэка 'Золото'. Средняя ставка по данным dano.csv: 1.7%,1.65,183,5,12,,,,,
860db35e-2915-4bb7-b3a2-96fab27a4538,Золотое яблоко в Шопинге,Категория кэшбэка 'Золотое яблоко в Шопинге'. Средняя ставка по данным dano.csv: 18.9%,18.86,1,7,20,,,,,
f0478381-a3b0-4d6b-858a-b715ae99ee97,Золотой Дракон в ТЦ Автоград,Категория кэшбэка 'Золотой Дракон в ТЦ Автоград'. Средняя ставка по данным dano.csv: 20.0%,20.00,608,3,7,,,,,
f549176b-c5c1-4037-abf2-ea8ffe27e44c,Золотой лайм в ТЦ Волна,Категория кэшбэка 'Золотой лайм в ТЦ Волна'. Средняя ставка по данным dano.csv: 20.0%,20.00,729,5,12,,,,,
c9e0c304-912e-419c-9316-a6f2e6ca5cf5,Золотой лайм на Салтыковской ул,Категория кэшбэка 'Золотой лайм на Салтыковской ул'. Средняя ставка по данным dano.csv: 20.0%,20.00,235,7,20,,,,,
37afba3e-9424-49b8-9f2f-c012b09918d9,Золотой лайм на Суздальской ул,Категория кэшбэка 'Золотой лайм на Суздальской ул'. Средняя ставка по данным dano.csv: 20.0%,20.00,353,3,7,,,,,
66e06296-9526-491f-b2a8-e72ef8cc3392,Золушка на ул. Энтузиастов,Категория кэшбэка 'Золушка на ул. Энтузиастов'. Средняя ставка по данным dano.csv: 20.0%,20.00,357,5,12,,,,,
6ea8dad2-c9ff-49c1-b24e-fffb18770a35,ЗооДруг на Сибирском пр-те,Категория кэшбэка 'ЗооДруг на Сибирском пр-те'. Средняя ставка по данным dano.csv: 20.0%,20.00,251,7,20,,,,,
f01c1e18-09ab-4d63-83c1-2a598a809fba,Зоомагазин «Акари Киар» на пр-те Комсомольский,Категория кэшбэка 'Зоомагазин «Акари Киар» на пр-те Комсомольский'. Средняя ставка по данным dano.csv: 20.0%,20.00,428,3,7,,,,,
51622e4b-125c-4692-a159-4ded9484984b,Зоомагазин «Аквамарин» на ул. Добровольского,Категория кэшбэка 'Зоомагазин «Аквамарин» на ул. Добровольского'. Средняя ставка по данным dano.csv: 20.0%,20.00,634,5,12,,,,,
faa42fec-bfb6-48e0-a1bf-0691eac6a335,Зоомагазин «Зоосити» на Красной ул,Категория кэшбэка 'Зоомагазин «Зоосити» на Красной ул'. Средняя ставка по данным dano.csv: 20.0%,20.00,553,7,20,,,,,
cc439743-4e1c-4491-9e0f-0610df35649a,Зоомагазин «Рокки» на ул. Скандинавская,Категория кэшбэка 'Зоомагазин «Рокки» на ул. Скандинавская'. Средняя ставка по данным dano.csv: 20.0%,20.00,501,3,7,,,,,
4171fa80-2c2d-4af4-88ae-148cb45e309d,Зоомагазин «Рыжий Кот» на Краснореченской ул,Категория кэшбэка 'Зоомагазин «Рыжий Кот» на Краснореченской ул'. Средняя ставка по данным dano.csv: 20.0%,20.00,594,5,12,,,,,
48e7f291-98f2-447e-ae39-9faf1f7c438a,Зоомагазин на Садовой,Категория кэшбэка 'Зоомагазин на Садовой'. Средняя ставка по данным dano.csv: 20.0%,20.00,611,7,20,,,,,
abd05d5e-980b-4c58-bbbd-9efe7f1a28fb,Зоомагзин «Лапки» в ТЦ Спутник,Категория кэшбэка 'Зоомагзин «Лапки» в ТЦ Спутник'. Средняя ставка по данным dano.csv: 20.0%,20.00,229,3,7,,,,,
e5b052b2-3e9f-4760-8829-0a9102c67daf,Зоосалон «Наше собачье дело» на ул. Братеевская,Категория кэшбэка 'Зоосалон «Наше собачье дело» на ул. Братеевская'. Средняя ставка по данным dano.csv: 20.0%,20.00,439,5,12,,,,,
367d76e1-5a3a-4fc2-a6f7-4b95b49e364f,Игровая комната Play Kids! в ТЦ Время простора,Категория кэшбэка 'Игровая комната Play Kids! в ТЦ Время простора'. Средняя ставка по данным dano.csv: 20.0%,20.00,234,7,20,,,,,
c804d9a2-b054-4d78-8387-6f7d50087e5b,Игровой клуб «Плоешная» на Юбилейной ул,Категория кэшбэка 'Игровой клуб «Плоешная» на Юбилейной ул'. Средняя ставка по данным dano.csv: 20.0%,20.00,250,3,7,,,,,
e3b69e62-d9d2-4953-8baa-3150237ce04e,Ижемские сауны на ул. А.О. Шабалина,Категория кэшбэка 'Ижемские сауны на ул. А.О. Шабалина'. Средняя ставка по данным dano.csv: 20.0%,20.00,607,5,12,,,,,
a909cd49-eea2-4ec0-8fa7-ae31f675e531,Избранные на Навагинской ул,Категория кэшбэка 'Избранные на Навагинской ул'. Средняя ставка по данным dano.csv: 20.0%,20.00,107,7,20,,,,,
9c8783c0-130b-4730-a57b-62419f1d9090,Именные ложки в ТЦ Заневский каскад,Категория кэшбэка 'Именные ложки в ТЦ Заневский каскад'. Средняя ставка по данным dano.csv: 20.0%,20.00,609,3,7,,,,,
d4a64c8f-e2ea-47c3-8d23-23cac0b4716a,Империя Дверей на ул. Ватутина,Категория кэшбэка 'Империя Дверей на ул. Ватутина'. Средняя ставка по данным dano.csv: 20.0%,20.00,778,5,12,,,,,
4b4d1ea6-7d27-4fae-ab82-49ea60b6ec96,Империя Права на Всеволожском пр-те,Категория кэшбэка 'Империя Права на Всеволожском пр-те'. Средняя ставка по данным dano.csv: 20.0%,20.00,100,7,20,,,,,
b3a95bca-41c7-4dc7-9c75-3470b4623657,Инсайт на ул. Куйбышева,Категория кэшбэка 'Инсайт на ул. Куйбышева'. Средняя ставка по данным dano.csv: 20.0%,20.00,789,3,7,,,,,
79bf5ba2-347d-4317-8fb2-81f35a87d543,Искусство,Категория кэшбэка 'Искусство'. Средняя ставка по данным dano.csv: 5.0%,5.00,6,5,12,,,,,
8a72fa74-96e1-453e-99b5-960443999a37,Йога-студия «Река» на ул. Архитектора П.П. Берша,Категория кэшбэка 'Йога-студия «Река» на ул. Архитектора П.П. Берша'. Средняя ставка по данным dano.csv: 20.0%,20.00,250,7,20,,,,,
d8964f5c-2000-4f6e-aa61-c061d3ff9478,Йога-центр «Душа и Тело» на Владивостокской ул,Категория кэшбэка 'Йога-центр «Душа и Тело» на Владивостокской ул'. Средняя ставка по данным dano.csv: 20.0%,20.00,257,3,7,,,,,
56b1b362-af6a-4e45-b90a-b393418622bf,Кабинет диабетической стопы на Вокзальной мгстр,Категория кэшбэка 'Кабинет диабетической стопы на Вокзальной мгстр'. Средняя ставка по данным dano.csv: 20.0%,20.00,644,5,12,,,,,
fd03224a-98c4-4784-8e39-31c138a5b1ca,Кабинет здоровья кожи и волос на Удмуртской ул,Категория кэшбэка 'Кабинет здоровья кожи и волос на Удмуртской ул'. Средняя ставка по данным dano.csv: 20.0%,20.00,413,7,20,,,,,
4f4eca40-0303-4f18-89e0-1921a74d1140,Кабинет косметологии «Цовинар» на Садовнической ул,Категория кэшбэка 'Кабинет косметологии «Цовинар» на Садовнической ул'. Средняя ставка по данным dano.csv: 20.0%,20.00,660,3,7,,,,,
bc3c493f-76b0-4242-945d-f4add0e146f5,Кабинет массажа и косметологии Ольги Большаковой,Категория кэшбэка 'Кабинет массажа и косметологии Ольги Большаковой'. Средняя ставка по данным dano.csv: 20.0%,20.00,427,5,12,,,,,
3af82ba8-845c-4084-a08c-398e95d99045,Кабинет подологи на ул. Чичерина,Категория кэшбэка 'Кабинет подологи на ул. Чичерина'. Средняя ставка по данным dano.csv: 20.0%,20.00,322,7,20,,,,,
ec9068e6-8f14-4b40-b8b5-03c32eb4f21c,Кабинет терапевта Соколова Е.В. на ул. Малова,Категория кэшбэка 'Кабинет терапевта Соколова Е.В. на ул. Малова'. Средняя ставка по данным dano.csv: 20.0%,20.00,435,3,7,,,,,
6e40c492-8b7b-4c07-b7cc-0037cd7d292d,Кадастровый инженер в 1-ом мкр.,Категория кэшбэка 'Кадастровый инженер в 1-ом мкр.'. Средняя ставка по данным dano.csv: 20.0%,20.00,473,5,12,,,,,
07737e4a-9f5a-49fd-b4c7-027d579b43e1,КазФермКолбасы на ул. Фатыха Амирхана,Категория кэшбэка 'КазФермКолбасы на ул. Фатыха Амирхана'. Средняя ставка по данным dano.csv: 20.0%,20.00,354,7,20,,,,,
ab7806b3-0fbe-4195-83f8-e22285bd234b,Казан на ул. Митрофана Седина,Категория кэшбэка 'Казан на ул. Митрофана Седина'. Средняя ставка по данным dano.csv: 20.0%,20.00,410,3,7,,,,,
1aaac39c-d0c2-4cac-8968-0c5e2ae689f7,Какао дом «Ахимса шоколад» на Эльбрусской ул,Категория кэшбэка 'Какао дом «Ахимса шоколад» на Эльбрусской ул'. Средняя ставка по данным dano.csv: 20.0%,20.00,540,5,12,,,,,
c480c830-2b5f-43a7-9b81-ab3ad909144e,Календарь подарков в ТЦ Гелиос,Категория кэшбэка 'Календарь подарков в ТЦ Гелиос'. Средняя ставка по данным dano.csv: 20.0%,20.00,640,7,20,,,,,
ca557dd3-37ad-4b1c-ba2c-172d98c5c126,КанцПарк на просп. Ленина,Категория кэшбэка 'КанцПарк на просп. Ленина'. Средняя ставка по данным dano.csv: 20.0%,20.00,558,3,7,,,,,
283c74ee-9c0d-484d-9d4d-05f0d8637744,Каро Фильм,Категория кэшбэка 'Каро Фильм'. Средняя ставка по данным dano.csv: 5.0%,5.00,346,5,12,,,,,
cab87912-0fbb-4c00-96e6-97ba75fee6a4,Каро на ул. Западный Обход,Категория кэшбэка 'Каро на ул. Западный Обход'. Средняя ставка по данным dano.csv: 20.0%,20.00,620,7,20,,,,,
b91605de-aef3-4021-8505-c12f0830b1ed,Карстаил на ул. Островского,Категория кэшбэка 'Карстаил на ул. Островского'. Средняя ставка по данным dano.csv: 20.0%,20.00,449,3,7,,,,,
d05855ab-cf1e-4988-a145-0f76cb4ffc7e,Каршеринг,Категория кэшбэка 'Каршеринг'. Средняя ставка по данным dano.csv: 5.0%,5.00,1,5,12,,,,,
99d567de-f276-45db-94dc-006088ab13ed,Кафе Caramel в ТЦ Форум,Категория кэшбэка 'Кафе Caramel в ТЦ Форум'. Средняя ставка по данным dano.csv: 20.0%,20.00,599,7,20,,,,,
b28e5b94-6637-45b7-9c08-71920f4f59c1,Кафе Colors на малом пр-те Петроградской стороны,Категория кэшбэка 'Кафе Colors на малом пр-те Петроградской стороны'. Средняя ставка по данным dano.csv: 20.0%,20.00,394,3,7,,,,,
883091a7-5696-4599-8ea3-85095a7191f1,Кафе Denay на ул. Рахова,Категория кэшбэка 'Кафе Denay на ул. Рахова'. Средняя ставка по данным dano.csv: 20.0%,20.00,502,5,12,,,,,
7477306c-5283-41cc-8e93-a5edd69309bb,Кафе Frishka в мкр. Березовый,Категория кэшбэка 'Кафе Frishka в мкр. Березовый'. Средняя ставка по данным dano.csv: 20.0%,20.00,319,7,20,,,,,
7b27c028-b44d-4b15-a873-72446e9023db,Кафе Halal food на ул. Ленина,Категория кэшбэка 'Кафе Halal food на ул. Ленина'. Средняя ставка по данным dano.csv: 20.0%,20.00,464,3,7,,,,,
5c6bef32-8120-4c2e-847d-2b8380a1acfe,Кафе Jack Jack на ул. Московская,Категория кэшбэка 'Кафе Jack Jack на ул. Московская'. Средняя ставка по данным dano.csv: 20.0%,20.00,166,5,12,,,,,
ca9e7f1f-57a2-4412-b67b-0d2bbf97eaf6,Кафе Jack Jack на ул. им. 40-летия Победы,Категория кэшбэка 'Кафе Jack Jack на ул. им. 40-летия Победы'. Средняя ставка по данным dano.csv: 20.0%,20.00,317,7,20,,,,,
b1800c2c-7243-4671-88d1-f8b8a1efea9f,Кафе Jem Bistro на ул. 50-летия Победы,Категория кэшбэка 'Кафе Jem Bistro на ул. 50-летия Победы'. Средняя ставка по данным dano.csv: 20.0%,20.00,252,3,7,,,,,
ba0e69f0-e868-4d8c-b5a7-286573c0dc2a,Кафе Los Tacos на ул. Ленина,Категория кэшбэка 'Кафе Los Tacos на ул. Ленина'. Средняя ставка по данным dano.csv: 20.0%,20.00,291,5,12,,,,,
7174c3b2-b87e-4005-a901-e7d3beca4a4c,Кафе Lunova на ул. Юрия Гагарина,Категория кэшбэка 'Кафе Lunova на ул. Юрия Гагарина'. Средняя ставка по данным dano.csv: 20.0%,20.00,666,7,20,,,,,
d721ccd9-f90a-4418-987c-df4fcb23c7a7,Кафе Map на ул. Заводская,Категория кэшбэка 'Кафе Map на ул. Заводская'. Средняя ставка по данным dano.csv: 20.0%,20.00,786,3,7,,,,,
48bc0581-9e34-4d3c-8ce4-4215b598df7f,Кафе MeatBurg на ул. Калинина,Категория кэшбэка 'Кафе MeatBurg на ул. Калинина'. Средняя ставка по данным dano.csv: 20.0%,20.00,635,5,12,,,,,
49949c28-4d21-4940-a5f4-8976c28ba13c,Кафе PHO HOI AN,Категория кэшбэка 'Кафе PHO HOI AN'. Средняя ставка по данным dano.csv: 20.0%,20.00,424,7,20,,,,,
5ca5017c-7d57-414f-b2de-cce9e38f8861,Кафе Rioba,Категория кэшбэка 'Кафе Rioba'. Средняя ставка по данным dano.csv: 20.0%,20.00,704,3,7,,,,,
3df23e83-5a76-406e-ae29-1da50cb4de64,Кафе Sagoev Family на ул. Савушкина,Категория кэшбэка 'Кафе Sagoev Family на ул. Савушкина'. Средняя ставка по данным dano.csv: 20.0%,20.00,190,5,12,,,,,
38400bdb-986b-4d3d-94ac-83b11499d9cf,Кафе Sowa на ул. Жуковского,Категория кэшбэка 'Кафе Sowa на ул. Жуковского'. Средняя ставка по данным dano.csv: 20.0%,20.00,256,7,20,,,,,
e4caa4b0-b47a-41c2-a7f8-18a38dba741e,Кафе Vaffel на ул. Есенина,Категория кэшбэка 'Кафе Vaffel на ул. Есенина'. Средняя ставка по данным dano.csv: 20.0%,20.00,656,3,7,,,,,
2e87c395-adc9-4451-a886-d4d5c3285e3d,Кафе Vaffel на ул. Толстого,Категория кэшбэка 'Кафе Vaffel на ул. Толстого'. Средняя ставка по данным dano.csv: 20.0%,20.00,440,5,12,,,,,
52ba9ed1-9f0d-40b3-b91c-89600e5fb9c2,Кафе Vibe Poke,Категория кэшбэка 'Кафе Vibe Poke'. Средняя ставка по данным dano.csv: 20.0%,20.00,634,7,20,,,,,
259d9734-c771-4619-8f6b-7cc30b1868c4,Кафе «33 Пингвина» в ТЦ Сургут Сити Молл,Категория кэшбэка 'Кафе «33 Пингвина» в ТЦ Сургут Сити Молл'. Средняя ставка по данным dano.csv: 20.0%,20.00,599,3,7,,,,,
9fc0fa80-c743-49e3-88ac-c3c13a3e85bc,Кафе «33 Пингвина» на ул. Репина,Категория кэшбэка 'Кафе «33 Пингвина» на ул. Репина'. Средняя ставка по данным dano.csv: 20.0%,20.00,684,5,12,,,,,
fb8403ce-44c4-42dd-945d-af5e0acf06ab,Кафе «777»,Категория кэшбэка 'Кафе «777»'. Средняя ставка по данным dano.csv: 20.0%,20.00,696,7,20,,,,,
6b09f13a-807c-4246-9a3d-02afd3d3bff6,Кафе «Бабушка Нора»,Категория кэшбэка 'Кафе «Бабушка Нора»'. Средняя ставка по данным dano.csv: 20.0%,20.00,153,3,7,,,,,
1fb7d359-86e5-4d92-8c27-a2fe7ff88c73,Кафе «Базилик» на Окружном ш.,Категория кэшбэка 'Кафе «Базилик» на Окружном ш.'. Средняя ставка по данным dano.csv: 20.0%,20.00,399,5,12,,,,,
e4a33213-d72e-43b9-beb4-f3df32e2b12b,Кафе «Баракат» на р. Центральный,Категория кэшбэка 'Кафе «Баракат» на р. Центральный'. Средняя ставка по данным dano.csv: 20.0%,20.00,349,7,20,,,,,
a3c2b254-0381-471b-8ee7-bb8dbb3781c7,Кафе «Бистро» на ул. Красная,Категория кэшбэка 'Кафе «Бистро» на ул. Красная'. Средняя ставка по данным dano.csv: 20.0%,20.00,268,3,7,,,,,
60c8fa41-ec82-4a6d-8f69-6370c0eb9c79,Кафе «БулGакоФ» на ул. Петра Метальникова,Категория кэшбэка 'Кафе «БулGакоФ» на ул. Петра Метальникова'. Средняя ставка по данным dano.csv: 20.0%,20.00,202,5,12,,,,,
bf8a7925-9745-4fff-8357-f13335ee3670,Кафе «Видное место» на ул. Монтажников,Категория кэшбэка 'Кафе «Видное место» на ул. Монтажников'. Средняя ставка по данным dano.csv: 20.0%,20.00,620,7,20,,,,,
356ead6a-ff4a-4f60-bda7-093d97bbeb6e,Кафе «Вкусная пауза» на Белоостровской ул,Категория кэшбэка 'Кафе «Вкусная пауза» на Белоостровской ул'. Средняя ставка по данным dano.csv: 20.0%,20.00,645,3,7,,,,,
9fa47220-434d-4a13-9003-55dafb368772,Кафе «Восток» на ул. Мира,Категория кэшбэка 'Кафе «Восток» на ул. Мира'. Средняя ставка по данным dano.csv: 20.0%,20.00,447,5,12,,,,,
13f94d53-5803-48e1-b767-16b9c0516174,Кафе «Восточная кухня» на Российской ул,Категория кэшбэка 'Кафе «Восточная кухня» на Российской ул'. Средняя ставка по данным dano.csv: 20.0%,20.00,666,7,20,,,,,
8c72ed11-18d1-4e5a-8f6d-51e086c23ef5,Кафе «Гирос» на Айской ул,Категория кэшбэка 'Кафе «Гирос» на Айской ул'. Средняя ставка по данным dano.csv: 20.0%,20.00,458,3,7,,,,,
f3b7323d-af59-47b6-b669-cd610c2d8268,Кафе «Глазбери» на Красной ул,Категория кэшбэка 'Кафе «Глазбери» на Красной ул'. Средняя ставка по данным dano.csv: 20.0%,20.00,353,5,12,,,,,
5ac2952f-20c2-44dc-a9cb-d4792f23f5ba,Кафе «Грильков» на ул. Столетова,Категория кэшбэка 'Кафе «Грильков» на ул. Столетова'. Средняя ставка по данным dano.csv: 20.0%,20.00,111,7,20,,,,,
976bd154-bf78-4d60-9fd4-1b6261deb54e,Кафе «Гурмэтика»,Категория кэшбэка 'Кафе «Гурмэтика»'. Средняя ставка по данным dano.csv: 20.0%,20.00,766,3,7,,,,,
756be4ee-db3a-441a-b361-0aaa720d9bf7,Кафе «Дарк китчен 38» на ул. 3 Июля,Категория кэшбэка 'Кафе «Дарк китчен 38» на ул. 3 Июля'. Средняя ставка по данным dano.csv: 20.0%,20.00,715,5,12,,,,,
ae060ae3-df92-4eeb-8070-ca7b6f99cf28,Кафе «Домашняя кухня МММ» на Полевой ул,Категория кэшбэка 'Кафе «Домашняя кухня МММ» на Полевой ул'. Средняя ставка по данным dano.csv: 20.0%,20.00,543,7,20,,,,,
c27bb58c-244a-4625-8365-7edee947fc17,Кафе «Дудуки» на ул. Пархоменко,Категория кэшбэка 'Кафе «Дудуки» на ул. Пархоменко'. Средняя ставка по данным dano.csv: 20.0%,20.00,425,3,7,,,,,
b82747c7-d4f8-4209-9174-84a143f7761f,Кафе «ЕлиДоели» на ул. Гидростроителей,Категория кэшбэка 'Кафе «ЕлиДоели» на ул. Гидростроителей'. Средняя ставка по данным dano.csv: 20.0%,20.00,317,5,12,,,,,
d939d8bb-ec44-491b-b3b5-9efd57b69993,Кафе «Империя вкуса» на пр. Индустриальный,Категория кэшбэка 'Кафе «Империя вкуса» на пр. Индустриальный'. Средняя ставка по данным dano.csv: 20.0%,20.00,275,7,20,,,,,
3b82f779-3749-478f-b90e-2276bbad386f,Кафе «Кабан накормит» на пр. Торговый,Категория кэшбэка 'Кафе «Кабан накормит» на пр. Торговый'. Средняя ставка по данным dano.csv: 20.0%,20.00,553,3,7,,,,,
6640802f-c7b8-4cba-8733-9b4620c71a05,Кафе «Кара-Балта» на ул. Дмитрия Благоева,Категория кэшбэка 'Кафе «Кара-Балта» на ул. Дмитрия Благоева'. Средняя ставка по данным dano.csv: 20.0%,20.00,335,5,12,,,,,
4b770c1c-bf37-4286-9305-f4b5126da78b,Кафе «Куб» на Невской ул,Категория кэшбэка 'Кафе «Куб» на Невской ул'. Средняя ставка по данным dano.csv: 20.0%,20.00,412,7,20,,,,,
2b59ea89-d5d9-4344-b4b7-8bf311b7c995,Кафе «Модная Картошка» на ул. Егорова,Категория кэшбэка 'Кафе «Модная Картошка» на ул. Егорова'. Средняя ставка по данным dano.csv: 20.0%,20.00,426,3,7,,,,,
6bf9f265-c64f-4cbd-8a33-278ebbc6f7b7,Кафе «Морская коробка» в ТЦ Вавилон,Категория кэшбэка 'Кафе «Морская коробка» в ТЦ Вавилон'. Средняя ставка по данным dano.csv: 20.0%,20.00,253,5,12,,,,,
15b7d1a6-8bc8-4f01-bb6a-3b33473b3b1d,Кафе «Мы в мясо»,Категория кэшбэка 'Кафе «Мы в мясо»'. Средняя ставка по данным dano.csv: 20.0%,20.00,115,7,20,,,,,
ceece9ae-9fa7-4914-b8cc-6a945700c6e1,Кафе «Мясо? Буду!» на пр-те Всеволожский,Категория кэшбэка 'Кафе «Мясо? Буду!» на пр-те Всеволожский'. Средняя ставка по данным dano.csv: 20.0%,20.00,580,3,7,,,,,
1f191b24-2695-45a9-bab3-287ab765c258,Кафе «На Развилке»,Категория кэшбэка 'Кафе «На Развилке»'. Средняя ставка по данным dano.csv: 20.0%,20.00,634,5,12,,,,,
d8e6c2b2-abf7-4adf-96e1-906dac0f4f98,Кафе «Наш Шалаш» на ул. Плещеева,Категория кэшбэка 'Кафе «Наш Шалаш» на ул. Плещеева'. Средняя ставка по данным dano.csv: 20.0%,20.00,732,7,20,,,,,
4488d24d-981b-4fb6-94e6-14bdfa0129f3,Кафе «Нур» на Лухмановской ул,Категория кэшбэка 'Кафе «Нур» на Лухмановской ул'. Средняя ставка по данным dano.csv: 20.0%,20.00,716,3,7,,,,,
842603a5-7aac-4d8b-95ad-98576fe5dc34,Кафе «Ням-Ням» на ул. Вершинина,Категория кэшбэка 'Кафе «Ням-Ням» на ул. Вершинина'. Средняя ставка по данным dano.csv: 20.0%,20.00,134,5,12,,,,,
89c55b24-7614-411f-a5f1-c248297ae939,Кафе «Оригами» на ул. Бачурина,Категория кэшбэка 'Кафе «Оригами» на ул. Бачурина'. Средняя ставка по данным dano.csv: 20.0%,20.00,214,7,20,,,,,
e088100f-a26e-4774-8494-5b7145c47aa6,Кафе «Подкова» на ул. Фрунзе,Категория кэшбэка 'Кафе «Подкова» на ул. Фрунзе'. Средняя ставка по данным dano.csv: 20.0%,20.00,236,3,7,,,,,
0d99cf36-4c49-498d-9706-f6e3ccba68af,Кафе «Рио» на Советской ул,Категория кэшбэка 'Кафе «Рио» на Советской ул'. Средняя ставка по данным dano.csv: 20.0%,20.00,786,5,12,,,,,
9f96cf44-8ea2-4a71-b9d1-7154ac9f1d48,Кафе «Ролл&Филс» на ул. 60 лет Октября,Категория кэшбэка 'Кафе «Ролл&Филс» на ул. 60 лет Октября'. Средняя ставка по данным dano.csv: 20.0%,20.00,557,7,20,,,,,
d9b16582-3336-43e7-a432-c4c90013af6d,Кафе «Роскошный Бургер» на ул. Мориса Тореза,Категория кэшбэка 'Кафе «Роскошный Бургер» на ул. Мориса Тореза'. Средняя ставка по данным dano.csv: 20.0%,20.00,691,3,7,,,,,
c5cd2b4f-802f-47aa-b1a6-607c20fa75ee,Кафе «Рыба мечты» на ул. Зорге,Категория кэшбэка 'Кафе «Рыба мечты» на ул. Зорге'. Средняя ставка по данным dano.csv: 20.0%,20.00,556,5,12,,,,,
8b8e413f-5cdf-4324-a11a-e6b8f900050e,Кафе «Смена» в Окружном пр-де,Категория кэшбэка 'Кафе «Смена» в Окружном пр-де'. Средняя ставка по данным dano.csv: 20.0%,20.00,103,7,20,,,,,
698aa1cd-fa99-4434-af35-c2e8a7e01ea9,Кафе «Соло» на ул. Большевистская,Категория кэшбэка 'Кафе «Соло» на ул. Большевистская'. Средняя ставка по данным dano.csv: 20.0%,20.00,590,3,7,,,,,
03c5923e-df39-445c-8c90-925766f7c024,Кафе «Суши и Несуши» на Бескудниковском б-ре,Категория кэшбэка 'Кафе «Суши и Несуши» на Бескудниковском б-ре'. Средняя ставка по данным dano.csv: 20.0%,20.00,141,5,12,,,,,
135d6dde-d7c1-4231-aa1c-554726e3ff38,Кафе «Сытный Уголок» на ул. Гайдара,Категория кэшбэка 'Кафе «Сытный Уголок» на ул. Гайдара'. Средняя ставка по данным dano.csv: 20.0%,20.00,186,7,20,,,,,
07b8ae56-045c-485b-837e-04631bed5a6e,Кафе «Сытый Джони» на ул. Героя А.А. Аверкиева,Категория кэшбэка 'Кафе «Сытый Джони» на ул. Героя А.А. Аверкиева'. Средняя ставка по данным dano.csv: 20.0%,20.00,706,3,7,,,,,
0e434cdb-dde5-4ea7-855b-755b0d6b35f2,Кафе «Удмуртские перепечи» на ул. Мира,Категория кэшбэка 'Кафе «Удмуртские перепечи» на ул. Мира'. Средняя ставка по данным dano.csv: 20.0%,20.00,649,5,12,,,,,
d48955bf-f7ca-476f-a075-843bbfe338a6,Кафе «Ушба» на Садовой ул,Категория кэшбэка 'Кафе «Ушба» на Садовой ул'. Средняя ставка по данным dano.csv: 20.0%,20.00,316,7,20,,,,,
c2774ea9-ec3c-4ad9-bf0a-93e82fb4fb7b,Кафе «Формула Вкуса» на ул.Геологов,Категория кэшбэка 'Кафе «Формула Вкуса» на ул.Геологов'. Средняя ставка по данным dano.csv: 20.0%,20.00,794,3,7,,,,,
5a16723c-a79e-4b80-84c7-e8a21f40f716,Кафе «Фортуна» на Федеративной ул,Категория кэшбэка 'Кафе «Фортуна» на Федеративной ул'. Средняя ставка по данным dano.csv: 20.0%,20.00,767,5,12,,,,,
5f86f3cd-4f38-48ea-a9bb-a7cba8176518,Кафе «Фьюжн Фуд» на ул. Героя Фильченкова,Категория кэшбэка 'Кафе «Фьюжн Фуд» на ул. Героя Фильченкова'. Средняя ставка по данным dano.csv: 20.0%,20.00,642,7,20,,,,,
cda0657d-d694-48c8-8976-0a8f7e406e7e,Кафе «Хинкали на мангале»,Категория кэшбэка 'Кафе «Хинкали на мангале»'. Средняя ставка по данным dano.csv: 20.0%,20.00,200,3,7,,,,,
5d9128f6-9778-4222-b662-86279c9a4a65,Кафе «Хорошее место» на Пролетарской ул,Категория кэшбэка 'Кафе «Хорошее место» на Пролетарской ул'. Средняя ставка по данным dano.csv: 20.0%,20.00,432,5,12,,,,,
ec879efa-772e-4272-8fb6-d607323af2da,Кафе «Чи-пи-пи» на Московской ул,Категория кэшбэка 'Кафе «Чи-пи-пи» на Московской ул'. Средняя ставка по данным dano.csv: 20.0%,20.00,393,7,20,,,,,
8156d816-d6c7-4476-b8aa-67c456ac75b8,Кафе «Шампур» на пр-те Кирова,Категория кэшбэка 'Кафе «Шампур» на пр-те Кирова'. Средняя ставка по данным dano.csv: 20.0%,20.00,397,3,7,,,,,
58126b6d-6861-4d89-a995-f081621e8c6f,Кафе «Шейх» на Советской ул,Категория кэшбэка 'Кафе «Шейх» на Советской ул'. Средняя ставка по данным dano.csv: 20.0%,20.00,519,5,12,,,,,
3d7e1784-39cd-438d-bd51-36bab4b4ca26,Кафе «Шик-картошка» на Ленинградской ул,Категория кэшбэка 'Кафе «Шик-картошка» на Ленинградской ул'. Средняя ставка по данным dano.csv: 20.0%,20.00,784,7,20,,,,,
47951b8a-a1c9-4418-9ec9-d379e8eb9331,Кафе «Эйфория» на ул. Машиностроителей,Категория кэшбэка 'Кафе «Эйфория» на ул. Машиностроителей'. Средняя ставка по данным dano.csv: 20.0%,20.00,437,3,7,,,,,
cf0cf445-eafd-4bb2-8ecf-3022a78cc95c,Кафе «Я люблю суши» на Судостроительной ул,Категория кэшбэка 'Кафе «Я люблю суши» на Судостроительной ул'. Средняя ставка по данным dano.csv: 20.0%,20.00,494,5,12,,,,,
f2ddd446-b6e6-4eb8-9445-567710b84238,Кафе «Яманаси» на ул. Красных Партизан,Категория кэшбэка 'Кафе «Яманаси» на ул. Красных Партизан'. Средняя ставка по данным dano.csv: 20.0%,20.00,344,7,20,,,,,
36ad3f8a-e2a1-41f4-a56b-bc21733ee515,Кафе «Ярд» на ул. Астана Кесаева,Категория кэшбэка 'Кафе «Ярд» на ул. Астана Кесаева'. Средняя ставка по данным dano.csv: 20.0%,20.00,608,3,7,,,,,
9cc16ec9-111b-497a-a09d-475fbc04c07c,Кафе быстрого питания на ул. Транспортников,Категория кэшбэка 'Кафе быстрого питания на ул. Транспортников'. Средняя ставка по данным dano.csv: 20.0%,20.00,113,5,12,,,,,
22228211-2a37-4e03-8b86-c618721ffcde,Кафе домашней грузинской кухни «Гурманико»,Категория кэшбэка 'Кафе домашней грузинской кухни «Гурманико»'. Средняя ставка по данным dano.csv: 20.0%,20.00,173,7,20,,,,,
cc7bc154-1364-43f5-9215-02fee6bfd8ac,Кафе шаверма «Кручу Верчу» на Чкаловском пр-те,Категория кэшбэка 'Кафе шаверма «Кручу Верчу» на Чкаловском пр-те'. Средняя ставка по данным dano.csv: 20.0%,20.00,745,3,7,,,,,
cc95053d-503d-4ff9-8352-8925a0ce1e7b,Кафе-мороженое Gelateria на ул. Кирова,Категория кэшбэка 'Кафе-мороженое Gelateria на ул. Кирова'. Средняя ставка по данным dano.csv: 20.0%,20.00,576,5,12,,,,,
5e534b3f-b2b3-4b3c-8824-fdc9dbeeb6f0,Кафе-мороженое «Веселый Геккон» в ТЦ Курортный,Категория кэшбэка 'Кафе-мороженое «Веселый Геккон» в ТЦ Курортный'. Средняя ставка по данным dano.csv: 20.0%,20.00,514,7,20,,,,,
fe90b424-4e3d-4df9-99ce-c6f250566cfd,Кафе-пекарня «Злак» на Пограничной ул,Категория кэшбэка 'Кафе-пекарня «Злак» на Пограничной ул'. Средняя ставка по данным dano.csv: 20.0%,20.00,119,3,7,,,,,
0ad8d250-f756-4531-ab18-0d1013332fb3,Кафе-пекарня «Хачапурная в Римском»,Категория кэшбэка 'Кафе-пекарня «Хачапурная в Римском»'. Средняя ставка по данным dano.csv: 20.0%,20.00,150,5,12,,,,,
b832eca0-67c3-478b-b1d9-cb198179ff5e,Кафе Holy Salt на ул. Лукино,Категория кэшбэка 'Кафе Holy Salt на ул. Лукино'. Средняя ставка по данным dano.csv: 20.0%,20.00,409,7,20,,,,,
bb2664c2-1d2b-408a-9959-1bea157364ff,Кафе «Бууза Маркет» на Ингодинской ул,Категория кэшбэка 'Кафе «Бууза Маркет» на Ингодинской ул'. Средняя ставка по данным dano.csv: 20.0%,20.00,727,3,7,,,,,
62453167-9ada-4209-9a5b-636aa9d8425f,Кафе «Вкусы Грузии» на Старокубанской ул,Категория кэшбэка 'Кафе «Вкусы Грузии» на Старокубанской ул'. Средняя ставка по данным dano.csv: 20.0%,20.00,678,5,12,,,,,
be31a97a-b2d4-4ef4-b6eb-4c404cf3cd58,Кафе «Грилька» на ул. 1-й Конной Армии,Категория кэшбэка 'Кафе «Грилька» на ул. 1-й Конной Армии'. Средняя ставка по данным dano.csv: 20.0%,20.00,111,7,20,,,,,
13c26daf-dd26-40b5-a35f-acfb50f471a7,Кафе «Колобок» на ул. Спорта,Категория кэшбэка 'Кафе «Колобок» на ул. Спорта'. Средняя ставка по данным dano.csv: 20.0%,20.00,129,3,7,,,,,
39ff5e81-fe89-459a-9f57-937e1e06067e,Кафе «Якорь» на Крымской ул,Категория кэшбэка 'Кафе «Якорь» на Крымской ул'. Средняя ставка по данным dano.csv: 20.0%,20.00,499,5,12,,,,,
f11d4dfb-287c-4212-ac45-0330655f3ab3,Квесты «Место без адреса» на ул. Взлетная,Категория кэшбэка 'Квесты «Место без адреса» на ул. Взлетная'. Средняя ставка по данным dano.csv: 20.0%,20.00,713,7,20,,,,,
34352e97-018f-4286-a67a-338c2708a53a,Кератиновое выпрямление botox tatyana,Категория кэшбэка 'Кератиновое выпрямление botox tatyana'. Средняя ставка по данным dano.csv: 20.0%,20.00,324,3,7,,,,,
0fc671c2-73b6-4eb1-bd75-a01e7cefa7e7,Кибер-лаунж CyberBox на Молодёжной ул,Категория кэшбэка 'Кибер-лаунж CyberBox на Молодёжной ул'. Средняя ставка по данным dano.csv: 20.0%,20.00,252,5,12,,,,,
006141e0-8196-48aa-b2a0-c25a96c86b0f,КиберКлуб Colizeum на пр-те Дзержинского,Категория кэшбэка 'КиберКлуб Colizeum на пр-те Дзержинского'. Средняя ставка по данным dano.csv: 20.0%,20.00,382,7,20,,,,,
35975b2e-2670-496d-b112-aef7525e57b7,Киберклуб X-Game 2.0 в ТЦ Zebra,Категория кэшбэка 'Киберклуб X-Game 2.0 в ТЦ Zebra'. Средняя ставка по данным dano.csv: 20.0%,20.00,657,3,7,,,,,
9810401e-3a21-4a5c-b4b9-5b502133d8dd,Киберклуб X-Game 2.0 в пер. Гривцова,Категория кэшбэка 'Киберклуб X-Game 2.0 в пер. Гривцова'. Средняя ставка по данным dano.csv: 20.0%,20.00,643,5,12,,,,,
9a7089a9-1a7e-4ae3-bd55-0f98c9de5282,Киберклуб iZiplay,Категория кэшбэка 'Киберклуб iZiplay'. Средняя ставка по данным dano.csv: 20.0%,20.00,255,7,20,,,,,
812823b1-3531-4929-a810-5f476e828caa,Киберспортивный клуб True Gamers на ул. Андрианова,Категория кэшбэка 'Киберспортивный клуб True Gamers на ул. Андрианова'. Средняя ставка по данным dano.csv: 20.0%,20.00,399,3,7,,,,,
1c1a0bca-7170-4573-a846-d19eeee7d62c,Кидкорт на Адмиралтейской ул,Категория кэшбэка 'Кидкорт на Адмиралтейской ул'. Средняя ставка по данным dano.csv: 20.0%,20.00,289,5,12,,,,,
a7ffade4-ebea-41dd-b2ea-3cc143e09aa6,Киномакс,Категория кэшбэка 'Киномакс'. Средняя ставка по данным dano.csv: 5.0%,5.00,461,7,20,,,,,
78a306cd-2f64-4870-a1e6-60222055334f,Кинотеатр «РЕЛИЗПАРК 70» на Коммунальной ул,Категория кэшбэка 'Кинотеатр «РЕЛИЗПАРК 70» на Коммунальной ул'. Средняя ставка по данным dano.csv: 20.0%,20.00,746,3,7,,,,,
94f1d35c-d9ad-4a00-b14c-3b4ca352adb1,Кинотеатр Мираж,Категория кэшбэка 'Кинотеатр Мираж'. Средняя ставка по данным dano.csv: 5.0%,5.00,165,5,12,,,,,
572acd33-5f09-4f8c-ab38-8b5552fd56e8,Киомей на Большой Новодмитровско ул,Категория кэшбэка 'Киомей на Большой Новодмитровско ул'. Средняя ставка по данным dano.csv: 20.0%,20.00,244,7,20,,,,,
4b4e4458-bb66-4af9-9d19-573064f90607,Киоск «Роспечать» на пр-те Мира,Категория кэшбэка 'Киоск «Роспечать» на пр-те Мира'. Средняя ставка по данным dano.csv: 20.0%,20.00,213,3,7,,,,,
b9fb36c5-dbb3-4871-aeb7-52081da19b08,Клиника «Асмед» на ул. Маршала Савицкого,Категория кэшбэка 'Клиника «Асмед» на ул. Маршала Савицкого'. Средняя ставка по данным dano.csv: 20.0%,20.00,612,5,12,,,,,
3763124f-195b-4cf0-a0c1-a102ec64ad5e,Клиника доктора Черемных на ул. Федотова,Категория кэшбэка 'Клиника доктора Черемных на ул. Федотова'. Средняя ставка по данным dano.csv: 20.0%,20.00,284,7,20,,,,,
14a16e05-e128-438d-a90e-bf59ae92d8bb,Клиника косметологии Инессы Красовской,Категория кэшбэка 'Клиника косметологии Инессы Красовской'. Средняя ставка по данным dano.csv: 20.0%,20.00,212,3,7,,,,,
2372a149-3a78-47d0-8c29-a36b3962cf5a,Клиника косметологии и эпиляции «Эпицентр»,Категория кэшбэка 'Клиника косметологии и эпиляции «Эпицентр»'. Средняя ставка по данным dano.csv: 20.0%,20.00,536,5,12,,,,,
e05b2e10-b1bd-4158-837e-8ebe28ae762a,Клиника современной медицины на ул. Ульянова,Категория кэшбэка 'Клиника современной медицины на ул. Ульянова'. Средняя ставка по данным dano.csv: 20.0%,20.00,753,7,20,,,,,
1bd1b017-2af0-41c7-a6f5-40b771484498,Клуб Omg VR на Магеллана,Категория кэшбэка 'Клуб Omg VR на Магеллана'. Средняя ставка по данным dano.csv: 20.0%,20.00,249,3,7,,,,,
6925cb8c-87b3-4b52-8c54-7f4a7bf12117,Клуб виртуальной реальности Omg VR в ТЦ Мариэль,Категория кэшбэка 'Клуб виртуальной реальности Omg VR в ТЦ Мариэль'. Средняя ставка по данным dano.csv: 20.0%,20.00,498,5,12,,,,,
a813b1c7-c10a-49dd-8192-5756b96983d1,Клуб виртуальной реальности Omg VR на Бутырской ул,Категория кэшбэка 'Клуб виртуальной реальности Omg VR на Бутырской ул'. Средняя ставка по данным dano.csv: 20.0%,20.00,728,7,20,,,,,
4370f4a4-5811-4c8d-acf3-87491219045d,Клуб виртуальной реальности Omg VR на Каширском ш,Категория кэшбэка 'Клуб виртуальной реальности Omg VR на Каширском ш'. Средняя ставка по данным dano.csv: 20.0%,20.00,205,3,7,,,,,
4efa8f38-1748-42b6-ad82-81e8742d7732,Клуб виртуальной реальности Omg VR на пр. Ленинский,Категория кэшбэка 'Клуб виртуальной реальности Omg VR на пр. Ленинский'. Средняя ставка по данным dano.csv: 20.0%,20.00,199,5,12,,,,,
d7a19590-5a41-455d-9e2d-9b193d76c6ab,Клуб виртуальной реальности VR Zone в ТЦ Обними,Категория кэшбэка 'Клуб виртуальной реальности VR Zone в ТЦ Обними'. Средняя ставка по данным dano.csv: 20.0%,20.00,742,7,20,,,,,
e8b1530c-34ce-47cb-845a-f2b1da6d0627,Клуб виртуальной реальности VR клан,Категория кэшбэка 'Клуб виртуальной реальности VR клан'. Средняя ставка по данным dano.csv: 20.0%,20.00,164,3,7,,,,,
158cf985-b8c8-41ec-b0b1-3c35a25d6b9b,Книги и канцтовары,Категория кэшбэка 'Книги и канцтовары'. Средняя ставка по данным dano.csv: 5.0%,5.00,7,5,12,,,,,
490292d2-4ade-420a-84df-68f4e281a82c,Коворкинг Monkey Space на ул. Комсомольская,Категория кэшбэка 'Коворкинг Monkey Space на ул. Комсомольская'. Средняя ставка по данным dano.csv: 20.0%,20.00,500,7,20,,,,,
e931c3c7-ec18-41f6-8558-52b412da7f89,Кожгалантерея Tony Perotti на Рижском пр-те,Категория кэшбэка 'Кожгалантерея Tony Perotti на Рижском пр-те'. Средняя ставка по данным dano.csv: 20.0%,20.00,447,3,7,,,,,
1d2c7d6b-c028-46d0-8f1a-6d8ef0369abe,Колбасы Оренбуржья на Транспортной ул,Категория кэшбэка 'Колбасы Оренбуржья на Транспортной ул'. Средняя ставка по данным dano.csv: 20.0%,20.00,217,5,12,,,,,
bf6f1734-40d9-4f26-87b8-a06d1d7de611,Компания проектирования «ИнсталПРО» на ул. Блюхера,Категория кэшбэка 'Компания проектирования «ИнсталПРО» на ул. Блюхера'. Средняя ставка по данным dano.csv: 20.0%,20.00,745,7,20,,,,,
13d14ef5-1a5b-4870-8c9a-c9aee3c698ca,Компьютерный клуб 1337,Категория кэшбэка 'Компьютерный клуб 1337'. Средняя ставка по данным dano.csv: 20.0%,20.00,721,3,7,,,,,
3a8b495a-8adc-429c-b1b8-a493d89e1698,Компьютерный клуб Colizeum в Лыжном пер,Категория кэшбэка 'Компьютерный клуб Colizeum в Лыжном пер'. Средняя ставка по данным dano.csv: 20.0%,20.00,471,5,12,,,,,
451c3eb2-0ff6-47c5-89f9-a66ff35a6e76,Компьютерный клуб Colizeum в ТЦ Метелица,Категория кэшбэка 'Компьютерный клуб Colizeum в ТЦ Метелица'. Средняя ставка по данным dano.csv: 20.0%,20.00,559,7,20,,,,,
e179bc58-c83a-42f9-90e8-a203693b61b7,Компьютерный клуб Imperia на ул. Сеченова,Категория кэшбэка 'Компьютерный клуб Imperia на ул. Сеченова'. Средняя ставка по данным dano.csv: 20.0%,20.00,692,3,7,,,,,
446d8a5f-c835-4ac2-87f5-64b692f2c6da,Компьютерный клуб X-Game на ул. Мира,Категория кэшбэка 'Компьютерный клуб X-Game на ул. Мира'. Средняя ставка по данным dano.csv: 20.0%,20.00,567,5,12,,,,,
96b0e60f-e280-4dd3-8fd9-071a341be125,Компьютерный клуб «КиберХаус» на ул. Куйбышева,Категория кэшбэка 'Компьютерный клуб «КиберХаус» на ул. Куйбышева'. Средняя ставка по данным dano.csv: 20.0%,20.00,610,7,20,,,,,
f1c9d804-75b7-4b12-955a-88c3e8742e3e,Компьютерный клуб «1337» на ул. Пушкинская,Категория кэшбэка 'Компьютерный клуб «1337» на ул. Пушкинская'. Средняя ставка по данным dano.csv: 20.0%,20.00,585,3,7,,,,,
b1f8eac8-fae6-4ec6-a712-c8a54c534afa,Компьютерный клуб «1337» на ул. Родинотовая,Категория кэшбэка 'Компьютерный клуб «1337» на ул. Родинотовая'. Средняя ставка по данным dano.csv: 20.0%,20.00,650,5,12,,,,,
5a101511-0c8a-41ac-8a08-35522f20dd49,Комсервис на Октябрьской ул,Категория кэшбэка 'Комсервис на Октябрьской ул'. Средняя ставка по данным dano.csv: 20.0%,20.00,484,7,20,,,,,
dcbd4833-0e0f-43f6-8aa5-9489b3117a39,Кондитерская Mary's Cake на ул. Юбилейная,Категория кэшбэка 'Кондитерская Mary's Cake на ул. Юбилейная'. Средняя ставка по данным dano.csv: 20.0%,20.00,324,3,7,,,,,
a724ac45-2898-4256-9bff-9a34e23e4d44,Кондитерская by Diana Manuk на Вольной ул,Категория кэшбэка 'Кондитерская by Diana Manuk на Вольной ул'. Средняя ставка по данным dano.csv: 20.0%,20.00,423,5,12,,,,,
ff963963-de2e-4158-a088-12e8b511a09a,Кондитерская «Вернисаж» на ул. Лермонтова,Категория кэшбэка 'Кондитерская «Вернисаж» на ул. Лермонтова'. Средняя ставка по данным dano.csv: 20.0%,20.00,154,7,20,,,,,
4d058dff-2398-45a2-9296-c5a8e53f5352,Кондитерская «Время Тортов» на просп. Альберта Камалеева,Категория кэшбэка 'Кондитерская «Время Тортов» на просп. Альберта Камалеева'. Средняя ставка по данным dano.csv: 20.0%,20.00,431,3,7,,,,,
2734a00f-b917-4895-8c96-c2adac381f2e,Кондитерская «Домашние Тортики Мадагаскар»,Категория кэшбэка 'Кондитерская «Домашние Тортики Мадагаскар»'. Средняя ставка по данным dano.csv: 20.0%,20.00,484,5,12,,,,,
87e2522a-009f-4f48-8d73-c9cf5ef42453,Кондитерская «Зунилабс» на Удмуртской ул,Категория кэшбэка 'Кондитерская «Зунилабс» на Удмуртской ул'. Средняя ставка по данным dano.csv: 20.0%,20.00,795,7,20,,,,,
70e8929d-2ec2-4ba6-9825-5e4577b5ecf2,Кондитерская «Стефанишен» в 5-м мкр,Категория кэшбэка 'Кондитерская «Стефанишен» в 5-м мкр'. Средняя ставка по данным dano.csv: 20.0%,20.00,563,3,7,,,,,
2fbe0768-4653-4d4f-80f3-6c97bfa8225f,Кондитерская «ЭльКремо» в мкр. Горский,Категория кэшбэка 'Кондитерская «ЭльКремо» в мкр. Горский'. Средняя ставка по данным dano.csv: 20.0%,20.00,721,5,12,,,,,
f37e0b64-0475-4570-9992-23abc0622720,Кондитерская «Эмани» на ул. Ясеневая,Категория кэшбэка 'Кондитерская «Эмани» на ул. Ясеневая'. Средняя ставка по данным dano.csv: 20.0%,20.00,218,7,20,,,,,
63710e54-91ac-417f-8ca0-128bc350815b,Кондитерские изделия «Золотой Ключик» на пр. Ленина,Категория кэшбэка 'Кондитерские изделия «Золотой Ключик» на пр. Ленина'. Средняя ставка по данным dano.csv: 20.0%,20.00,690,3,7,,,,,
48505b62-d95e-42b1-bddb-368ac0f32d7a,Копировальный центр Fujiprint на пр-те Дзержинского,Категория кэшбэка 'Копировальный центр Fujiprint на пр-те Дзержинского'. Средняя ставка по данным dano.csv: 20.0%,20.00,715,5,12,,,,,
3b93eb48-989b-406e-a79f-84cd7d0f9500,Копицентр Forma,Категория кэшбэка 'Копицентр Forma'. Средняя ставка по данным dano.csv: 20.0%,20.00,339,7,20,,,,,
21039690-e0b2-4d0a-8a95-69a678230aa5,Копицентр Forma в ТК Вояж,Категория кэшбэка 'Копицентр Forma в ТК Вояж'. Средняя ставка по данным dano.csv: 20.0%,20.00,179,3,7,,,,,
87512a7b-4662-458d-ad26-4eb479aa4715,Косынка кофе на Ново-Садовой ул,Категория кэшбэка 'Косынка кофе на Ново-Садовой ул'. Средняя ставка по данным dano.csv: 20.0%,20.00,682,5,12,,,,,
90e3ffaa-c241-4c13-9138-cddd9ac68fb9,Котлетная на пл. им. Дзержинского,Категория кэшбэка 'Котлетная на пл. им. Дзержинского'. Средняя ставка по данным dano.csv: 20.0%,20.00,480,7,20,,,,,
7ebfc337-fe64-4916-bb58-044ea817d24a,Кофе Break на пр-те Победы,Категория кэшбэка 'Кофе Break на пр-те Победы'. Средняя ставка по данным dano.csv: 20.0%,20.00,223,3,7,,,,,
de280205-4271-4fd6-a02c-2edb6745ba63,Кофе Смайл в ТЦ Черёмушки,Категория кэшбэка 'Кофе Смайл в ТЦ Черёмушки'. Средняя ставка по данным dano.csv: 20.0%,20.00,374,5,12,,,,,
a528faa3-63c2-451d-b1d4-35a0311539f0,Кофе и цветы «Первое свидание» на ул. Тухачевского,Категория кэшбэка 'Кофе и цветы «Первое свидание» на ул. Тухачевского'. Средняя ставка по данным dano.csv: 20.0%,20.00,721,7,20,,,,,
26652cb4-22eb-4f96-be05-5a75f9f5c07a,Кофе на ул. Сикейроса,Категория кэшбэка 'Кофе на ул. Сикейроса'. Средняя ставка по данным dano.csv: 20.0%,20.00,632,3,7,,,,,
bf6c9e0b-116d-4b31-b7ae-a50dedde0c27,Кофе с собой Kapouch на Култукском тр-те,Категория кэшбэка 'Кофе с собой Kapouch на Култукском тр-те'. Средняя ставка по данным dano.csv: 20.0%,20.00,329,5,12,,,,,
5264b995-9c69-4567-82cb-f5e6c6b8fe56,Кофе с собой Liberica на ул. Шевченко,Категория кэшбэка 'Кофе с собой Liberica на ул. Шевченко'. Средняя ставка по данным dano.csv: 20.0%,20.00,634,7,20,,,,,
e78e0ff0-7b72-4338-a70a-6db2b7139e56,Кофе с собой «Буфет» на ул. Советской,Категория кэшбэка 'Кофе с собой «Буфет» на ул. Советской'. Средняя ставка по данным dano.csv: 20.0%,20.00,701,3,7,,,,,
1d6df0e4-56be-4ef7-99e8-1205345eadc1,Кофе с собой на ул. Ленина,Категория кэшбэка 'Кофе с собой на ул. Ленина'. Средняя ставка по данным dano.csv: 20.0%,20.00,445,5,12,,,,,
d0347c10-6f19-46b9-a279-01f92d63b924,Кофе самообслуживания на ул. Шостаковича,Категория кэшбэка 'Кофе самообслуживания на ул. Шостаковича'. Средняя ставка по данным dano.csv: 20.0%,20.00,760,7,20,,,,,
d571a336-66e0-4b46-8f00-06d15f54ed9c,Кофе у Гитариста на ул. Мебельная,Категория кэшбэка 'Кофе у Гитариста на ул. Мебельная'. Средняя ставка по данным dano.csv: 20.0%,20.00,173,3,7,,,,,
87b50e6b-e46a-4192-905b-ac910a6edb4c,Кофе-Пончики на ул. Попова,Категория кэшбэка 'Кофе-Пончики на ул. Попова'. Средняя ставка по данным dano.csv: 20.0%,20.00,311,5,12,,,,,
fb3ee9bd-0398-43ce-91f9-777e3d699607,КофеБрэйк на пр-те Ленина,Категория кэшбэка 'КофеБрэйк на пр-те Ленина'. Средняя ставка по данным dano.csv: 20.0%,20.00,659,7,20,,,,,
932a1ccf-09ca-4259-9ca9-d71ba7ffeb9c,КофеЛав на ул. Тружеников,Категория кэшбэка 'КофеЛав на ул. Тружеников'. Средняя ставка по данным dano.csv: 20.0%,20.00,361,3,7,,,,,
19c58797-3d20-4e12-83b8-3af490152aee,КофеПарк на ул. Ерёменко,Категория кэшбэка 'КофеПарк на ул. Ерёменко'. Средняя ставка по данным dano.csv: 20.0%,20.00,484,5,12,,,,,
6eada0e0-96e5-41be-b855-88ce0abab7ac,КофеПарк на ул. Ткачёва,Категория кэшбэка 'КофеПарк на ул. Ткачёва'. Средняя ставка по данным dano.csv: 20.0%,20.00,263,7,20,,,,,
ad68af4e-a94d-4e0b-8995-a7c4869be1ae,КофеСтаут на просп. Ленина,Категория кэшбэка 'КофеСтаут на просп. Ленина'. Средняя ставка по данным dano.csv: 20.0%,20.00,551,3,7,,,,,
35dbfdff-cad9-43e8-bd56-0d56398dbe3a,Кофейкоff на ул. бол. Ордынка,Категория кэшбэка 'Кофейкоff на ул. бол. Ордынка'. Средняя ставка по данным dano.csv: 20.0%,20.00,207,5,12,,,,,
a935b7a9-a824-4905-97b5-5aec9d968226,Кофейное место на ул. Комарова,Категория кэшбэка 'Кофейное место на ул. Комарова'. Средняя ставка по данным dano.csv: 20.0%,20.00,370,7,20,,,,,
a15ce231-7151-4c25-927d-4afe7e604299,Кофейня 1799 на Пушкинской ул,Категория кэшбэка 'Кофейня 1799 на Пушкинской ул'. Средняя ставка по данным dano.csv: 20.0%,20.00,133,3,7,,,,,
6fef67a3-042e-4974-8640-f65a8b713462,Кофейня 369 Coffee на Павелецком пр,Категория кэшбэка 'Кофейня 369 Coffee на Павелецком пр'. Средняя ставка по данным dano.csv: 20.0%,20.00,102,5,12,,,,,
2184d3d5-5e4c-4d2f-9e49-4d2cf81e0196,Кофейня Batabat на ул. Вадима Усова,Категория кэшбэка 'Кофейня Batabat на ул. Вадима Усова'. Средняя ставка по данным dano.csv: 20.0%,20.00,399,7,20,,,,,
7faaef18-30cc-4d48-a9d8-1cadc30c3346,Кофейня Black Brew Coffee на ул. Краснопрудная,Категория кэшбэка 'Кофейня Black Brew Coffee на ул. Краснопрудная'. Средняя ставка по данным dano.csv: 20.0%,20.00,767,3,7,,,,,
355ab3b6-0de5-421a-8784-6dfd1c8d5bef,Кофейня Chess на Октябрьской ул,Категория кэшбэка 'Кофейня Chess на Октябрьской ул'. Средняя ставка по данным dano.csv: 20.0%,20.00,615,5,12,,,,,
2d0dfc1d-de27-4344-9e60-afbebac9407d,Кофейня Coffee Shop на пр-те Ленина,Категория кэшбэка 'Кофейня Coffee Shop на пр-те Ленина'. Средняя ставка по данным dano.csv: 20.0%,20.00,333,7,20,,,,,
bf437942-72dc-4d41-9d26-f365bbe7d1e0,Кофейня Coffee&Tea на ул. Медицинская,Категория кэшбэка 'Кофейня Coffee&Tea на ул. Медицинская'. Средняя ставка по данным dano.csv: 20.0%,20.00,719,3,7,,,,,
ae8bf2eb-e4fc-4ec2-9e03-a3efc3ff8739,Кофейня Crop на ул.  Тимура Фрунзе,Категория кэшбэка 'Кофейня Crop на ул.  Тимура Фрунзе'. Средняя ставка по данным dano.csv: 20.0%,20.00,556,5,12,,,,,
a9baa468-19f3-4ca8-aa14-e832f408a15a,Кофейня D&K на ул. Энергетиков,Категория кэшбэка 'Кофейня D&K на ул. Энергетиков'. Средняя ставка по данным dano.csv: 20.0%,20.00,778,7,20,,,,,
13709da2-84ba-45f7-a9a3-998f9160280e,Кофейня Do.bro Coffee на ул.Земляной Вал,Категория кэшбэка 'Кофейня Do.bro Coffee на ул.Земляной Вал'. Средняя ставка по данным dano.csv: 20.0%,20.00,384,3,7,,,,,
edc6a689-738e-4b43-8314-5b3fff16c2f0,Кофейня Fatee на ул. Гагарина,Категория кэшбэка 'Кофейня Fatee на ул. Гагарина'. Средняя ставка по данным dano.csv: 20.0%,20.00,655,5,12,,,,,
fa6e6ffc-12bd-4360-9f18-c5a4bd596beb,Кофейня Like a bird на Бауманской ул,Категория кэшбэка 'Кофейня Like a bird на Бауманской ул'. Средняя ставка по данным dano.csv: 20.0%,20.00,708,7,20,,,,,
02b89947-0680-44bc-82a4-a04b55397eb8,Кофейня Magic Beans в Котляковском пер,Категория кэшбэка 'Кофейня Magic Beans в Котляковском пер'. Средняя ставка по данным dano.csv: 20.0%,20.00,734,3,7,,,,,
251f0c5e-c1d7-4b2e-a182-59d9fd138d4f,Кофейня Miltidays на Приморской ул,Категория кэшбэка 'Кофейня Miltidays на Приморской ул'. Средняя ставка по данным dano.csv: 20.0%,20.00,313,5,12,,,,,
78622a07-7530-48f3-8c5c-4d8ba04e1343,Кофейня Mr. Black coffee на б-ре Новаторов,Категория кэшбэка 'Кофейня Mr. Black coffee на б-ре Новаторов'. Средняя ставка по данным dano.csv: 20.0%,20.00,709,7,20,,,,,
e9fa61cc-0870-499b-886f-96fee570ca3a,Кофейня Mr.Black Coffee на Загородном пр-те,Категория кэшбэка 'Кофейня Mr.Black Coffee на Загородном пр-те'. Средняя ставка по данным dano.csv: 20.0%,20.00,548,3,7,,,,,
72abf214-208e-47d2-879c-cae4c4edcecc,Кофейня Mr.Black Coffee на пр-те Ветеранов,Категория кэшбэка 'Кофейня Mr.Black Coffee на пр-те Ветеранов'. Средняя ставка по данным dano.csv: 20.0%,20.00,187,5,12,,,,,
b565f156-36ce-4dd6-b325-785e5f506b7a,Кофейня Mr.Black кофе на Парфёновской ул,Категория кэшбэка 'Кофейня Mr.Black кофе на Парфёновской ул'. Средняя ставка по данным dano.csv: 20.0%,20.00,440,7,20,,,,,
be3b921a-b020-4a6e-95ec-d6cbffd1c73b,Кофейня Mr.Black на ул. Образцовой,Категория кэшбэка 'Кофейня Mr.Black на ул. Образцовой'. Средняя ставка по данным dano.csv: 20.0%,20.00,220,3,7,,,,,
24d3a742-b543-4f55-996d-439539b09932,Кофейня Neko-Bubble на просп. Андропова,Категория кэшбэка 'Кофейня Neko-Bubble на просп. Андропова'. Средняя ставка по данным dano.csv: 20.0%,20.00,329,5,12,,,,,
92098b20-0480-4046-bd8a-e75f97d6ec4d,Кофейня Rizz On на пр-те им.60-летия СССР,Категория кэшбэка 'Кофейня Rizz On на пр-те им.60-летия СССР'. Средняя ставка по данным dano.csv: 20.0%,20.00,793,7,20,,,,,
7052ae30-21ad-4e29-81bb-07c10fa22111,Кофейня Ser coffee на ул. Свободы,Категория кэшбэка 'Кофейня Ser coffee на ул. Свободы'. Средняя ставка по данным dano.csv: 20.0%,20.00,456,3,7,,,,,
133eb092-9d8a-4707-b166-61630014a5ae,Кофейня Soffi Coffee на Комендантском пр-те,Категория кэшбэка 'Кофейня Soffi Coffee на Комендантском пр-те'. Средняя ставка по данным dano.csv: 20.0%,20.00,537,5,12,,,,,
8c30c020-6f45-4a74-8f19-760ea3a4476c,Кофейня Sup&coffee на Советской ул,Категория кэшбэка 'Кофейня Sup&coffee на Советской ул'. Средняя ставка по данным dano.csv: 20.0%,20.00,747,7,20,,,,,
d065864e-d5bf-467c-b392-4423421e440d,Кофейня The Place на ул. Шеболдаева,Категория кэшбэка 'Кофейня The Place на ул. Шеболдаева'. Средняя ставка по данным dano.csv: 20.0%,20.00,471,3,7,,,,,
75ca2872-da98-4dbc-933b-60d6558aaa75,Кофейня Toj coffee на ул. Кирова,Категория кэшбэка 'Кофейня Toj coffee на ул. Кирова'. Средняя ставка по данным dano.csv: 20.0%,20.00,131,5,12,,,,,
1d81eb4a-d726-4f02-bc02-ab33a2f16c0c,Кофейня Vanbre на Хорошёвском ш,Категория кэшбэка 'Кофейня Vanbre на Хорошёвском ш'. Средняя ставка по данным dano.csv: 20.0%,20.00,324,7,20,,,,,
9e6dd504-60b9-4eda-94c0-9dfbbc4fc198,Кофейня Very Match на ул. Максима Горького,Категория кэшбэка 'Кофейня Very Match на ул. Максима Горького'. Средняя ставка по данным dano.csv: 20.0%,20.00,502,3,7,,,,,
26696282-c68d-4397-9577-a02e0a885ed6,Кофейня «Авантюра» в ж. массиве Олимпийский,Категория кэшбэка 'Кофейня «Авантюра» в ж. массиве Олимпийский'. Средняя ставка по данным dano.csv: 20.0%,20.00,797,5,12,,,,,
d0746a3c-030b-47e3-9fde-25f5a612c2df,Кофейня «Бизу-Бизу» на Сельскохозяйственной ул,Категория кэшбэка 'Кофейня «Бизу-Бизу» на Сельскохозяйственной ул'. Средняя ставка по данным dano.csv: 20.0%,20.00,208,7,20,,,,,
51ea40c4-6f70-41a7-bb09-cf501cd8cb98,Кофейня «Булки на прогулке» на ул. Ленина,Категория кэшбэка 'Кофейня «Булки на прогулке» на ул. Ленина'. Средняя ставка по данным dano.csv: 20.0%,20.00,429,3,7,,,,,
1d87d387-c579-4dfc-976d-7e9698b26d03,Кофейня «Гараж кофе» на ул. Пятилетки,Категория кэшбэка 'Кофейня «Гараж кофе» на ул. Пятилетки'. Средняя ставка по данным dano.csv: 20.0%,20.00,648,5,12,,,,,
e292a45a-26b5-4647-a737-e8bc6c3f2e15,Кофейня «Гараж-Винтаж» на Вознесенской ул,Категория кэшбэка 'Кофейня «Гараж-Винтаж» на Вознесенской ул'. Средняя ставка по данным dano.csv: 20.0%,20.00,738,7,20,,,,,
44d98d01-bdad-462b-867a-75acd2d05881,Кофейня «Где тает шоколад» на Фермском ш,Категория кэшбэка 'Кофейня «Где тает шоколад» на Фермском ш'. Средняя ставка по данным dano.csv: 20.0%,20.00,569,3,7,,,,,
7640a975-7ffc-4643-bdfd-8b3502cf07e1,Кофейня «Дом Лу» на Старорусском пр-те,Категория кэшбэка 'Кофейня «Дом Лу» на Старорусском пр-те'. Средняя ставка по данным dano.csv: 20.0%,20.00,737,5,12,,,,,
6b93a90f-606c-4063-93bd-a6c4ac22ea97,Кофейня «Дом кофе» на ул. Западный обход,Категория кэшбэка 'Кофейня «Дом кофе» на ул. Западный обход'. Средняя ставка по данным dano.csv: 20.0%,20.00,203,7,20,,,,,
cdb4aa23-54d5-4d6b-bb41-776b44945f72,Кофейня «Жизнь» на ул. Глеба Успенского,Категория кэшбэка 'Кофейня «Жизнь» на ул. Глеба Успенского'. Средняя ставка по данным dano.csv: 20.0%,20.00,414,3,7,,,,,
b3a3e3a7-e9b7-4536-b737-39d5ee9db51c,Кофейня «ЗавтраКофе» на ул. Селезнёва,Категория кэшбэка 'Кофейня «ЗавтраКофе» на ул. Селезнёва'. Средняя ставка по данным dano.csv: 20.0%,20.00,664,5,12,,,,,
b5fe074a-c5b8-4453-b08c-4c7c6ca6b283,Кофейня «Зеленвиль» в Зеленограде,Категория кэшбэка 'Кофейня «Зеленвиль» в Зеленограде'. Средняя ставка по данным dano.csv: 20.0%,20.00,458,7,20,,,,,
3cf9acba-9dbb-48ab-b76b-7576161e0d57,Кофейня «Зерно» на ул. Ленина,Категория кэшбэка 'Кофейня «Зерно» на ул. Ленина'. Средняя ставка по данным dano.csv: 20.0%,20.00,472,3,7,,,,,
1dfe72be-4770-4382-91f2-dd8eac39375a,Кофейня «Иланг и Латте»,Категория кэшбэка 'Кофейня «Иланг и Латте»'. Средняя ставка по данным dano.csv: 20.0%,20.00,478,5,12,,,,,
fac14eef-20ab-406d-a825-264aed6612d7,Кофейня «Интервал» на ул. Ткачёва,Категория кэшбэка 'Кофейня «Интервал» на ул. Ткачёва'. Средняя ставка по данным dano.csv: 20.0%,20.00,434,7,20,,,,,
34661914-576c-4426-b7a9-168d9684fb7c,"Кофейня «Катёна» на 
ул. 50 лет Октября","Категория кэшбэка 'Кофейня «Катёна» на 
ул. 50 лет Октября'. Средняя ставка по данным dano.csv: 20.0%",20.00,230,3,7,,,,,
099f4fe2-529c-4e51-a656-f5c862dbab7c,Кофейня «Клэр» на Авиамоторной ул,Категория кэшбэка 'Кофейня «Клэр» на Авиамоторной ул'. Средняя ставка по данным dano.csv: 20.0%,20.00,665,5,12,,,,,
3038e9f9-eddf-409a-86b5-f03a0bb47065,"Кофейня «Книжный клуб» на 
ул. Грибоедова","Категория кэшбэка 'Кофейня «Книжный клуб» на 
ул. Грибоедова'. Средняя ставка по данным dano.csv: 20.0%",20.00,798,7,20,,,,,
c7796a94-d0e6-4119-97e8-d10e7ebe902b,Кофейня «Космос» на ул. Циолковского,Категория кэшбэка 'Кофейня «Космос» на ул. Циолковского'. Средняя ставка по данным dano.csv: 20.0%,20.00,128,3,7,,,,,
a457f02f-c7ae-491d-a237-89f097260515,Кофейня «Ларёк» на ул. Свободы,Категория кэшбэка 'Кофейня «Ларёк» на ул. Свободы'. Средняя ставка по данным dano.csv: 20.0%,20.00,635,5,12,,,,,
8c7e37c3-3f7d-4ca2-8ca3-56fd15a3a9b7,Кофейня «Латтешечка» на Тихой ул,Категория кэшбэка 'Кофейня «Латтешечка» на Тихой ул'. Средняя ставка по данным dano.csv: 20.0%,20.00,211,7,20,,,,,
7058e902-f52f-43bb-be23-38b5461626ae,Кофейня «Литера&Турка» на Саларьевской ул,Категория кэшбэка 'Кофейня «Литера&Турка» на Саларьевской ул'. Средняя ставка по данным dano.csv: 20.0%,20.00,676,3,7,,,,,
79694d85-20fe-4946-b516-710ebcfa3a44,Кофейня «Мака кофе» на Каширском ш,Категория кэшбэка 'Кофейня «Мака кофе» на Каширском ш'. Средняя ставка по данным dano.csv: 20.0%,20.00,600,5,12,,,,,
9914fefb-ac32-4834-9c8c-1ec6112692e8,Кофейня «Между Кофе» на Весенней ул,Категория кэшбэка 'Кофейня «Между Кофе» на Весенней ул'. Средняя ставка по данным dano.csv: 20.0%,20.00,447,7,20,,,,,
4235de95-56bf-4437-a922-edaf100a4cd2,Кофейня «Между Кофе» на Интернациональной ул,Категория кэшбэка 'Кофейня «Между Кофе» на Интернациональной ул'. Средняя ставка по данным dano.csv: 20.0%,20.00,435,3,7,,,,,
755f0ce6-4a78-4bcc-94d3-984acef70186,Кофейня «Между Кофе» на пр-те Строителей,Категория кэшбэка 'Кофейня «Между Кофе» на пр-те Строителей'. Средняя ставка по данным dano.csv: 20.0%,20.00,394,5,12,,,,,
f00849bc-2a38-4ea2-b128-612cf4542ef9,Кофейня «Мурфи» на Главной ул,Категория кэшбэка 'Кофейня «Мурфи» на Главной ул'. Средняя ставка по данным dano.csv: 20.0%,20.00,690,7,20,,,,,
7c785f14-a13a-4ba4-bb2b-7913acc80185,Кофейня «На Дровах» в Малом Дровяном пер,Категория кэшбэка 'Кофейня «На Дровах» в Малом Дровяном пер'. Средняя ставка по данным dano.csv: 20.0%,20.00,630,3,7,,,,,
da6574ac-5ae5-41a4-9837-8d97bcc35458,Кофейня «Небеса Туть» на Красной ул,Категория кэшбэка 'Кофейня «Небеса Туть» на Красной ул'. Средняя ставка по данным dano.csv: 20.0%,20.00,299,5,12,,,,,
67967583-dc6b-412b-8166-c3be17cf2d3d,Кофейня «Нефть» на ул. Ленина,Категория кэшбэка 'Кофейня «Нефть» на ул. Ленина'. Средняя ставка по данным dano.csv: 20.0%,20.00,526,7,20,,,,,
04da8182-150e-4170-826e-6bf699177ba5,Кофейня «Печкин» в Парке Победы,Категория кэшбэка 'Кофейня «Печкин» в Парке Победы'. Средняя ставка по данным dano.csv: 20.0%,20.00,214,3,7,,,,,
eb341ea3-5ba9-4c46-bd61-0337ceb19a33,Кофейня «Погода» на Святоозёрской ул,Категория кэшбэка 'Кофейня «Погода» на Святоозёрской ул'. Средняя ставка по данным dano.csv: 20.0%,20.00,777,5,12,,,,,
99b9e194-917b-4fdc-ac01-c94a6315c68a,Кофейня «Сильва» на ул. Карякина,Категория кэшбэка 'Кофейня «Сильва» на ул. Карякина'. Средняя ставка по данным dano.csv: 20.0%,20.00,548,7,20,,,,,
92e43617-3035-4fcb-adab-434bdeb2bf12,Кофейня «Скрамбл» на ул. Рябинина,Категория кэшбэка 'Кофейня «Скрамбл» на ул. Рябинина'. Средняя ставка по данным dano.csv: 20.0%,20.00,371,3,7,,,,,
0f8e46aa-fe93-49f0-8771-1176d44becd5,Кофейня «Тюссон»,Категория кэшбэка 'Кофейня «Тюссон»'. Средняя ставка по данным dano.csv: 20.0%,20.00,732,5,12,,,,,
6ebc8ede-db06-4ca2-9360-15ac84019a33,Кофейня «Хаски» на ул. Ленина,Категория кэшбэка 'Кофейня «Хаски» на ул. Ленина'. Средняя ставка по данным dano.csv: 20.0%,20.00,649,7,20,,,,,
a75aa0a7-30a4-49d5-98ae-7324d146a427,Кофейня «Хвост» на Авангардной ул,Категория кэшбэка 'Кофейня «Хвост» на Авангардной ул'. Средняя ставка по данным dano.csv: 20.0%,20.00,732,3,7,,,,,
ed8516fe-c3c3-44c4-9253-caa546c76d72,Кофейня «ЧайКофский» на ул. Максима Горького,Категория кэшбэка 'Кофейня «ЧайКофский» на ул. Максима Горького'. Средняя ставка по данным dano.csv: 20.0%,20.00,200,5,12,,,,,
9cdb9ca7-4140-485b-b2ff-1b6bb508a1da,Кофейня «ЧайКофский» на ул. А.С. Пушкина,Категория кэшбэка 'Кофейня «ЧайКофский» на ул. А.С. Пушкина'. Средняя ставка по данным dano.csv: 20.0%,20.00,120,7,20,,,,,
15540436-65d4-46c9-8c04-9ffe823d31c4,Кофейня «Чувства вкуса» на ул. Горького,Категория кэшбэка 'Кофейня «Чувства вкуса» на ул. Горького'. Средняя ставка по данным dano.csv: 20.0%,20.00,498,3,7,,,,,
eaa658e7-ed63-4827-b98e-08265f0c0c36,Кофейня «Эдем» на пр. Зеленый,Категория кэшбэка 'Кофейня «Эдем» на пр. Зеленый'. Средняя ставка по данным dano.csv: 20.0%,20.00,406,5,12,,,,,
88589c1e-82d2-4139-9c09-d759f74704ec,Кофейня «Ягода» на ул. Максима Горького,Категория кэшбэка 'Кофейня «Ягода» на ул. Максима Горького'. Средняя ставка по данным dano.csv: 20.0%,20.00,336,7,20,,,,,
d7012f4c-d5d5-4f21-a0b8-7c399ede150c,Кофейня Нервная Lola на ул. Адмирала Фокина,Категория кэшбэка 'Кофейня Нервная Lola на ул. Адмирала Фокина'. Средняя ставка по данным dano.csv: 20.0%,20.00,725,3,7,,,,,
eb2f05e1-cf1f-450c-83b6-34d454e3d395,Кофейня на пл. Ленина,Категория кэшбэка 'Кофейня на пл. Ленина'. Средняя ставка по данным dano.csv: 20.0%,20.00,410,5,12,,,,,
b9d5cf3d-f9b6-4e73-9711-258e4d99ff23,Кофейня на ул. Ленина,Категория кэшбэка 'Кофейня на ул. Ленина'. Средняя ставка по данным dano.csv: 20.0%,20.00,293,7,20,,,,,
1a0c0605-4932-4943-b8bb-898a257033c3,Кофейня Barista на ул. Мустая Карима,Категория кэшбэка 'Кофейня Barista на ул. Мустая Карима'. Средняя ставка по данным dano.csv: 20.0%,20.00,534,3,7,,,,,
18d6cade-9852-4e1e-9078-9ebd0fbb3de8,Кофейня Okno на ул. Новотушинская,Категория кэшбэка 'Кофейня Okno на ул. Новотушинская'. Средняя ставка по данным dano.csv: 20.0%,20.00,277,5,12,,,,,
69e6a7c4-7056-42b6-9421-ebfdff772dea,Кофейня V8 Coffee на ул. Коркмасова,Категория кэшбэка 'Кофейня V8 Coffee на ул. Коркмасова'. Средняя ставка по данным dano.csv: 20.0%,20.00,734,7,20,,,,,
ea3fd8e9-6553-4108-98c1-496cef713590,Кофейня «Родина» на ул. Караванная,Категория кэшбэка 'Кофейня «Родина» на ул. Караванная'. Средняя ставка по данным dano.csv: 20.0%,20.00,221,3,7,,,,,
162201cc-1fee-4e65-b770-c6fe35f04a4c,Кофейня «Трюффель» на ул. Наташи Качуевской,Категория кэшбэка 'Кофейня «Трюффель» на ул. Наташи Качуевской'. Средняя ставка по данным dano.csv: 20.0%,20.00,738,5,12,,,,,
bc0c7bc6-c051-4a3c-ab1f-b49e9b703226,Кофемания в Деповском пер,Категория кэшбэка 'Кофемания в Деповском пер'. Средняя ставка по данным dano.csv: 20.0%,20.00,176,7,20,,,,,
de5b9077-9157-449d-9e04-1c8e15f23407,Кофеотека на ул. 3-я Нововатутинская,Категория кэшбэка 'Кофеотека на ул. 3-я Нововатутинская'. Средняя ставка по данным dano.csv: 20.0%,20.00,367,3,7,,,,,
8590d350-5760-40f7-8645-28a27f6689d8,КрасDеталь на Караульной ул,Категория кэшбэка 'КрасDеталь на Караульной ул'. Средняя ставка по данным dano.csv: 20.0%,20.00,267,5,12,,,,,
c98de8ed-58e0-4ffd-8527-f5ff3f8ff2f3,КрасМясо на ул. Лесников,Категория кэшбэка 'КрасМясо на ул. Лесников'. Средняя ставка по данным dano.csv: 20.0%,20.00,253,7,20,,,,,
f6a08a0e-dce4-47e3-b13b-ef0d0caf0206,Красота,Категория кэшбэка 'Красота'. Средняя ставка по данным dano.csv: 5.0%,5.00,24,3,7,,,,,
9b8e07b8-3712-4294-95c1-ddffa461cc12,Красота Beauty Studio на Континентальном пр-те,Категория кэшбэка 'Красота Beauty Studio на Континентальном пр-те'. Средняя ставка по данным dano.csv: 20.0%,20.00,144,5,12,,,,,
accf8852-dea0-44f1-9cbb-dfbd8248a242,Красота в Шопинге,Категория кэшбэка 'Красота в Шопинге'. Средняя ставка по данным dano.csv: 19.2%,19.17,660,7,20,,,,,
767ff7b6-5c0b-45b4-9646-dbba9369d6d1,Красотека на ул. им. Чапаева,Категория кэшбэка 'Красотека на ул. им. Чапаева'. Средняя ставка по данным dano.csv: 20.0%,20.00,252,3,7,,,,,
a1a665e9-bc4a-4a84-a64c-aaa594a10c68,"Кровля, фасады, заборы в пр-де Дорожников","Категория кэшбэка 'Кровля, фасады, заборы в пр-де Дорожников'. Средняя ставка по данным dano.csv: 20.0%",20.00,115,5,12,,,,,
9b92e93d-94d5-4d37-bb32-aafadd9b104a,Кроссовочный бар на Пушкинской ул,Категория кэшбэка 'Кроссовочный бар на Пушкинской ул'. Средняя ставка по данным dano.csv: 20.0%,20.00,484,7,20,,,,,
3d2548c2-bbe3-4a62-9ab7-2ecb746ee504,Кудри и Любовь на Новодмитровской ул,Категория кэшбэка 'Кудри и Любовь на Новодмитровской ул'. Средняя ставка по данным dano.csv: 20.0%,20.00,170,3,7,,,,,
846cd7fc-a6ff-437e-a929-9f84c6f3d9e1,Кулинария «Горянка» на Сколковской ул,Категория кэшбэка 'Кулинария «Горянка» на Сколковской ул'. Средняя ставка по данным dano.csv: 20.0%,20.00,497,5,12,,,,,
9bc07417-56c4-4675-a44d-cd7ee7a86624,Кулинария «Есть Всё» на ул. Горького,Категория кэшбэка 'Кулинария «Есть Всё» на ул. Горького'. Средняя ставка по данным dano.csv: 20.0%,20.00,623,7,20,,,,,
46fc7efd-a667-4582-a696-8a07c9588d01,Кулинария «Домаешка» на ул. Новоторжская,Категория кэшбэка 'Кулинария «Домаешка» на ул. Новоторжская'. Средняя ставка по данным dano.csv: 20.0%,20.00,171,3,7,,,,,
a037b642-4a02-468a-b9a0-ad0e36db538d,Кулинария «Шеф Премьер» на ул. Анучина,Категория кэшбэка 'Кулинария «Шеф Премьер» на ул. Анучина'. Средняя ставка по данным dano.csv: 20.0%,20.00,609,5,12,,,,,
c11299ea-e5de-471c-bd3f-d14127df009c,Кулинарный дом «Про/тесто» на ул. Гоголя,Категория кэшбэка 'Кулинарный дом «Про/тесто» на ул. Гоголя'. Средняя ставка по данным dano.csv: 20.0%,20.00,185,7,20,,,,,
9e8a5cfe-d01c-48ad-9643-1b93895f5df6,Культ-центр «Пространство» на ул. Дуки,Категория кэшбэка 'Культ-центр «Пространство» на ул. Дуки'. Средняя ставка по данным dano.csv: 20.0%,20.00,612,3,7,,,,,
faa1b8ae-4b53-43e2-ab06-8ec8bfa2f3a1,Культура,Категория кэшбэка 'Культура'. Средняя ставка по данным dano.csv: 5.0%,5.00,353,5,12,,,,,
0adcf2e9-1da8-4eae-b9a8-8c281c77de63,Культура Восстановления на ул. Четаева,Категория кэшбэка 'Культура Восстановления на ул. Четаева'. Средняя ставка по данным dano.csv: 20.0%,20.00,449,7,20,,,,,
b0016b0a-537d-4aee-b11c-f08907c3612f,Кухонный салон «Комфорт» на ул. Крылатские Холмы,Категория кэшбэка 'Кухонный салон «Комфорт» на ул. Крылатские Холмы'. Средняя ставка по данным dano.csv: 20.0%,20.00,487,3,7,,,,,
9c8e9319-cc19-4897-9593-aca3ceee5d8a,Кэшбэк в подарок,Категория кэшбэка 'Кэшбэк в подарок'. Средняя ставка по данным dano.csv: 10.0%,10.00,200,5,12,,,,,
e6010f11-1557-4c8c-91bd-7a24fdc4086b,ЛОР клиника «Врачи Рядом» на ул. Мельникова,Категория кэшбэка 'ЛОР клиника «Врачи Рядом» на ул. Мельникова'. Средняя ставка по данным dano.csv: 20.0%,20.00,420,7,20,,,,,
40ab2e2a-06d1-4e47-8229-dc070f6d8976,Лаборатория звука на Большой Садовой у,Категория кэшбэка 'Лаборатория звука на Большой Садовой у'. Средняя ставка по данным dano.csv: 20.0%,20.00,733,3,7,,,,,
49dcad68-16c3-4e90-947d-6be1f43c1579,Лавка Здоровья,Категория кэшбэка 'Лавка Здоровья'. Средняя ставка по данным dano.csv: 20.0%,20.00,701,5,12,,,,,
41daf55f-dd5f-4019-b1d0-d6abdff4d280,Лавка Самоцветов на ул. Институтская,Категория кэшбэка 'Лавка Самоцветов на ул. Институтская'. Средняя ставка по данным dano.csv: 20.0%,20.00,378,7,20,,,,,
4e532d10-6389-4012-8c66-f0bf85db515a,Лавка деликатесов «Счастье есть» на Аграрной ул,Категория кэшбэка 'Лавка деликатесов «Счастье есть» на Аграрной ул'. Средняя ставка по данным dano.csv: 20.0%,20.00,470,3,7,,,,,
ba6a6540-aca4-4ecb-be95-84d5e4f97631,Ламаджо на ул. бол. Черемушкинская,Категория кэшбэка 'Ламаджо на ул. бол. Черемушкинская'. Средняя ставка по данным dano.csv: 20.0%,20.00,443,5,12,,,,,
d7b62ffe-b568-4ac0-b6c7-11ea8aa33095,Легендарная шаверма на Ленинградской ул,Категория кэшбэка 'Легендарная шаверма на Ленинградской ул'. Средняя ставка по данным dano.csv: 20.0%,20.00,718,7,20,,,,,
220346fa-418d-4dc6-bd9e-3623535a748c,Леонардо,Категория кэшбэка 'Леонардо'. Средняя ставка по данным dano.csv: 5.0%,5.00,201,3,7,,,,,
21b68f63-6417-4d90-85e1-c81ced6962a4,Леопринт на Чистопольской ул,Категория кэшбэка 'Леопринт на Чистопольской ул'. Средняя ставка по данным dano.csv: 20.0%,20.00,498,5,12,,,,,
17080f0a-54d1-4136-802a-a72cbcbb9683,Лес радостей на пр-те Карла Маркса,Категория кэшбэка 'Лес радостей на пр-те Карла Маркса'. Средняя ставка по данным dano.csv: 20.0%,20.00,753,7,20,,,,,
0db4a675-c39e-4882-aad3-766eff8df46c,Либэль на ул. Попова,Категория кэшбэка 'Либэль на ул. Попова'. Средняя ставка по данным dano.csv: 20.0%,20.00,638,3,7,,,,,
ca48950a-c452-49e7-b377-ce8ccc4630bd,Лингваджет на пр-те Славы,Категория кэшбэка 'Лингваджет на пр-те Славы'. Средняя ставка по данным dano.csv: 20.0%,20.00,799,5,12,,,,,
b7926aae-3805-45e2-b602-2d3db776b0be,Липко Фуд Бар на ул. Гагарина,Категория кэшбэка 'Липко Фуд Бар на ул. Гагарина'. Средняя ставка по данным dano.csv: 20.0%,20.00,523,7,20,,,,,
c48efc62-7f57-4844-94f9-bbb457be10c0,Литмаркет,Категория кэшбэка 'Литмаркет'. Средняя ставка по данным dano.csv: 5.0%,5.00,606,3,7,,,,,
a1409fb7-6fd0-4f92-b76a-c796b104f671,Лобстер бар на пр-те Карла Маркса,Категория кэшбэка 'Лобстер бар на пр-те Карла Маркса'. Средняя ставка по данным dano.csv: 20.0%,20.00,643,5,12,,,,,
bafd109f-61af-4050-90bb-a1e72d73e4a4,Лови Блин на ул. Коммунальная,Категория кэшбэка 'Лови Блин на ул. Коммунальная'. Средняя ставка по данным dano.csv: 20.0%,20.00,548,7,20,,,,,
f3831917-0de8-463e-8e52-ce12de495c23,Луна дохлая в Газетном переулке,Категория кэшбэка 'Луна дохлая в Газетном переулке'. Средняя ставка по данным dano.csv: 20.0%,20.00,685,3,7,,,,,
e35915ca-294d-4aa4-ae86-939dcdb56444,Лэтуаль в Шопинге,Категория кэшбэка 'Лэтуаль в Шопинге'. Средняя ставка по данным dano.csv: 19.1%,19.10,206,5,12,,,,,
5a77fe80-5982-48c5-bbce-13d5ad429670,Любо-мило на Юбилейной ул,Категория кэшбэка 'Любо-мило на Юбилейной ул'. Средняя ставка по данным dano.csv: 20.0%,20.00,102,7,20,,,,,
d018e244-27d4-43f6-b137-15cff7d9b0ef,Люси и Лео салон красоты на ул. Социалистическая,Категория кэшбэка 'Люси и Лео салон красоты на ул. Социалистическая'. Средняя ставка по данным dano.csv: 20.0%,20.00,654,3,7,,,,,
e6167b18-a1c8-4c77-b25c-7c81af610c74,М.Видео в Шопинге,Категория кэшбэка 'М.Видео в Шопинге'. Средняя ставка по данным dano.csv: 18.6%,18.63,514,5,12,,,,,
d1e708a5-f61c-4d37-b29d-a5dd3ce097a8,М.Косметик,Категория кэшбэка 'М.Косметик'. Средняя ставка по данным dano.csv: 5.0%,5.00,4,7,20,,,,,
1f10fc60-3f4b-4b0b-8d1e-f44e4d36dd6b,Магазин Boomm's в ТЦ Серебрянный Город,Категория кэшбэка 'Магазин Boomm's в ТЦ Серебрянный Город'. Средняя ставка по данным dano.csv: 20.0%,20.00,536,3,7,,,,,
d3f33f6d-7cb6-4352-b9c4-a23ba528d3e2,Магазин Dimanche Lingerie на ул. Журавлева,Категория кэшбэка 'Магазин Dimanche Lingerie на ул. Журавлева'. Средняя ставка по данным dano.csv: 20.0%,20.00,352,5,12,,,,,
27767b28-72c5-4a07-a675-33db640cb21b,Магазин Dolce Vita в ТЦ Сити,Категория кэшбэка 'Магазин Dolce Vita в ТЦ Сити'. Средняя ставка по данным dano.csv: 20.0%,20.00,566,7,20,,,,,
4840b816-a5a5-4b42-a00a-d2a8660438ba,Магазин Friday на ул. Революции,Категория кэшбэка 'Магазин Friday на ул. Революции'. Средняя ставка по данным dano.csv: 20.0%,20.00,783,3,7,,,,,
cf2fd943-94a7-412c-88a8-09b2175d016a,Магазин KrasivoModno на Весенней ул,Категория кэшбэка 'Магазин KrasivoModno на Весенней ул'. Средняя ставка по данным dano.csv: 20.0%,20.00,213,5,12,,,,,
3167dde5-0957-4f1f-8a82-9950b6a76981,Магазин Lavazza на Ильинской ул,Категория кэшбэка 'Магазин Lavazza на Ильинской ул'. Средняя ставка по данным dano.csv: 20.0%,20.00,755,7,20,,,,,
8f7e050c-a54a-408b-94a9-aa68a8f159cb,Магазин Mix Мебель на ул. Симонова,Категория кэшбэка 'Магазин Mix Мебель на ул. Симонова'. Средняя ставка по данным dano.csv: 20.0%,20.00,272,3,7,,,,,
d76fc17f-6754-4653-a05d-b6628d2cad1c,Магазин Sorochka.pro в ТЦ Конкорд,Категория кэшбэка 'Магазин Sorochka.pro в ТЦ Конкорд'. Средняя ставка по данным dano.csv: 20.0%,20.00,705,5,12,,,,,
f097bb28-7379-45f7-80ab-a941d7ac9ed5,Магазин Sorochka.pro на Смоленской пл,Категория кэшбэка 'Магазин Sorochka.pro на Смоленской пл'. Средняя ставка по данным dano.csv: 20.0%,20.00,200,7,20,,,,,
9e2ad18f-fd57-4e7a-8aa1-62df54c0c055,Магазин Sport-стиль в ТЦ Тибор,Категория кэшбэка 'Магазин Sport-стиль в ТЦ Тибор'. Средняя ставка по данным dano.csv: 20.0%,20.00,770,3,7,,,,,
9df2c9ee-732b-41a9-922f-1dea0ac5f2eb,Магазин Twissy на ул. Ватутина,Категория кэшбэка 'Магазин Twissy на ул. Ватутина'. Средняя ставка по данным dano.csv: 20.0%,20.00,522,5,12,,,,,
d3278be4-f1ac-48c0-b8f1-89afd88760f2,Магазин Yo mama на Широтной ул.,Категория кэшбэка 'Магазин Yo mama на Широтной ул.'. Средняя ставка по данным dano.csv: 20.0%,20.00,395,7,20,,,,,
2f1faa89-41f6-4e34-bc2d-e223d564e48e,Магазин «7 цен» на ул. 50 лет ВЛКСМ,Категория кэшбэка 'Магазин «7 цен» на ул. 50 лет ВЛКСМ'. Средняя ставка по данным dano.csv: 20.0%,20.00,520,3,7,,,,,
67a28e0a-2efb-4beb-9a5e-a5886e5e18ca,Магазин «АвтоРеспублика72»,Категория кэшбэка 'Магазин «АвтоРеспублика72»'. Средняя ставка по данным dano.csv: 20.0%,20.00,432,5,12,,,,,
efb65d01-84b7-4397-8ae2-e4151dd57a9d,Магазин «Автозапчасти» на ул. Энгельса,Категория кэшбэка 'Магазин «Автозапчасти» на ул. Энгельса'. Средняя ставка по данным dano.csv: 20.0%,20.00,405,7,20,,,,,
728959cb-1ce5-4f35-a47f-5a93d3d42a0e,Магазин «Автопилот» на ул. Челюскинцев,Категория кэшбэка 'Магазин «Автопилот» на ул. Челюскинцев'. Средняя ставка по данным dano.csv: 20.0%,20.00,321,3,7,,,,,
1a22b3cf-8a7f-41ee-ae68-4adaf2165c35,Магазин «Ай да обувь» на ул. Мира,Категория кэшбэка 'Магазин «Ай да обувь» на ул. Мира'. Средняя ставка по данным dano.csv: 20.0%,20.00,494,5,12,,,,,
efb4d269-3e64-4f35-a718-a1ee8e7f8705,Магазин «АкваСфера» на Рождественской ул,Категория кэшбэка 'Магазин «АкваСфера» на Рождественской ул'. Средняя ставка по данным dano.csv: 20.0%,20.00,496,7,20,,,,,
4d555605-dc3e-46a5-b060-6f636a97fa76,Магазин «Арт Букет» на  пр-кте Труда,Категория кэшбэка 'Магазин «Арт Букет» на  пр-кте Труда'. Средняя ставка по данным dano.csv: 20.0%,20.00,229,3,7,,,,,
343dc35b-f7eb-4cc1-a7c0-21dcefe650a0,Магазин «Булочная у дома» на Тихоокеанской ул,Категория кэшбэка 'Магазин «Булочная у дома» на Тихоокеанской ул'. Средняя ставка по данным dano.csv: 20.0%,20.00,453,5,12,,,,,
43bf2250-20e1-4991-97be-aaf1e5337158,Магазин «Веди Spa» в БЦ Перспектива,Категория кэшбэка 'Магазин «Веди Spa» в БЦ Перспектива'. Средняя ставка по данным dano.csv: 20.0%,20.00,470,7,20,,,,,
d61c05be-5d3a-4ba2-b20b-4cbeeae64aaf,Магазин «Ветеран» на Степной ул,Категория кэшбэка 'Магазин «Ветеран» на Степной ул'. Средняя ставка по данным dano.csv: 20.0%,20.00,197,3,7,,,,,
7251b0ed-f076-479c-95c1-16faa56b0c9f,Магазин «Винтаж» на ул. Баранова,Категория кэшбэка 'Магазин «Винтаж» на ул. Баранова'. Средняя ставка по данным dano.csv: 20.0%,20.00,644,5,12,,,,,
0f80a048-8867-443f-921d-b81a560ea8d3,Магазин «Вместо слов» на Южной ул,Категория кэшбэка 'Магазин «Вместо слов» на Южной ул'. Средняя ставка по данным dano.csv: 20.0%,20.00,167,7,20,,,,,
3f265c25-90da-4c59-9c8a-adcf934fcac2,Магазин «Время Кроссовок» на пр-те Ленина,Категория кэшбэка 'Магазин «Время Кроссовок» на пр-те Ленина'. Средняя ставка по данным dano.csv: 20.0%,20.00,254,3,7,,,,,
de70d6d1-68c5-45e5-8a37-47d552ef7ba7,Магазин «Все от 29 рублей» на Первомайской ул,Категория кэшбэка 'Магазин «Все от 29 рублей» на Первомайской ул'. Средняя ставка по данным dano.csv: 20.0%,20.00,481,5,12,,,,,
d4b53865-8433-419a-9eef-c13f407bd60e,Магазин «Всялепнина.ру» на Северной ул,Категория кэшбэка 'Магазин «Всялепнина.ру» на Северной ул'. Средняя ставка по данным dano.csv: 20.0%,20.00,617,7,20,,,,,
85b21921-d240-4c63-8838-a635a4d18b18,Магазин «Всё для дома» на ул. Коминтерна,Категория кэшбэка 'Магазин «Всё для дома» на ул. Коминтерна'. Средняя ставка по данным dano.csv: 20.0%,20.00,199,3,7,,,,,
7a6f81f6-036f-4ec3-afc6-3986836e3f17,Магазин «Гурмэтика» на ул. Адмиральского,Категория кэшбэка 'Магазин «Гурмэтика» на ул. Адмиральского'. Средняя ставка по данным dano.csv: 20.0%,20.00,788,5,12,,,,,
375e65fb-502c-48fb-a277-b7130b542e60,Магазин «Детки.ру» на ул. Кирова,Категория кэшбэка 'Магазин «Детки.ру» на ул. Кирова'. Средняя ставка по данным dano.csv: 20.0%,20.00,162,7,20,,,,,
56383586-16f3-4178-bb4c-4a7032f5156b,Магазин «Женская одежда» в ТЦ Левобережный,Категория кэшбэка 'Магазин «Женская одежда» в ТЦ Левобережный'. Средняя ставка по данным dano.csv: 20.0%,20.00,229,3,7,,,,,
5aad1e49-1713-419e-a6d0-c95832b2f8b8,Магазин «Женская одежда» на ул. Энтузиастов,Категория кэшбэка 'Магазин «Женская одежда» на ул. Энтузиастов'. Средняя ставка по данным dano.csv: 20.0%,20.00,778,5,12,,,,,
bce84bf8-2577-498c-b1d6-13dd2774e0c8,Магазин «Империя стейков» на Советской ул,Категория кэшбэка 'Магазин «Империя стейков» на Советской ул'. Средняя ставка по данным dano.csv: 20.0%,20.00,475,7,20,,,,,
52498aaa-b741-4a0c-a328-357a22c54ca0,Магазин «Кератайл» на ул. Карьер,Категория кэшбэка 'Магазин «Кератайл» на ул. Карьер'. Средняя ставка по данным dano.csv: 20.0%,20.00,557,3,7,,,,,
234e4d2d-d471-415c-9b48-bde700d181bc,Магазин «Конфетка» в ТЦ Лавка,Категория кэшбэка 'Магазин «Конфетка» в ТЦ Лавка'. Средняя ставка по данным dano.csv: 20.0%,20.00,564,5,12,,,,,
53f6a319-ca4f-401c-b58c-7e5d4d9ffc89,Магазин «Лабазъ» на ул. Усилова,Категория кэшбэка 'Магазин «Лабазъ» на ул. Усилова'. Средняя ставка по данным dano.csv: 20.0%,20.00,784,7,20,,,,,
9a6e38d3-e7c0-4cce-9dee-35d04dc4029b,Магазин «Мармеладыш» на ул. Курчатова,Категория кэшбэка 'Магазин «Мармеладыш» на ул. Курчатова'. Средняя ставка по данным dano.csv: 20.0%,20.00,664,3,7,,,,,
d2bdaa73-17d7-4c0a-bd7d-c0a343d64af0,Магазин «Мастер» на ул. Степная,Категория кэшбэка 'Магазин «Мастер» на ул. Степная'. Средняя ставка по данным dano.csv: 20.0%,20.00,227,5,12,,,,,
9e5b9cf4-71ca-452e-ba3f-124cf9f83a1e,Магазин «Металл Посад» в Большом Железнодожном пр,Категория кэшбэка 'Магазин «Металл Посад» в Большом Железнодожном пр'. Средняя ставка по данным dano.csv: 20.0%,20.00,724,7,20,,,,,
6912ecad-63db-4bb7-ae12-599fa735ee35,Магазин «Мир Цветов» на Ленинградском пр-те,Категория кэшбэка 'Магазин «Мир Цветов» на Ленинградском пр-те'. Средняя ставка по данным dano.csv: 20.0%,20.00,178,3,7,,,,,
8df9f41b-f748-4f22-b8f6-308ef328ab72,Магазин «Мир инструмента» на ул. Чкалова,Категория кэшбэка 'Магазин «Мир инструмента» на ул. Чкалова'. Средняя ставка по данным dano.csv: 20.0%,20.00,779,5,12,,,,,
a47f4a32-6cf5-4f15-9030-df559901c2bf,Магазин «Мон-Мон» в ТЦ Долгоозерный,Категория кэшбэка 'Магазин «Мон-Мон» в ТЦ Долгоозерный'. Средняя ставка по данным dano.csv: 20.0%,20.00,796,7,20,,,,,
9b20401a-df69-4389-a293-ada2b3c14d5c,Магазин «Море Вкусов» на пр-те Мира,Категория кэшбэка 'Магазин «Море Вкусов» на пр-те Мира'. Средняя ставка по данным dano.csv: 20.0%,20.00,585,3,7,,,,,
d7ae49c0-eeb0-4b07-9fdb-5bb0fbb8fd13,Магазин «Мясной» на ул. Худякова,Категория кэшбэка 'Магазин «Мясной» на ул. Худякова'. Средняя ставка по данным dano.csv: 20.0%,20.00,398,5,12,,,,,
ea0c4492-ceef-4575-bf81-409ac89596d9,Магазин «Наш огород» на ул. Виктора Шевелева,Категория кэшбэка 'Магазин «Наш огород» на ул. Виктора Шевелева'. Средняя ставка по данным dano.csv: 20.0%,20.00,632,7,20,,,,,
239cc679-baf1-4e71-aa41-53372c184405,Магазин «Овощи Фрукты» на ул. Левитана,Категория кэшбэка 'Магазин «Овощи Фрукты» на ул. Левитана'. Средняя ставка по данным dano.csv: 20.0%,20.00,128,3,7,,,,,
8db41b68-09e3-4d1b-be9f-b6d185ec4cc5,Магазин «Овощи и фрукты» на ул. 65 лет Победы,Категория кэшбэка 'Магазин «Овощи и фрукты» на ул. 65 лет Победы'. Средняя ставка по данным dano.csv: 20.0%,20.00,466,5,12,,,,,
2c283c60-e711-4749-bca4-af57f751ece7,Магазин «Овощи и фрукты» на ул. Руставели,Категория кэшбэка 'Магазин «Овощи и фрукты» на ул. Руставели'. Средняя ставка по данным dano.csv: 20.0%,20.00,798,7,20,,,,,
f1168f0a-ae81-4315-a30c-deb5a6de7925,Магазин «Овощи фрукты» в пр-де Шабулина,Категория кэшбэка 'Магазин «Овощи фрукты» в пр-де Шабулина'. Средняя ставка по данным dano.csv: 20.0%,20.00,686,3,7,,,,,
09d0ccbf-f292-469f-932a-00383612db7b,Магазин «Овощной» на ул. Марины Цветаевой,Категория кэшбэка 'Магазин «Овощной» на ул. Марины Цветаевой'. Средняя ставка по данным dano.csv: 20.0%,20.00,659,5,12,,,,,
52da24d8-c4ff-45d6-ad48-6c1e2fe728de,"Магазин «Одежда» на ул. Камова, 9к1","Категория кэшбэка 'Магазин «Одежда» на ул. Камова, 9к1'. Средняя ставка по данным dano.csv: 20.0%",20.00,219,7,20,,,,,
43284e3b-4ceb-4ce7-9d10-de3296342b72,Магазин «Оливка» на ул. Свободы,Категория кэшбэка 'Магазин «Оливка» на ул. Свободы'. Средняя ставка по данным dano.csv: 20.0%,20.00,399,3,7,,,,,
d28f92c5-fdd6-4bf4-8d52-596f18695c77,Магазин «Осветительный» на ул. Республики,Категория кэшбэка 'Магазин «Осветительный» на ул. Республики'. Средняя ставка по данным dano.csv: 20.0%,20.00,257,5,12,,,,,
61b5f7c1-3349-475d-b346-423d89178471,Магазин «Пекарня Кулинария»,Категория кэшбэка 'Магазин «Пекарня Кулинария»'. Средняя ставка по данным dano.csv: 20.0%,20.00,649,7,20,,,,,
7c27e3d0-90da-4d73-8654-910f9564476e,Магазин «Подарки» на ул. Максима Горького,Категория кэшбэка 'Магазин «Подарки» на ул. Максима Горького'. Средняя ставка по данным dano.csv: 20.0%,20.00,430,3,7,,,,,
301eb4ed-a8b2-4aa1-b145-ef3fdb2dc533,Магазин «Польская мода» на ул. Куйбышева,Категория кэшбэка 'Магазин «Польская мода» на ул. Куйбышева'. Средняя ставка по данным dano.csv: 20.0%,20.00,583,5,12,,,,,
45a408b6-861d-4102-a80b-7ee0684e8cde,Магазин «Продажа прицепов» на Таврической ул,Категория кэшбэка 'Магазин «Продажа прицепов» на Таврической ул'. Средняя ставка по данным dano.csv: 20.0%,20.00,516,7,20,,,,,
c3ee50ba-6214-471e-9eab-ab1f62383c61,Магазин «Продукты 24 часа» на Тимирязевской ул,Категория кэшбэка 'Магазин «Продукты 24 часа» на Тимирязевской ул'. Средняя ставка по данным dano.csv: 20.0%,20.00,184,3,7,,,,,
7a65e5f8-bde8-41e9-a23f-754eff8b47d0,"Магазин «Продукты» в д. Коробово, 67","Категория кэшбэка 'Магазин «Продукты» в д. Коробово, 67'. Средняя ставка по данным dano.csv: 20.0%",20.00,552,5,12,,,,,
65e41bf5-4cdb-4323-ba4a-7b39eae351c7,Магазин «Продукты» на Коммунальной ул,Категория кэшбэка 'Магазин «Продукты» на Коммунальной ул'. Средняя ставка по данным dano.csv: 20.0%,20.00,516,7,20,,,,,
e7791069-c13e-48e5-ae43-aa648c48c82e,Магазин «Продукты» на ул. Адмирала Кузнецова,Категория кэшбэка 'Магазин «Продукты» на ул. Адмирала Кузнецова'. Средняя ставка по данным dano.csv: 20.0%,20.00,507,3,7,,,,,
72ba5348-22cc-4980-9f93-2059d74bac2b,Магазин «Продукты» на ул. Кирова,Категория кэшбэка 'Магазин «Продукты» на ул. Кирова'. Средняя ставка по данным dano.csv: 20.0%,20.00,577,5,12,,,,,
b30d0de4-1b7c-425f-9bb8-cdc5dda9e7bb,Магазин «Продукты» на ул. Кочетова,Категория кэшбэка 'Магазин «Продукты» на ул. Кочетова'. Средняя ставка по данным dano.csv: 20.0%,20.00,340,7,20,,,,,
4dcfaba9-d5d5-4ac4-b21d-fd6035c0756d,Магазин «Промстрой Хозтовары» на Совхозной ул,Категория кэшбэка 'Магазин «Промстрой Хозтовары» на Совхозной ул'. Средняя ставка по данным dano.csv: 20.0%,20.00,750,3,7,,,,,
7768f045-3c04-4016-b5e5-c5670426c1af,Магазин «Профи Арт» на ул. Ленина,Категория кэшбэка 'Магазин «Профи Арт» на ул. Ленина'. Средняя ставка по данным dano.csv: 20.0%,20.00,621,5,12,,,,,
fc0a54bd-f9c6-4d23-99ab-2ee84c80cfc8,Магазин «Радиотехник» на ул. Гагарина,Категория кэшбэка 'Магазин «Радиотехник» на ул. Гагарина'. Средняя ставка по данным dano.csv: 20.0%,20.00,461,7,20,,,,,
d25a3053-15cf-4e51-b0d8-1dfbda3b5b27,Магазин «Раки» на ул. Чебрикова,Категория кэшбэка 'Магазин «Раки» на ул. Чебрикова'. Средняя ставка по данным dano.csv: 20.0%,20.00,773,3,7,,,,,
d5b2cdee-e93e-4817-bd29-d10bda6cc0ac,Магазин «Растет Цветет» на Московской ул,Категория кэшбэка 'Магазин «Растет Цветет» на Московской ул'. Средняя ставка по данным dano.csv: 20.0%,20.00,566,5,12,,,,,
5111ee1f-370a-4540-9ff1-793b2fb1765a,Магазин «Растет Цветет» на ул. Никитинская,Категория кэшбэка 'Магазин «Растет Цветет» на ул. Никитинская'. Средняя ставка по данным dano.csv: 20.0%,20.00,462,7,20,,,,,
5802b526-ea89-4af0-bb0c-c6d97f25738e,Магазин «Растет Цветет» на ул. П.И. Смородина,Категория кэшбэка 'Магазин «Растет Цветет» на ул. П.И. Смородина'. Средняя ставка по данным dano.csv: 20.0%,20.00,558,3,7,,,,,
4678599b-9ac1-484f-b1fd-386921f523c8,Магазин «Рыба мечты» на Новосоветской ул,Категория кэшбэка 'Магазин «Рыба мечты» на Новосоветской ул'. Средняя ставка по данным dano.csv: 20.0%,20.00,661,5,12,,,,,
b45ff725-b02f-4815-91ea-f08e0bb8fb9d,Магазин «Рыбачок69» на Октябрьском пр-те,Категория кэшбэка 'Магазин «Рыбачок69» на Октябрьском пр-те'. Средняя ставка по данным dano.csv: 20.0%,20.00,519,7,20,,,,,
6d0001af-d5b1-493d-875f-2f5384c16752,Магазин «Салаты и Соленья» на ул. Таганрогская,Категория кэшбэка 'Магазин «Салаты и Соленья» на ул. Таганрогская'. Средняя ставка по данным dano.csv: 20.0%,20.00,736,3,7,,,,,
44e3dfa7-d849-4fdd-87a9-74aa543e2e2a,Магазин «Свежее мясо» на Гомельской ул,Категория кэшбэка 'Магазин «Свежее мясо» на Гомельской ул'. Средняя ставка по данным dano.csv: 20.0%,20.00,151,5,12,,,,,
612d5885-1878-4e45-b323-d1dfb11c3f00,Магазин «Свет и Диод» в Предпортовом пр-де,Категория кэшбэка 'Магазин «Свет и Диод» в Предпортовом пр-де'. Средняя ставка по данным dano.csv: 20.0%,20.00,452,7,20,,,,,
7ed73c6e-4102-46ef-bb53-ed379f69fa54,Магазин «Сила картона» на Волгоградской ул,Категория кэшбэка 'Магазин «Сила картона» на Волгоградской ул'. Средняя ставка по данным dano.csv: 20.0%,20.00,479,3,7,,,,,
a71981a4-89f2-490f-84ab-bb298ffc0f7e,Магазин «Сила природы» в ТЦ Метро,Категория кэшбэка 'Магазин «Сила природы» в ТЦ Метро'. Средняя ставка по данным dano.csv: 20.0%,20.00,359,5,12,,,,,
d55832b5-87eb-4173-8b75-0f0f122cb56c,Магазин «Сластёна» в ТЦ Весна,Категория кэшбэка 'Магазин «Сластёна» в ТЦ Весна'. Средняя ставка по данным dano.csv: 20.0%,20.00,692,7,20,,,,,
0b544bb9-fd23-45bf-b774-4e8742ad7a79,Магазин «Сластёна» на ул. Шишкова,Категория кэшбэка 'Магазин «Сластёна» на ул. Шишкова'. Средняя ставка по данным dano.csv: 20.0%,20.00,552,3,7,,,,,
37cd3985-5733-4c35-80bd-074da64bd3bb,Магазин «Спортбаза» на ул. Академика Шварца,Категория кэшбэка 'Магазин «Спортбаза» на ул. Академика Шварца'. Средняя ставка по данным dano.csv: 20.0%,20.00,372,5,12,,,,,
bafda27a-2343-4cbc-ae3e-1ae1e767e8ab,Магазин «Сухофрукты» на Советской,Категория кэшбэка 'Магазин «Сухофрукты» на Советской'. Средняя ставка по данным dano.csv: 20.0%,20.00,212,7,20,,,,,
5251f9f0-c686-4f17-bcb8-d607be40b919,Магазин «Сухофрукты» на пр-те Краснопольский,Категория кэшбэка 'Магазин «Сухофрукты» на пр-те Краснопольский'. Средняя ставка по данным dano.csv: 20.0%,20.00,489,3,7,,,,,
49039aee-7121-4180-9895-148088ebac89,Магазин «Универсал» на ул. Худайбердина,Категория кэшбэка 'Магазин «Универсал» на ул. Худайбердина'. Средняя ставка по данным dano.csv: 20.0%,20.00,638,5,12,,,,,
97edbbd8-bd5c-42f9-ab68-1f8a74a053a2,Магазин «Форсаж» на Коммунистической ул,Категория кэшбэка 'Магазин «Форсаж» на Коммунистической ул'. Средняя ставка по данным dano.csv: 20.0%,20.00,518,7,20,,,,,
9b32adeb-524b-49f9-946a-dea57d08ef08,"Магазин «Фрукты Люкс» на ул. Шахтеров, пав. 12","Категория кэшбэка 'Магазин «Фрукты Люкс» на ул. Шахтеров, пав. 12'. Средняя ставка по данным dano.csv: 20.0%",20.00,710,3,7,,,,,
c97b7af2-f2e8-41e4-a3e3-9c54fea24dc0,Магазин «Фрукты и Овощи» на Люблинской ул,Категория кэшбэка 'Магазин «Фрукты и Овощи» на Люблинской ул'. Средняя ставка по данным dano.csv: 20.0%,20.00,270,5,12,,,,,
1a7ed398-27d9-4146-a7df-7f09bae2e0c8,Магазин «Фрукты и овощи» в 140-ом мкр,Категория кэшбэка 'Магазин «Фрукты и овощи» в 140-ом мкр'. Средняя ставка по данным dano.csv: 20.0%,20.00,733,7,20,,,,,
5e10f931-ecf3-4027-ad3f-972d2cccc77c,Магазин «Хлеб» на пр-те 60 лет Образования СССР,Категория кэшбэка 'Магазин «Хлеб» на пр-те 60 лет Образования СССР'. Средняя ставка по данным dano.csv: 20.0%,20.00,467,3,7,,,,,
be9dc731-40f1-4d81-be64-0ffc27a2ba90,Магазин «Цветочная фея» на пр-те Металлургов,Категория кэшбэка 'Магазин «Цветочная фея» на пр-те Металлургов'. Средняя ставка по данным dano.csv: 20.0%,20.00,222,5,12,,,,,
2550eaf3-c9d4-4d46-bda5-06322c569cab,Магазин «Цветочный Банч» на ул. Дачная,Категория кэшбэка 'Магазин «Цветочный Банч» на ул. Дачная'. Средняя ставка по данным dano.csv: 20.0%,20.00,332,7,20,,,,,
8ce94d0f-b4ea-438e-801d-8a0c0e99f4d2,Магазин «Цветы»,Категория кэшбэка 'Магазин «Цветы»'. Средняя ставка по данным dano.csv: 20.0%,20.00,771,3,7,,,,,
574e089c-d3c8-4d65-a6a1-885ca371ff31,Магазин «Цветы» на Ереванской ул,Категория кэшбэка 'Магазин «Цветы» на Ереванской ул'. Средняя ставка по данным dano.csv: 20.0%,20.00,554,5,12,,,,,
9f837af0-8a46-49a1-b5d9-fc8c2e61c372,Магазин «Цветы» на ул. Б.Галушкина,Категория кэшбэка 'Магазин «Цветы» на ул. Б.Галушкина'. Средняя ставка по данным dano.csv: 20.0%,20.00,191,7,20,,,,,
0f6c4d69-676b-4b37-9396-5eec237290d1,Магазин «Цветы» на ул. Зои и Александра Космодемьянских,Категория кэшбэка 'Магазин «Цветы» на ул. Зои и Александра Космодемьянских'. Средняя ставка по данным dano.csv: 20.0%,20.00,401,3,7,,,,,
1b64f42b-704d-4c0e-b333-87ef6bccec2a,Магазин «Цветы» на ул. Мочалина,Категория кэшбэка 'Магазин «Цветы» на ул. Мочалина'. Средняя ставка по данным dano.csv: 20.0%,20.00,168,5,12,,,,,
f6150604-9a67-4314-8070-44fabf003803,Магазин «Центр аккумуляторов» на ул. Первомайская,Категория кэшбэка 'Магазин «Центр аккумуляторов» на ул. Первомайская'. Средняя ставка по данным dano.csv: 20.0%,20.00,152,7,20,,,,,
82400e27-180b-4a83-bdc6-c22fc9e3dec4,Магазин «Электрика-инструмент» на ул. Свердлова,Категория кэшбэка 'Магазин «Электрика-инструмент» на ул. Свердлова'. Средняя ставка по данным dano.csv: 20.0%,20.00,224,3,7,,,,,
e796c3ea-bd73-46b0-87a2-40f8194e9cc4,Магазин «Электрика» на ул. Металлургов,Категория кэшбэка 'Магазин «Электрика» на ул. Металлургов'. Средняя ставка по данным dano.csv: 20.0%,20.00,167,5,12,,,,,
e02681e3-e083-4cf6-9301-249a8da6e612,Магазин «Ювента»,Категория кэшбэка 'Магазин «Ювента»'. Средняя ставка по данным dano.csv: 20.0%,20.00,480,7,20,,,,,
b5a46ec3-a431-42ac-b6aa-d4ee355bdda1,Магазин автозапчастей  «АвтоБренд» на Воронежской,Категория кэшбэка 'Магазин автозапчастей  «АвтоБренд» на Воронежской'. Средняя ставка по данным dano.csv: 20.0%,20.00,483,3,7,,,,,
b02dead6-a1c0-470f-8919-c7cd48c02fda,Магазин автозапчастей «Боливар» на ул. Малиновского,Категория кэшбэка 'Магазин автозапчастей «Боливар» на ул. Малиновского'. Средняя ставка по данным dano.csv: 20.0%,20.00,354,5,12,,,,,
eb928b25-4c73-4384-a848-2d9f18e8a81d,Магазин автомобильных масел «Алмаз» на Южной ул,Категория кэшбэка 'Магазин автомобильных масел «Алмаз» на Южной ул'. Средняя ставка по данным dano.csv: 20.0%,20.00,294,7,20,,,,,
7dc30eb0-7ed3-4c4f-9774-df1d1ff2a1d2,Магазин автоэлектроники AutoPlay на ул. Покрышкина,Категория кэшбэка 'Магазин автоэлектроники AutoPlay на ул. Покрышкина'. Средняя ставка по данным dano.csv: 20.0%,20.00,620,3,7,,,,,
d56ad465-066b-4dea-8b26-8724e13c3abd,Магазин верхней одежды Moda Park на Архангельском ш,Категория кэшбэка 'Магазин верхней одежды Moda Park на Архангельском ш'. Средняя ставка по данным dano.csv: 20.0%,20.00,680,5,12,,,,,
3e804dbe-0d18-4435-b023-8855955eb539,Магазин головных уборов «Бериберет» на ул. Гашкова,Категория кэшбэка 'Магазин головных уборов «Бериберет» на ул. Гашкова'. Средняя ставка по данным dano.csv: 20.0%,20.00,355,7,20,,,,,
9ead04b7-5149-4131-9abf-9d4b1cd329ac,Магазин дверей «Ника» на Гражданском пр-те,Категория кэшбэка 'Магазин дверей «Ника» на Гражданском пр-те'. Средняя ставка по данным dano.csv: 20.0%,20.00,200,3,7,,,,,
ab69938a-d5a7-4b6a-86e0-b304975303b6,Магазин детской одежды Junior на ул. Чичерина,Категория кэшбэка 'Магазин детской одежды Junior на ул. Чичерина'. Средняя ставка по данным dano.csv: 20.0%,20.00,142,5,12,,,,,
a3f80198-0363-4df7-b46d-3995751af7f5,Магазин детской одежды MAXImini на ул. Холмогорова,Категория кэшбэка 'Магазин детской одежды MAXImini на ул. Холмогорова'. Средняя ставка по данным dano.csv: 20.0%,20.00,345,7,20,,,,,
a734d2d1-9bca-4323-8414-bd623d5dbfb9,Магазин джинсов City на ул. Куликова,Категория кэшбэка 'Магазин джинсов City на ул. Куликова'. Средняя ставка по данным dano.csv: 20.0%,20.00,262,3,7,,,,,
9deda2e5-7c7a-487d-a732-0ecde03bcd17,"Магазин женской одежды 13:13 на 
ул. Нигматуллина","Категория кэшбэка 'Магазин женской одежды 13:13 на 
ул. Нигматуллина'. Средняя ставка по данным dano.csv: 20.0%",20.00,560,5,12,,,,,
7860c3db-bf00-4bda-a002-a62cb693e87c,Магазин женской одежды Amore в БЦ Новый дом,Категория кэшбэка 'Магазин женской одежды Amore в БЦ Новый дом'. Средняя ставка по данным dano.csv: 20.0%,20.00,630,7,20,,,,,
1afc665b-864c-4d06-9e1b-2555bbc85d27,Магазин женской одежды Celebrity на пр-те Ленина,Категория кэшбэка 'Магазин женской одежды Celebrity на пр-те Ленина'. Средняя ставка по данным dano.csv: 20.0%,20.00,167,3,7,,,,,
d804fe6e-6bcc-49ff-a23b-b2d6b21b8825,Магазин женской одежды Dress cod на Юбилейной ул,Категория кэшбэка 'Магазин женской одежды Dress cod на Юбилейной ул'. Средняя ставка по данным dano.csv: 20.0%,20.00,297,5,12,,,,,
3fe02726-297e-42bd-b856-8625651a2aaf,Магазин женской одежды Mojno,Категория кэшбэка 'Магазин женской одежды Mojno'. Средняя ставка по данным dano.csv: 20.0%,20.00,454,7,20,,,,,
9f764466-08f5-4aa0-a33e-ba6126ebae63,Магазин женской одежды San-shop на ул. Луначарского,Категория кэшбэка 'Магазин женской одежды San-shop на ул. Луначарского'. Средняя ставка по данным dano.csv: 20.0%,20.00,394,3,7,,,,,
c8d1377d-9129-4cb5-b90e-6d286bdf13ca,Магазин женской одежды «Милана» в ТЦ Атриум,Категория кэшбэка 'Магазин женской одежды «Милана» в ТЦ Атриум'. Средняя ставка по данным dano.csv: 20.0%,20.00,121,5,12,,,,,
a36dee2d-3ff2-416b-b686-54dac358b41a,Магазин канцтоваров,Категория кэшбэка 'Магазин канцтоваров'. Средняя ставка по данным dano.csv: 20.0%,20.00,581,7,20,,,,,
30d39aec-7faf-44b7-acd2-6d5d1b74c892,Магазин канцтоваров «Полиграф» на пр-те Ленина,Категория кэшбэка 'Магазин канцтоваров «Полиграф» на пр-те Ленина'. Средняя ставка по данным dano.csv: 20.0%,20.00,656,3,7,,,,,
5cd8633c-1629-4005-8ab0-4e40de59e4d1,Магазин комнатных растений «Флора» на ул. Ленина,Категория кэшбэка 'Магазин комнатных растений «Флора» на ул. Ленина'. Средняя ставка по данным dano.csv: 20.0%,20.00,412,5,12,,,,,
f7958f39-9129-44a8-90f0-d7675dca605f,Магазин кондиционеров «Ваш климат»,Категория кэшбэка 'Магазин кондиционеров «Ваш климат»'. Средняя ставка по данным dano.csv: 20.0%,20.00,776,7,20,,,,,
509a2d5e-73b8-45eb-815a-dc613c368b80,Магазин косметики Foyo на Октябрьском б-ре,Категория кэшбэка 'Магазин косметики Foyo на Октябрьском б-ре'. Средняя ставка по данным dano.csv: 20.0%,20.00,270,3,7,,,,,
00b50137-24ca-4c88-a232-a8cc5ec09468,Магазин косметики Le Mousse,Категория кэшбэка 'Магазин косметики Le Mousse'. Средняя ставка по данным dano.csv: 20.0%,20.00,425,5,12,,,,,
4d9e7cbc-8dc2-461a-b912-5486685c12ad,Магазин косметики Le Mousse в ТЦ Мармелад,Категория кэшбэка 'Магазин косметики Le Mousse в ТЦ Мармелад'. Средняя ставка по данным dano.csv: 20.0%,20.00,327,7,20,,,,,
4f563ea4-cffb-46a4-a77c-95be1bc1c155,Магазин косметики LorienPro в ТЦ Океан,Категория кэшбэка 'Магазин косметики LorienPro в ТЦ Океан'. Средняя ставка по данным dano.csv: 20.0%,20.00,372,3,7,,,,,
40176cf0-b81d-4177-b348-5d8252e8e020,Магазин косметики LorienPro на Вокзальной ул,Категория кэшбэка 'Магазин косметики LorienPro на Вокзальной ул'. Средняя ставка по данным dano.csv: 20.0%,20.00,116,5,12,,,,,
a75c6f8f-c13b-4b9b-a6d8-a5f08f27c8d4,Магазин косметики LorienPro на ул. Гудкова,Категория кэшбэка 'Магазин косметики LorienPro на ул. Гудкова'. Средняя ставка по данным dano.csv: 20.0%,20.00,507,7,20,,,,,
703f0ea1-c29e-4674-a9dc-72f2c0ceb107,Магазин косметики LorienPro на ул. Маяковского,Категория кэшбэка 'Магазин косметики LorienPro на ул. Маяковского'. Средняя ставка по данным dano.csv: 20.0%,20.00,739,3,7,,,,,
e3410232-b121-4e19-b7a4-348c2145a550,Магазин косметики Mk Studio на Васильевской ул,Категория кэшбэка 'Магазин косметики Mk Studio на Васильевской ул'. Средняя ставка по данным dano.csv: 20.0%,20.00,283,5,12,,,,,
7bda4102-cdd7-47ff-9cc1-141a1b9c2e97,Магазин косметики Woow Korea на ул. Серова,Категория кэшбэка 'Магазин косметики Woow Korea на ул. Серова'. Средняя ставка по данным dano.csv: 20.0%,20.00,692,7,20,,,,,
6758bab8-7919-429d-9922-3db9b9daaf32,Магазин косметики «Ежеweekly» на ул. Федеративная,Категория кэшбэка 'Магазин косметики «Ежеweekly» на ул. Федеративная'. Средняя ставка по данным dano.csv: 20.0%,20.00,504,3,7,,,,,
47e01e4b-9a95-4202-bef3-4ac62408323d,Магазин мебели Dелюкс на Красноармейской ул,Категория кэшбэка 'Магазин мебели Dелюкс на Красноармейской ул'. Средняя ставка по данным dano.csv: 20.0%,20.00,423,5,12,,,,,
530143cb-21b5-46fd-ae22-9bff809fa79b,Магазин мебели Kitchen Nova на пр-кте Ветеранов,Категория кэшбэка 'Магазин мебели Kitchen Nova на пр-кте Ветеранов'. Средняя ставка по данным dano.csv: 20.0%,20.00,769,7,20,,,,,
7b55015d-9e6f-4994-9d85-63dbfd6f846b,Магазин мебели «Корона» на ул. Фучика,Категория кэшбэка 'Магазин мебели «Корона» на ул. Фучика'. Средняя ставка по данным dano.csv: 20.0%,20.00,408,3,7,,,,,
75db0193-f544-4f84-ab71-1be54cc17608,Магазин мебели «Хочу кровать» на Кремлёвской ул,Категория кэшбэка 'Магазин мебели «Хочу кровать» на Кремлёвской ул'. Средняя ставка по данным dano.csv: 20.0%,20.00,212,5,12,,,,,
d2436ad7-1d10-4caf-8cb8-6e70500ae42c,Магазин мебели «Шатура» в ТЦ Экобазар,Категория кэшбэка 'Магазин мебели «Шатура» в ТЦ Экобазар'. Средняя ставка по данным dano.csv: 20.0%,20.00,459,7,20,,,,,
d91d060c-64a7-43ca-a3ad-0748d9cf3099,Магазин мужской одежды Cityking на ул. Мира,Категория кэшбэка 'Магазин мужской одежды Cityking на ул. Мира'. Средняя ставка по данным dano.csv: 20.0%,20.00,490,3,7,,,,,
215600a3-06f4-4ce2-8226-121182be76cd,Магазин мужской одежды Herzog на ул. Гончарова,Категория кэшбэка 'Магазин мужской одежды Herzog на ул. Гончарова'. Средняя ставка по данным dano.csv: 20.0%,20.00,472,5,12,,,,,
3311db9c-5f99-4886-bb07-c38775ae0436,Магазин мужской одежды Men's Look Store,Категория кэшбэка 'Магазин мужской одежды Men's Look Store'. Средняя ставка по данным dano.csv: 20.0%,20.00,384,7,20,,,,,
1c24c99e-424d-4572-b474-9c441ec86107,Магазин мужской одежды Puzzle в ТЦ Центральный,Категория кэшбэка 'Магазин мужской одежды Puzzle в ТЦ Центральный'. Средняя ставка по данным dano.csv: 20.0%,20.00,485,3,7,,,,,
2743c01c-b820-47ee-8360-18a790e8b0f7,Магазин на Толстого,Категория кэшбэка 'Магазин на Толстого'. Средняя ставка по данным dano.csv: 20.0%,20.00,223,5,12,,,,,
ca173cc4-e98a-4680-b5fc-8adc24e30d1d,Магазин нижнего белья «Бретелька» на Деревенской ул,Категория кэшбэка 'Магазин нижнего белья «Бретелька» на Деревенской ул'. Средняя ставка по данным dano.csv: 20.0%,20.00,648,7,20,,,,,
6c163b74-8961-4134-a199-99ff183ee171,Магазин одежды Aleksandra Zamotorina,Категория кэшбэка 'Магазин одежды Aleksandra Zamotorina'. Средняя ставка по данным dano.csv: 20.0%,20.00,513,3,7,,,,,
a7e50ce4-0e22-4aee-bab1-bfbd1a845f40,Магазин одежды Bassiriana в ТЦ Гранд,Категория кэшбэка 'Магазин одежды Bassiriana в ТЦ Гранд'. Средняя ставка по данным dano.csv: 20.0%,20.00,634,5,12,,,,,
8d7b1e01-f2fd-45e2-ad88-1d1dde41a79e,Магазин одежды Cher-Neva на Садовой ул,Категория кэшбэка 'Магазин одежды Cher-Neva на Садовой ул'. Средняя ставка по данным dano.csv: 20.0%,20.00,660,7,20,,,,,
c43b7a15-70c5-4da7-babd-1ffee35fafa2,Магазин одежды Clementine на ул. Автозаводская,Категория кэшбэка 'Магазин одежды Clementine на ул. Автозаводская'. Средняя ставка по данным dano.csv: 20.0%,20.00,238,3,7,,,,,
20aca5fe-8314-4d73-9995-b2d63ce4f034,Магазин одежды Equator в ТЦ Норд,Категория кэшбэка 'Магазин одежды Equator в ТЦ Норд'. Средняя ставка по данным dano.csv: 20.0%,20.00,741,5,12,,,,,
04146456-892e-4286-be0f-90f5d23f225d,Магазин одежды Etage на ул. Гоголя,Категория кэшбэка 'Магазин одежды Etage на ул. Гоголя'. Средняя ставка по данным dano.csv: 20.0%,20.00,334,7,20,,,,,
2b206fa6-5d30-4ca1-aef6-2cca75e34c9d,"Магазин одежды Jlm на просп. 
Лиговский","Категория кэшбэка 'Магазин одежды Jlm на просп. 
Лиговский'. Средняя ставка по данным dano.csv: 20.0%",20.00,247,3,7,,,,,
f12a77de-e9e5-480f-871f-072787c57977,Магазин одежды Merselis в ТЦ Максимир,Категория кэшбэка 'Магазин одежды Merselis в ТЦ Максимир'. Средняя ставка по данным dano.csv: 20.0%,20.00,522,5,12,,,,,
a9c6be09-75b4-4c82-9cb9-7c837a1a8770,Магазин одежды Nicole в ТЦ Индиго Life,Категория кэшбэка 'Магазин одежды Nicole в ТЦ Индиго Life'. Средняя ставка по данным dano.csv: 20.0%,20.00,680,7,20,,,,,
5e67a77a-47bb-4873-a754-ce0cd2b2f4b7,Магазин одежды Sage Mad Shop на Октябрьском пр-те,Категория кэшбэка 'Магазин одежды Sage Mad Shop на Октябрьском пр-те'. Средняя ставка по данным dano.csv: 20.0%,20.00,140,3,7,,,,,
1ab0fcba-ec44-4b3e-9fe1-3bf768096437,Магазин одежды Shifon на ул. 50 лет Октября,Категория кэшбэка 'Магазин одежды Shifon на ул. 50 лет Октября'. Средняя ставка по данным dano.csv: 20.0%,20.00,177,5,12,,,,,
5898bf56-1f10-48a7-81c7-604b0d9f40af,Магазин одежды Visavis на ул. Московская,Категория кэшбэка 'Магазин одежды Visavis на ул. Московская'. Средняя ставка по данным dano.csv: 20.0%,20.00,555,7,20,,,,,
0d4986a5-a8d2-4070-90e5-d112599edb09,Магазин одежды «Большие модницы» на. ул. Ленинградская,Категория кэшбэка 'Магазин одежды «Большие модницы» на. ул. Ленинградская'. Средняя ставка по данным dano.csv: 20.0%,20.00,500,3,7,,,,,
4b9379f1-727f-4337-90fa-ec9088e1e5cc,Магазин одежды «В тренде» в Кленовом пер,Категория кэшбэка 'Магазин одежды «В тренде» в Кленовом пер'. Средняя ставка по данным dano.csv: 20.0%,20.00,306,5,12,,,,,
7f4231b8-43bc-49f7-aabc-e756e270ab83,Магазин одежды «Джентльмен» в пер. Дмитровский,Категория кэшбэка 'Магазин одежды «Джентльмен» в пер. Дмитровский'. Средняя ставка по данным dano.csv: 20.0%,20.00,318,7,20,,,,,
fb661157-a7cd-40a1-95ad-3ef1c21317ef,Магазин одежды «Кавалер» на просп. И.Я. Яковлева,Категория кэшбэка 'Магазин одежды «Кавалер» на просп. И.Я. Яковлева'. Средняя ставка по данным dano.csv: 20.0%,20.00,202,3,7,,,,,
a3411219-8565-4571-a3c4-0872b00a3115,Магазин одежды «Ластен» на ул. Стародеревенской,Категория кэшбэка 'Магазин одежды «Ластен» на ул. Стародеревенской'. Средняя ставка по данным dano.csv: 20.0%,20.00,263,5,12,,,,,
f718eb08-564a-49c8-bdb7-1af17aaca78c,Магазин одежды «Малина»,Категория кэшбэка 'Магазин одежды «Малина»'. Средняя ставка по данным dano.csv: 20.0%,20.00,492,7,20,,,,,
511113ab-151e-4e42-b796-56355f777155,Магазин одежды «Миледи» на ул. Маршала Казакова,Категория кэшбэка 'Магазин одежды «Миледи» на ул. Маршала Казакова'. Средняя ставка по данным dano.csv: 20.0%,20.00,776,3,7,,,,,
32d73904-1eca-435e-abfb-049600819e20,Магазин одежды «Планета» на ул. Куйбышева,Категория кэшбэка 'Магазин одежды «Планета» на ул. Куйбышева'. Средняя ставка по данным dano.csv: 20.0%,20.00,613,5,12,,,,,
d0db7ee9-f79f-460d-a4e8-a47c25ec4476,Магазин одежды «СтритСтиль5»,Категория кэшбэка 'Магазин одежды «СтритСтиль5»'. Средняя ставка по данным dano.csv: 20.0%,20.00,323,7,20,,,,,
f191c3ee-ba3d-4ae3-9718-5a76ee4892c1,Магазин одежды «Твой образ» в ТЦ Панорама,Категория кэшбэка 'Магазин одежды «Твой образ» в ТЦ Панорама'. Средняя ставка по данным dano.csv: 20.0%,20.00,154,3,7,,,,,
a1623048-8724-4a60-bf44-252955d6a2c5,Магазин одежды «Тренд» в ТЦ Айсберг,Категория кэшбэка 'Магазин одежды «Тренд» в ТЦ Айсберг'. Средняя ставка по данным dano.csv: 20.0%,20.00,271,5,12,,,,,
16980ae4-3e86-4247-b059-1f9dd7a7f8a5,Магазин одежды «Шок Цена» на ул. Ленина,Категория кэшбэка 'Магазин одежды «Шок Цена» на ул. Ленина'. Средняя ставка по данным dano.csv: 20.0%,20.00,480,7,20,,,,,
6a0be92b-ad03-4f8a-9947-1e06816dabb3,Магазин одежды «Эпатаж» на пр. Красный,Категория кэшбэка 'Магазин одежды «Эпатаж» на пр. Красный'. Средняя ставка по данным dano.csv: 20.0%,20.00,741,3,7,,,,,
83e56831-3efb-4da2-980f-d1251f605894,Магазин одежды в японском стиле Homeland,Категория кэшбэка 'Магазин одежды в японском стиле Homeland'. Средняя ставка по данным dano.csv: 20.0%,20.00,713,5,12,,,,,
f5c59df3-bceb-485b-9814-7d07aa1ee8cf,Магазин одежды для всей семьи на Базарной пл.,Категория кэшбэка 'Магазин одежды для всей семьи на Базарной пл.'. Средняя ставка по данным dano.csv: 20.0%,20.00,151,7,20,,,,,
11c1932d-139f-47da-a1af-e7a94cfc6fd8,Магазин одежды «Успех» на ул. Ленина,Категория кэшбэка 'Магазин одежды «Успех» на ул. Ленина'. Средняя ставка по данным dano.csv: 20.0%,20.00,287,3,7,,,,,
1a4fdb07-f04a-4204-9e13-7fd717c519de,Магазин парфюмерии AMD AROMA HOUSE в ТЦ Планета,Категория кэшбэка 'Магазин парфюмерии AMD AROMA HOUSE в ТЦ Планета'. Средняя ставка по данным dano.csv: 20.0%,20.00,333,5,12,,,,,
1f7d5557-fff0-43cb-9ca7-cb4076405912,Магазин парфюмерии Black Musk на ул. Тухачевского,Категория кэшбэка 'Магазин парфюмерии Black Musk на ул. Тухачевского'. Средняя ставка по данным dano.csv: 20.0%,20.00,320,7,20,,,,,
f7ec07e7-011c-48d0-8d10-29bb8516f6d2,Магазин парфюмерии Fimiam на ул. Карла Маркса,Категория кэшбэка 'Магазин парфюмерии Fimiam на ул. Карла Маркса'. Средняя ставка по данным dano.csv: 20.0%,20.00,427,3,7,,,,,
b28d7026-3d3a-44fc-96d3-1ef7d00a44d9,Магазин парфюмерии Reni в ТЦ Пионер,Категория кэшбэка 'Магазин парфюмерии Reni в ТЦ Пионер'. Средняя ставка по данным dano.csv: 20.0%,20.00,346,5,12,,,,,
4c90081e-21e2-4933-81a5-6cfc40d16b59,Магазин парфюмерии «Аромат» на пр. Ленинский,Категория кэшбэка 'Магазин парфюмерии «Аромат» на пр. Ленинский'. Средняя ставка по данным dano.csv: 20.0%,20.00,316,7,20,,,,,
db178a90-0f5f-4ad1-8153-4d7d924aa5c9,Магазин подарков и игрушек на ул. Николая Ершова,Категория кэшбэка 'Магазин подарков и игрушек на ул. Николая Ершова'. Средняя ставка по данным dano.csv: 20.0%,20.00,522,3,7,,,,,
e6960794-0bea-42a9-b20d-ae4bb5559bb0,Магазин продуктов Vita Market на Курортном б-ре,Категория кэшбэка 'Магазин продуктов Vita Market на Курортном б-ре'. Средняя ставка по данным dano.csv: 20.0%,20.00,748,5,12,,,,,
724ca1ea-c1bb-4f53-b64d-952b06f48680,Магазин продуктов «Вкусняшка» на Луговой ул,Категория кэшбэка 'Магазин продуктов «Вкусняшка» на Луговой ул'. Средняя ставка по данным dano.csv: 20.0%,20.00,446,7,20,,,,,
dd432e51-bdf6-4b3c-8117-ea0c7428a1a9,Магазин продуктов «Закусон» на ул. Луначарского,Категория кэшбэка 'Магазин продуктов «Закусон» на ул. Луначарского'. Средняя ставка по данным dano.csv: 20.0%,20.00,128,3,7,,,,,
4eb7c8b0-8081-47bd-871e-59bc30cadd9a,Магазин продуктов «Фрэш Салат» на пр. Ленина,Категория кэшбэка 'Магазин продуктов «Фрэш Салат» на пр. Ленина'. Средняя ставка по данным dano.csv: 20.0%,20.00,119,5,12,,,,,
c160fedb-e1a0-47bd-9d9b-b6d17438878a,Магазин продуктов «Халяль» на ул. 40 лет Октября,Категория кэшбэка 'Магазин продуктов «Халяль» на ул. 40 лет Октября'. Средняя ставка по данным dano.csv: 20.0%,20.00,504,7,20,,,,,
75135298-cf83-4c7d-b5cc-6e93345fa93d,Магазин профессиональной косметики «Пастила»,Категория кэшбэка 'Магазин профессиональной косметики «Пастила»'. Средняя ставка по данным dano.csv: 20.0%,20.00,331,3,7,,,,,
d8ea9959-706f-4ef9-b63f-c789685699bb,Магазин развивающих игрушек на ул. Островского,Категория кэшбэка 'Магазин развивающих игрушек на ул. Островского'. Средняя ставка по данным dano.csv: 20.0%,20.00,216,5,12,,,,,
a86df0e0-2efb-40b3-a5b6-893a13d2270a,Магазин рыбы и морепродуктов «Шеф Порт»,Категория кэшбэка 'Магазин рыбы и морепродуктов «Шеф Порт»'. Средняя ставка по данным dano.csv: 20.0%,20.00,395,7,20,,,,,
6fa5b106-a194-4348-8240-452cb2c12f82,Магазин сладостей «К чаю» на ул. Ленина,Категория кэшбэка 'Магазин сладостей «К чаю» на ул. Ленина'. Средняя ставка по данным dano.csv: 20.0%,20.00,679,3,7,,,,,
fc20ff5a-1375-4206-804a-22e19c888166,Магазин строительных материалов «Богданов» на ул. Коротенко,Категория кэшбэка 'Магазин строительных материалов «Богданов» на ул. Коротенко'. Средняя ставка по данным dano.csv: 20.0%,20.00,345,5,12,,,,,
c3d68782-3dee-4db6-8ed0-c9f9b41f6d53,Магазин сувениров «Made in Вятка» на Владимирской ул,Категория кэшбэка 'Магазин сувениров «Made in Вятка» на Владимирской ул'. Средняя ставка по данным dano.csv: 20.0%,20.00,216,7,20,,,,,
c3cb6c39-5311-446b-a649-1d36541deae6,Магазин техники «Матрица» на Ленинском пр-те,Категория кэшбэка 'Магазин техники «Матрица» на Ленинском пр-те'. Средняя ставка по данным dano.csv: 20.0%,20.00,118,3,7,,,,,
733b8395-9d01-4dd8-9d50-9a70d72cae5f,Магазин тканей «Материя» в Электролитном пр-де,Категория кэшбэка 'Магазин тканей «Материя» в Электролитном пр-де'. Средняя ставка по данным dano.csv: 20.0%,20.00,245,5,12,,,,,
6b60e8cd-d4e9-436c-a5ae-dcf17cbaa0d5,Магазин товаров для дома «Домус» на Байкальском тракте,Категория кэшбэка 'Магазин товаров для дома «Домус» на Байкальском тракте'. Средняя ставка по данным dano.csv: 20.0%,20.00,269,7,20,,,,,
70b16534-ed32-489d-bfc0-126e786ea714,Магазин украшений «Фианит» на пр-те Ленина,Категория кэшбэка 'Магазин украшений «Фианит» на пр-те Ленина'. Средняя ставка по данным dano.csv: 20.0%,20.00,753,3,7,,,,,
2037dbed-601f-4e37-a285-aee22a9699ac,Магазин уличной одежды «Подъезд» на ул. Ленина,Категория кэшбэка 'Магазин уличной одежды «Подъезд» на ул. Ленина'. Средняя ставка по данным dano.csv: 20.0%,20.00,509,5,12,,,,,
e516e740-be6e-479a-8350-c33291e23162,Магазин уникальных подарков и цветов «За Ёлочкой»,Категория кэшбэка 'Магазин уникальных подарков и цветов «За Ёлочкой»'. Средняя ставка по данным dano.csv: 20.0%,20.00,603,7,20,,,,,
faf55877-3111-42f2-9ed0-074ebfb65f09,Магазин фруктов «Яблоко» на ул. Култукская,Категория кэшбэка 'Магазин фруктов «Яблоко» на ул. Култукская'. Средняя ставка по данным dano.csv: 20.0%,20.00,134,3,7,,,,,
a6f4da9a-1bfd-4dad-9f5e-2fecde24ba57,Магазин хозтоваров «Универсал» на ул.Худайбердина,Категория кэшбэка 'Магазин хозтоваров «Универсал» на ул.Худайбердина'. Средняя ставка по данным dano.csv: 20.0%,20.00,293,5,12,,,,,
c10cabd2-85bb-4954-91e0-06484a3178d3,Магазин хозтоваров «Чистая планета»,Категория кэшбэка 'Магазин хозтоваров «Чистая планета»'. Средняя ставка по данным dano.csv: 20.0%,20.00,290,7,20,,,,,
a71c0174-fbaa-40a5-86dd-91d6ec666103,Магазин цветов Apriori Flower,Категория кэшбэка 'Магазин цветов Apriori Flower'. Средняя ставка по данным dano.csv: 20.0%,20.00,233,3,7,,,,,
eb2060b3-fe96-429a-8d1c-850de104e87d,Магазин цветов Blumen на ул. Куйбышева,Категория кэшбэка 'Магазин цветов Blumen на ул. Куйбышева'. Средняя ставка по данным dano.csv: 20.0%,20.00,798,5,12,,,,,
aba60c08-4c4b-4f20-876c-56edc9227207,Магазин цветов Botanica lab на ул. Комиссаржевской,Категория кэшбэка 'Магазин цветов Botanica lab на ул. Комиссаржевской'. Средняя ставка по данным dano.csv: 20.0%,20.00,374,7,20,,,,,
af749625-f755-480f-abab-8508a4939fd8,Магазин цветов Flora Line в ТЦ Мариэль,Категория кэшбэка 'Магазин цветов Flora Line в ТЦ Мариэль'. Средняя ставка по данным dano.csv: 20.0%,20.00,564,3,7,,,,,
85c53689-5cce-437c-9605-0da15e48f513,Магазин цветов Flora Line на ул. Кожевническая,Категория кэшбэка 'Магазин цветов Flora Line на ул. Кожевническая'. Средняя ставка по данным dano.csv: 20.0%,20.00,278,5,12,,,,,
cffeff4c-3924-46dc-b771-fc85eab2c90c,Магазин цветов Florissimo на ул. Толстого,Категория кэшбэка 'Магазин цветов Florissimo на ул. Толстого'. Средняя ставка по данным dano.csv: 20.0%,20.00,796,7,20,,,,,
7f937479-481a-4ad3-a388-268e67996fdf,Магазин цветов Flow Story на пр-те Героев Отечества,Категория кэшбэка 'Магазин цветов Flow Story на пр-те Героев Отечества'. Средняя ставка по данным dano.csv: 20.0%,20.00,563,3,7,,,,,
8f6119b9-d0b2-4b33-9f97-c710c3d41e19,Магазин цветов Julia Flower,Категория кэшбэка 'Магазин цветов Julia Flower'. Средняя ставка по данным dano.csv: 20.0%,20.00,395,5,12,,,,,
6a48ee32-e02f-4b90-9391-5368388075ae,Магазин цветов Love Flower,Категория кэшбэка 'Магазин цветов Love Flower'. Средняя ставка по данным dano.csv: 20.0%,20.00,429,7,20,,,,,
f017ddc0-8d28-4ce7-b289-d469c4019307,"Магазин цветов Maybe Yes? на пр-те 
Волгоградский","Категория кэшбэка 'Магазин цветов Maybe Yes? на пр-те 
Волгоградский'. Средняя ставка по данным dano.csv: 20.0%",20.00,492,3,7,,,,,
594e3fde-6037-443b-a909-33aa4ebf159f,Магазин цветов RomantikCvetok на ул. Ленина,Категория кэшбэка 'Магазин цветов RomantikCvetok на ул. Ленина'. Средняя ставка по данным dano.csv: 20.0%,20.00,194,5,12,,,,,
cf55017a-3c1c-40ee-b9fe-0f7d0b310a64,Магазин цветов Zaikin House на ул.Чернышевского,Категория кэшбэка 'Магазин цветов Zaikin House на ул.Чернышевского'. Средняя ставка по данным dano.csv: 20.0%,20.00,454,7,20,,,,,
e467b3a2-6c33-4e32-890e-7e1068bc9258,Магазин цветов «Flow Story»,Категория кэшбэка 'Магазин цветов «Flow Story»'. Средняя ставка по данным dano.csv: 20.0%,20.00,275,3,7,,,,,
36bedcac-63c0-439b-8b4f-1d803e801fc6,Магазин цветов «Ассорти» на ул. 45-я Параллель,Категория кэшбэка 'Магазин цветов «Ассорти» на ул. 45-я Параллель'. Средняя ставка по данным dano.csv: 20.0%,20.00,792,5,12,,,,,
920a716f-f96c-426d-9d3a-8aeb34ed738d,Магазин цветов «Букет» на пр-те Славы,Категория кэшбэка 'Магазин цветов «Букет» на пр-те Славы'. Средняя ставка по данным dano.csv: 20.0%,20.00,318,7,20,,,,,
92a5237a-9aa2-4509-8c8f-7ab4b9a31b26,Магазин цветов «Ваш букетик» на Новороссийской ул,Категория кэшбэка 'Магазин цветов «Ваш букетик» на Новороссийской ул'. Средняя ставка по данным dano.csv: 20.0%,20.00,738,3,7,,,,,
beb4b4fa-11de-4af6-b2a5-2b94ea3797b7,Магазин цветов «Дари букет» на ул. Баранова,Категория кэшбэка 'Магазин цветов «Дари букет» на ул. Баранова'. Средняя ставка по данным dano.csv: 20.0%,20.00,190,5,12,,,,,
3af7f1f0-31df-4e8a-8de7-0943d9ed1a8b,Магазин цветов «Империя букетов»,Категория кэшбэка 'Магазин цветов «Империя букетов»'. Средняя ставка по данным dano.csv: 20.0%,20.00,750,7,20,,,,,
59e1c237-7834-48b0-b0e9-c2ffb2bc1e23,Магазин цветов «Кактус» на ул. Шершнева,Категория кэшбэка 'Магазин цветов «Кактус» на ул. Шершнева'. Средняя ставка по данным dano.csv: 20.0%,20.00,354,3,7,,,,,
a9309295-91fb-4c08-8fe1-e3dfd2cff438,Магазин цветов «Мария» на ул. Горького,Категория кэшбэка 'Магазин цветов «Мария» на ул. Горького'. Средняя ставка по данным dano.csv: 20.0%,20.00,716,5,12,,,,,
ffb1ba53-2023-4f2d-ba9f-9c1ba3c1b66b,Магазин цветов «Мелиса» на ул. Кременчугская,Категория кэшбэка 'Магазин цветов «Мелиса» на ул. Кременчугская'. Средняя ставка по данным dano.csv: 20.0%,20.00,404,7,20,,,,,
82e2da3d-8c26-4122-8348-2b96ec86b80f,Магазин цветов «Оттепель» на Заречной ул,Категория кэшбэка 'Магазин цветов «Оттепель» на Заречной ул'. Средняя ставка по данным dano.csv: 20.0%,20.00,465,3,7,,,,,
d86fbb7c-9ab1-4f65-9347-acf92fbea6c2,Магазин цветов «О’Хара» на ул. Гагарина,Категория кэшбэка 'Магазин цветов «О’Хара» на ул. Гагарина'. Средняя ставка по данным dano.csv: 20.0%,20.00,121,5,12,,,,,
baa0f8ef-1c98-4d7e-8e94-c7ebef75faf4,Магазин цветов «Пион» на ул. Генерала Карбышева,Категория кэшбэка 'Магазин цветов «Пион» на ул. Генерала Карбышева'. Средняя ставка по данным dano.csv: 20.0%,20.00,448,7,20,,,,,
f1e6717d-f65b-4a3b-95f7-5206cc72fe66,Магазин цветов «Розалия» на ул. Львовская,Категория кэшбэка 'Магазин цветов «Розалия» на ул. Львовская'. Средняя ставка по данным dano.csv: 20.0%,20.00,672,3,7,,,,,
3dec9a32-4d0f-4b07-8ad0-ef6109794756,Магазин цветов «Трава» на ул. Вересаева,Категория кэшбэка 'Магазин цветов «Трава» на ул. Вересаева'. Средняя ставка по данным dano.csv: 20.0%,20.00,416,5,12,,,,,
169287f8-0152-4a4d-af43-63493bb329f0,Магазин цветов «Цветоптторг» на пр-те Просвещения,Категория кэшбэка 'Магазин цветов «Цветоптторг» на пр-те Просвещения'. Средняя ставка по данным dano.csv: 20.0%,20.00,721,7,20,,,,,
2d395291-3c2a-44e4-88f3-62e00dfacd97,Магазин цветов «Эдем» на ул. Конева,Категория кэшбэка 'Магазин цветов «Эдем» на ул. Конева'. Средняя ставка по данным dano.csv: 20.0%,20.00,228,3,7,,,,,
47c205a9-cd51-4f8f-9091-ef9751fd6486,Магазин цветов Kalendula в Чонгарском б-ре,Категория кэшбэка 'Магазин цветов Kalendula в Чонгарском б-ре'. Средняя ставка по данным dano.csv: 20.0%,20.00,472,5,12,,,,,
a9d16b05-40f7-44cf-9cad-03f176d7830e,Магазин цветов «Аромат» на пл. Революции,Категория кэшбэка 'Магазин цветов «Аромат» на пл. Революции'. Средняя ставка по данным dano.csv: 20.0%,20.00,736,7,20,,,,,
28fed85d-550e-4952-89fc-cb1a23cec98c,Магазин цветов «Ветка» на ул. Островского,Категория кэшбэка 'Магазин цветов «Ветка» на ул. Островского'. Средняя ставка по данным dano.csv: 20.0%,20.00,479,3,7,,,,,
3175a030-b6d2-4584-bb87-1a14d2d634ef,Магазин цветов «Виола» на Московском пр-те,Категория кэшбэка 'Магазин цветов «Виола» на Московском пр-те'. Средняя ставка по данным dano.csv: 20.0%,20.00,362,5,12,,,,,
16628a2a-dc40-40ef-8268-012e486683a0,Магазин чая и кофе «Фламинис» на Новогиреевской ул,Категория кэшбэка 'Магазин чая и кофе «Фламинис» на Новогиреевской ул'. Средняя ставка по данным dano.csv: 20.0%,20.00,630,7,20,,,,,
e2d76887-416e-4ff0-af84-ce329acd40c6,Магазин электромонтажного оборудования,Категория кэшбэка 'Магазин электромонтажного оборудования'. Средняя ставка по данным dano.csv: 20.0%,20.00,337,3,7,,,,,
5a3205ae-2c64-4a8d-8901-a9c8816c5ec5,Магазин электроники «Мультимедиа» на ул. Осканова,Категория кэшбэка 'Магазин электроники «Мультимедиа» на ул. Осканова'. Средняя ставка по данным dano.csv: 20.0%,20.00,459,5,12,,,,,
63173379-3594-479e-870c-4fe5d27f79e7,Магазин-кофейня Bravos на ул. Стасова,Категория кэшбэка 'Магазин-кофейня Bravos на ул. Стасова'. Средняя ставка по данным dano.csv: 20.0%,20.00,631,7,20,,,,,
ad1d49eb-ec70-4518-bda0-0cb263e5aa8a,Магазин «Автозапчасти»,Категория кэшбэка 'Магазин «Автозапчасти»'. Средняя ставка по данным dano.csv: 20.0%,20.00,695,3,7,,,,,
0db4afcb-7af0-4f3c-9fc8-b13352add568,Магазин «Автозапчасти» на Лихачёвском ш,Категория кэшбэка 'Магазин «Автозапчасти» на Лихачёвском ш'. Средняя ставка по данным dano.csv: 20.0%,20.00,170,5,12,,,,,
51bf2550-df2b-47d6-b387-ec08f30813be,Магазин «Карнизы» на ул. Максима Горького,Категория кэшбэка 'Магазин «Карнизы» на ул. Максима Горького'. Средняя ставка по данным dano.csv: 20.0%,20.00,225,7,20,,,,,
a63c8cee-b8b0-44d4-85eb-0bdf112b8fb6,Магазин «Кошелёчек» в ТЦ Этажи,Категория кэшбэка 'Магазин «Кошелёчек» в ТЦ Этажи'. Средняя ставка по данным dano.csv: 20.0%,20.00,763,3,7,,,,,
fffeb930-ac44-477a-9ad8-0a7630a0965f,Магазин «Мир электроники» на Майской ул,Категория кэшбэка 'Магазин «Мир электроники» на Майской ул'. Средняя ставка по данным dano.csv: 20.0%,20.00,403,5,12,,,,,
aab42fde-2f83-42d6-8b59-c9ebc4ad8044,Магазин «Огурчик» на ул. Демьяна Бедного,Категория кэшбэка 'Магазин «Огурчик» на ул. Демьяна Бедного'. Средняя ставка по данным dano.csv: 20.0%,20.00,112,7,20,,,,,
65794a05-0a48-4c61-9506-1dc3fd9550ed,Магазин «Респект» в ТЦ Фантастика,Категория кэшбэка 'Магазин «Респект» в ТЦ Фантастика'. Средняя ставка по данным dano.csv: 20.0%,20.00,754,3,7,,,,,
cb83ce3f-2109-47dd-ba2a-ce69448fb997,Магазин «Рыба» на Красной ул,Категория кэшбэка 'Магазин «Рыба» на Красной ул'. Средняя ставка по данным dano.csv: 20.0%,20.00,725,5,12,,,,,
e3e0bc4e-33b9-496e-a7f1-fb4eb4acba6c,Магазин «Свежее мясо» на Чернореченской ул,Категория кэшбэка 'Магазин «Свежее мясо» на Чернореченской ул'. Средняя ставка по данным dano.csv: 20.0%,20.00,510,7,20,,,,,
83312c90-efd5-4731-adfe-6e09e963a04b,Магазин «Ткани и Шторы» на бул. Яна Райниса,Категория кэшбэка 'Магазин «Ткани и Шторы» на бул. Яна Райниса'. Средняя ставка по данным dano.csv: 20.0%,20.00,379,3,7,,,,,
740ed7cb-73e0-4d81-b8e5-7621e8184b63,Магазин канцтоваров «Карандаш» на Партизанской ул,Категория кэшбэка 'Магазин канцтоваров «Карандаш» на Партизанской ул'. Средняя ставка по данным dano.csv: 20.0%,20.00,760,5,12,,,,,
de7e2604-22f9-4a5c-a6ee-53fff08abed6,Магазин одежды Eniteo на Вознесенском пр-кте,Категория кэшбэка 'Магазин одежды Eniteo на Вознесенском пр-кте'. Средняя ставка по данным dano.csv: 20.0%,20.00,390,7,20,,,,,
839aea31-a6aa-4693-9425-c424020a6026,Магазин цветов «Страна фей» на Большой ул,Категория кэшбэка 'Магазин цветов «Страна фей» на Большой ул'. Средняя ставка по данным dano.csv: 20.0%,20.00,212,3,7,,,,,
91134d82-e843-4db3-9bd2-623995fe9259,Магазины одежды Reboost в ТЦ Семья,Категория кэшбэка 'Магазины одежды Reboost в ТЦ Семья'. Средняя ставка по данным dano.csv: 20.0%,20.00,780,5,12,,,,,
5b841801-af2b-4c6d-8661-d1a3196c8d06,Магазины одежды «Лиза» на ул. 70 лет Октября,Категория кэшбэка 'Магазины одежды «Лиза» на ул. 70 лет Октября'. Средняя ставка по данным dano.csv: 20.0%,20.00,328,7,20,,,,,
dd45cf43-4e7a-4f16-9c72-5994292cbabe,Магия Ремонта Обуви,Категория кэшбэка 'Магия Ремонта Обуви'. Средняя ставка по данным dano.csv: 20.0%,20.00,797,3,7,,,,,
9f00af5c-2587-4b7b-870d-f7be661d8f98,Магнит,Категория кэшбэка 'Магнит'. Средняя ставка по данным dano.csv: 7.7%,7.73,1,5,12,,,,,
fe9d5df8-3b78-4476-8943-b6fca49d64f3,Магнус Фото в Соборном пер,Категория кэшбэка 'Магнус Фото в Соборном пер'. Средняя ставка по данным dano.csv: 20.0%,20.00,754,7,20,,,,,
41281bdb-877a-475b-8c62-f0c217125903,Маленькая Испания на Каменноостровском пр-те,Категория кэшбэка 'Маленькая Испания на Каменноостровском пр-те'. Средняя ставка по данным dano.csv: 20.0%,20.00,524,3,7,,,,,
e17616b5-6de2-4b09-a244-8d99e2d43a2c,Маникюрная студия Gastronom,Категория кэшбэка 'Маникюрная студия Gastronom'. Средняя ставка по данным dano.csv: 20.0%,20.00,620,5,12,,,,,
8f20192c-275c-4e29-acf3-9ca21b12431e,Маникюрный салон «Сойка» в Последнем пер,Категория кэшбэка 'Маникюрный салон «Сойка» в Последнем пер'. Средняя ставка по данным dano.csv: 20.0%,20.00,198,7,20,,,,,
cc91b4c1-8703-42b3-8094-7c3a33a73c6d,Маникюрный салон «Сойка» на Тверской ул,Категория кэшбэка 'Маникюрный салон «Сойка» на Тверской ул'. Средняя ставка по данным dano.csv: 20.0%,20.00,272,3,7,,,,,
c0018d10-f5ce-4142-afe0-e6a060dd5dcf,Мануальная клиника Колбина,Категория кэшбэка 'Мануальная клиника Колбина'. Средняя ставка по данным dano.csv: 20.0%,20.00,368,5,12,,,,,
59e4f30d-ee22-4336-a1a1-8cd81a7a20b5,Марио Груминг на Видной ул,Категория кэшбэка 'Марио Груминг на Видной ул'. Средняя ставка по данным dano.csv: 20.0%,20.00,547,7,20,,,,,
976a2c33-4311-4c6a-87b7-7a874732a8c0,Марк Пончик на ул.С.П. Попова,Категория кэшбэка 'Марк Пончик на ул.С.П. Попова'. Средняя ставка по данным dano.csv: 20.0%,20.00,405,3,7,,,,,
a1d0a2f2-15a6-473a-a5ac-70b11e011af0,"Маркет на юге на ул. 
4-я Юго-Западная","Категория кэшбэка 'Маркет на юге на ул. 
4-я Юго-Западная'. Средняя ставка по данным dano.csv: 20.0%",20.00,201,5,12,,,,,
66406dca-789f-4b87-9b20-160cfaafcf51,Маршмеладка на ул. Крылова,Категория кэшбэка 'Маршмеладка на ул. Крылова'. Средняя ставка по данным dano.csv: 20.0%,20.00,331,7,20,,,,,
70f2a16b-84b0-40e1-87ad-889ec73d7102,Массажная мастерская Ave на Измайловском б-ре,Категория кэшбэка 'Массажная мастерская Ave на Измайловском б-ре'. Средняя ставка по данным dano.csv: 20.0%,20.00,465,3,7,,,,,
a7d9ec0d-1cae-4e7f-a7dd-6b06fc39609c,Массажная студия «Чукотка» в пер. Котляковский,Категория кэшбэка 'Массажная студия «Чукотка» в пер. Котляковский'. Средняя ставка по данным dano.csv: 20.0%,20.00,501,5,12,,,,,
8f4aaf4f-7c1e-4299-902e-06a4fe5f21c3,Массажный  салон «Манэль» в 1-ом мкр,Категория кэшбэка 'Массажный  салон «Манэль» в 1-ом мкр'. Средняя ставка по данным dano.csv: 20.0%,20.00,381,7,20,,,,,
a283913d-1331-4606-b914-bb9808e70407,Массажный кабинет «Массаж у Эльданы»,Категория кэшбэка 'Массажный кабинет «Массаж у Эльданы»'. Средняя ставка по данным dano.csv: 20.0%,20.00,381,3,7,,,,,
e3c65076-bc99-4f7f-ab2d-6dd7de2142ed,Массажный салон Idol Face,Категория кэшбэка 'Массажный салон Idol Face'. Средняя ставка по данным dano.csv: 20.0%,20.00,115,5,12,,,,,
da04908d-27a1-48e8-a81a-54862b74c418,Массажный салон Skulptura на Новослободской ул,Категория кэшбэка 'Массажный салон Skulptura на Новослободской ул'. Средняя ставка по данным dano.csv: 20.0%,20.00,257,7,20,,,,,
bf0c92af-f3ac-4818-872b-b2b3b9ea5efb,Массажный салон «Легко» на пр-те Космонавтов,Категория кэшбэка 'Массажный салон «Легко» на пр-те Космонавтов'. Средняя ставка по данным dano.csv: 20.0%,20.00,201,3,7,,,,,
69bda020-8d76-4e0a-bec6-69984112ee25,Массажный салон «Мастер Скульптор»,Категория кэшбэка 'Массажный салон «Мастер Скульптор»'. Средняя ставка по данным dano.csv: 20.0%,20.00,264,5,12,,,,,
da5e7a76-2667-4086-9c91-eafd97c57529,Массажный салон «Мечта Бьюти» на Ординарной ул,Категория кэшбэка 'Массажный салон «Мечта Бьюти» на Ординарной ул'. Средняя ставка по данным dano.csv: 20.0%,20.00,648,7,20,,,,,
16066a56-cfc2-4a9d-815c-e0dd055f1288,Массажный салон «Мечта Бьюти» на ул. Машиностроителей,Категория кэшбэка 'Массажный салон «Мечта Бьюти» на ул. Машиностроителей'. Средняя ставка по данным dano.csv: 20.0%,20.00,178,3,7,,,,,
868cb07b-6df7-471e-ae3f-7dd8d351a79c,Массажный салон Susanna Style на ул. Энтузиастов,Категория кэшбэка 'Массажный салон Susanna Style на ул. Энтузиастов'. Средняя ставка по данным dano.csv: 20.0%,20.00,466,5,12,,,,,
98c04468-e262-4a73-8139-835a8f2c5bf6,Мастер классы «Реальное рисование» на Варшавском ш,Категория кэшбэка 'Мастер классы «Реальное рисование» на Варшавском ш'. Средняя ставка по данным dano.csv: 20.0%,20.00,202,7,20,,,,,
7839bf9a-6c5a-4881-8f1d-d555c478e050,Мастерская Mama Choco на ул. Братьев Кашириных,Категория кэшбэка 'Мастерская Mama Choco на ул. Братьев Кашириных'. Средняя ставка по данным dano.csv: 20.0%,20.00,529,3,7,,,,,
327aacac-eabe-4b7f-9433-b1ff08e371be,Мастерская «Искусство ювелира»,Категория кэшбэка 'Мастерская «Искусство ювелира»'. Средняя ставка по данным dano.csv: 20.0%,20.00,426,5,12,,,,,
6c42cf45-547c-491f-94cd-b636c8c681f8,Мастерская Дениса Березикова на ул. Родионова,Категория кэшбэка 'Мастерская Дениса Березикова на ул. Родионова'. Средняя ставка по данным dano.csv: 20.0%,20.00,475,7,20,,,,,
8fe70059-5dd9-43f4-b8de-7d99c1bd2716,Мастерская Нуркаева на ул. Красная,Категория кэшбэка 'Мастерская Нуркаева на ул. Красная'. Средняя ставка по данным dano.csv: 20.0%,20.00,620,3,7,,,,,
3a45b164-5953-4414-bde7-c7c06dd4a5a3,Мастерская Тела на Российской ул,Категория кэшбэка 'Мастерская Тела на Российской ул'. Средняя ставка по данным dano.csv: 20.0%,20.00,606,5,12,,,,,
abbc0293-598c-4857-9e84-df6bc84583c4,Мастерская букетов на ул. Нижняя Масловка,Категория кэшбэка 'Мастерская букетов на ул. Нижняя Масловка'. Средняя ставка по данным dano.csv: 20.0%,20.00,495,7,20,,,,,
596ddde8-b45d-4651-9ff6-b4ca0398567c,Мастерская текстильного интерьера на Казанском ш,Категория кэшбэка 'Мастерская текстильного интерьера на Казанском ш'. Средняя ставка по данным dano.csv: 20.0%,20.00,270,3,7,,,,,
42ca709c-1f59-4066-83da-139ba4600235,Мастерская флористики,Категория кэшбэка 'Мастерская флористики'. Средняя ставка по данным dano.csv: 20.0%,20.00,576,5,12,,,,,
5baff612-e029-4877-8611-1929876dd723,Мацумото Суши на ул. Полковника Милиции Курочкина,Категория кэшбэка 'Мацумото Суши на ул. Полковника Милиции Курочкина'. Средняя ставка по данным dano.csv: 20.0%,20.00,387,7,20,,,,,
40e6befb-19e8-4b86-a1ff-d225310c9540,Маяк rental на ул. Мало-Тобольская,Категория кэшбэка 'Маяк rental на ул. Мало-Тобольская'. Средняя ставка по данным dano.csv: 20.0%,20.00,434,3,7,,,,,
35d110da-1dfb-47df-a1a9-295c7090b51d,Мебель «Метта,Категория кэшбэка 'Мебель «Метта'. Средняя ставка по данным dano.csv: 20.0%,20.00,370,5,12,,,,,
7878aed6-ce0b-46b9-956f-0c11a0d8f715,Мебель на заказ «Просто» на Революционном пр-те,Категория кэшбэка 'Мебель на заказ «Просто» на Революционном пр-те'. Средняя ставка по данным dano.csv: 20.0%,20.00,527,7,20,,,,,
f780d2d8-56dc-4677-baa4-f6141aa5b932,Мебельный магазин Egoist.Studio на ул. Карла Маркса,Категория кэшбэка 'Мебельный магазин Egoist.Studio на ул. Карла Маркса'. Средняя ставка по данным dano.csv: 20.0%,20.00,658,3,7,,,,,
24a30205-c991-4e2f-b6a9-387c39681653,Мебельный магазин «Русичка» на ул. Николая Отрады,Категория кэшбэка 'Мебельный магазин «Русичка» на ул. Николая Отрады'. Средняя ставка по данным dano.csv: 20.0%,20.00,478,5,12,,,,,
d7424e3b-1a34-4c6f-a8cf-f49613c792cc,Мебельный магазин «Уютные решения» в ТЦ Мебельвуд,Категория кэшбэка 'Мебельный магазин «Уютные решения» в ТЦ Мебельвуд'. Средняя ставка по данным dano.csv: 20.0%,20.00,210,7,20,,,,,
2765861b-819d-4813-8604-b37afdb67ab1,Медицинский центр «Медик плюс» на ул. Циолковского,Категория кэшбэка 'Медицинский центр «Медик плюс» на ул. Циолковского'. Средняя ставка по данным dano.csv: 20.0%,20.00,136,3,7,,,,,
799d953a-484e-4955-870c-3126737b7b4f,Медцентр «ЦИТО» на ул. Гарифа Ахунова,Категория кэшбэка 'Медцентр «ЦИТО» на ул. Гарифа Ахунова'. Средняя ставка по данным dano.csv: 20.0%,20.00,742,5,12,,,,,
0761b07c-4a5b-4a2b-9f2e-9c3246a0461d,Мечта Бьюти на Корабельной ул,Категория кэшбэка 'Мечта Бьюти на Корабельной ул'. Средняя ставка по данным dano.csv: 20.0%,20.00,330,7,20,,,,,
d469eefb-af6f-4632-b9f2-44a163f74ba6,Мио массаж на Бибиревской ул,Категория кэшбэка 'Мио массаж на Бибиревской ул'. Средняя ставка по данным dano.csv: 20.0%,20.00,470,3,7,,,,,
2ec85ff8-b622-473a-91f4-f0196a2313af,Мир Мастеров на Открытом ш,Категория кэшбэка 'Мир Мастеров на Открытом ш'. Средняя ставка по данным dano.csv: 20.0%,20.00,557,5,12,,,,,
a6503d4b-f702-47c0-9618-00444f7cc29b,Мир Музыки,Категория кэшбэка 'Мир Музыки'. Средняя ставка по данным dano.csv: 5.0%,5.00,259,7,20,,,,,
1463aae7-79ed-441b-9643-a5e216d138d7,Мир парфюма на пр-те Ленина,Категория кэшбэка 'Мир парфюма на пр-те Ленина'. Средняя ставка по данным dano.csv: 20.0%,20.00,645,3,7,,,,,
2442c594-22b4-4e26-8703-82b72ad74b26,Мир семян на Набережночелнинском пр-те,Категория кэшбэка 'Мир семян на Набережночелнинском пр-те'. Средняя ставка по данным dano.csv: 20.0%,20.00,686,5,12,,,,,
751c2ecf-1849-420f-86f3-827fac4f6bf4,Мир фото на ул. Новороссийской Республики,Категория кэшбэка 'Мир фото на ул. Новороссийской Республики'. Средняя ставка по данным dano.csv: 20.0%,20.00,275,7,20,,,,,
72143e40-22ca-42bd-9906-e9b8e4f8df32,Мистер Рак на Харьковской ул,Категория кэшбэка 'Мистер Рак на Харьковской ул'. Средняя ставка по данным dano.csv: 20.0%,20.00,781,3,7,,,,,
975c169a-b9fb-4136-82a3-9c851438a732,МногоКофе на Красном пр-те,Категория кэшбэка 'МногоКофе на Красном пр-те'. Средняя ставка по данным dano.csv: 20.0%,20.00,372,5,12,,,,,
3304a93c-0ee8-4146-97bc-c0f934bab602,Молоко и мясо «Гастроном» на ул. Некрасова,Категория кэшбэка 'Молоко и мясо «Гастроном» на ул. Некрасова'. Средняя ставка по данным dano.csv: 20.0%,20.00,724,7,20,,,,,
936f008d-606f-42e5-819a-73f75866e24a,Молочная лавка «Малинка» на ул. Энергетиков,Категория кэшбэка 'Молочная лавка «Малинка» на ул. Энергетиков'. Средняя ставка по данным dano.csv: 20.0%,20.00,761,3,7,,,,,
c9bd06b5-f1da-4b77-91d2-107db14b29a5,Морепродукты «Камчатский двор» на ул Гагарина,Категория кэшбэка 'Морепродукты «Камчатский двор» на ул Гагарина'. Средняя ставка по данным dano.csv: 20.0%,20.00,124,5,12,,,,,
6897357e-1f2a-4d1a-8f25-ff5aea8369ab,Морепродукты «ШефПорт» на ул. Речников,Категория кэшбэка 'Морепродукты «ШефПорт» на ул. Речников'. Средняя ставка по данным dano.csv: 20.0%,20.00,292,7,20,,,,,
2ca868b3-0341-4cb6-8e14-c5f3d0661b30,Мужская одежда «Мажор» на ул. Королёва,Категория кэшбэка 'Мужская одежда «Мажор» на ул. Королёва'. Средняя ставка по данным dano.csv: 20.0%,20.00,158,3,7,,,,,
7a1bee39-600e-463e-b3ec-431cbbc34835,Мужские стрижки на Вольной ул,Категория кэшбэка 'Мужские стрижки на Вольной ул'. Средняя ставка по данным dano.csv: 20.0%,20.00,653,5,12,,,,,
90e8e027-2fcf-460d-89bc-7adc7ea9a510,Музторг,Категория кэшбэка 'Музторг'. Средняя ставка по данным dano.csv: 5.0%,5.00,110,7,20,,,,,
1aa07785-4808-44c6-9414-fd486003488a,Музыка,Категория кэшбэка 'Музыка'. Средняя ставка по данным dano.csv: 5.0%,5.00,415,3,7,,,,,
2e390e44-8d34-4700-9c98-eacdc9936960,Музыкальный магазин Muzitoria,Категория кэшбэка 'Музыкальный магазин Muzitoria'. Средняя ставка по данным dano.csv: 20.0%,20.00,441,5,12,,,,,
bec378d6-e912-4a10-a33b-9a0487c30cf0,Мясной Маркет на Командорской ул,Категория кэшбэка 'Мясной Маркет на Командорской ул'. Средняя ставка по данным dano.csv: 20.0%,20.00,682,7,20,,,,,
f4ef249b-8233-464e-92c6-0519cf99bf23,Мясной магазин «Мясо у Лили» на ул. Декабристов,Категория кэшбэка 'Мясной магазин «Мясо у Лили» на ул. Декабристов'. Средняя ставка по данным dano.csv: 20.0%,20.00,553,3,7,,,,,
7ad2623f-b405-4c00-b92c-fc978393a26c,Накопительный счет,Категория кэшбэка 'Накопительный счет'. Средняя ставка по данным dano.csv: 14.0%,14.00,500,5,12,,,,,
521c49d2-511a-4b9f-bcdd-c5719838f4dc,Накопительный счёт,Категория кэшбэка 'Накопительный счёт'. Средняя ставка по данным dano.csv: 11.0%,11.00,508,7,20,,,,,
2fc36880-7cab-4643-b214-1ea7fa86104d,Натяжные потолки MAX на ул. Фрунзе,Категория кэшбэка 'Натяжные потолки MAX на ул. Фрунзе'. Средняя ставка по данным dano.csv: 20.0%,20.00,364,3,7,,,,,
eb6cd903-9617-4c7e-b66c-b2af266efa1c,Начни с цветов на Садовой ул,Категория кэшбэка 'Начни с цветов на Садовой ул'. Средняя ставка по данным dano.csv: 20.0%,20.00,626,5,12,,,,,
4a15b4ae-2360-4d98-8532-0eef3ed74094,Начни с цветов на б-ре Маршала Крылова,Категория кэшбэка 'Начни с цветов на б-ре Маршала Крылова'. Средняя ставка по данным dano.csv: 20.0%,20.00,775,7,20,,,,,
4409ecf4-a67f-47eb-8f53-f337213a07f0,Не Музей Кроссовок на ул. Маяковского,Категория кэшбэка 'Не Музей Кроссовок на ул. Маяковского'. Средняя ставка по данным dano.csv: 20.0%,20.00,146,3,7,,,,,
bb431af0-d83e-45ca-9eb0-019a89be393d,"Не плачь, пей кофе на ул. 
Просторная","Категория кэшбэка 'Не плачь, пей кофе на ул. 
Просторная'. Средняя ставка по данным dano.csv: 20.0%",20.00,438,5,12,,,,,
300739f8-b8c5-4ffd-90ac-f1088b0a0e55,НеПростоФото на б-ре Яна Райниса,Категория кэшбэка 'НеПростоФото на б-ре Яна Райниса'. Средняя ставка по данным dano.csv: 20.0%,20.00,779,7,20,,,,,
b3b8075d-9a06-41cd-b657-61c8e160169f,Нежность лепестков на б. Мещерский,Категория кэшбэка 'Нежность лепестков на б. Мещерский'. Средняя ставка по данным dano.csv: 20.0%,20.00,166,3,7,,,,,
f4a55276-7194-43de-8f42-657d710d0c3d,Независимая экспертиза и оценка «Восм»,Категория кэшбэка 'Независимая экспертиза и оценка «Восм»'. Средняя ставка по данным dano.csv: 20.0%,20.00,307,5,12,,,,,
e29f6359-2f51-4992-a695-9c43cebbfd54,Нейро Лого Клуб в БЦ Сёрф Плаза,Категория кэшбэка 'Нейро Лого Клуб в БЦ Сёрф Плаза'. Средняя ставка по данным dano.csv: 20.0%,20.00,270,7,20,,,,,
e93da1fe-9a6e-4e03-aba3-a9c75346dda0,Нейромед на ул. Калинина,Категория кэшбэка 'Нейромед на ул. Калинина'. Средняя ставка по данным dano.csv: 20.0%,20.00,483,3,7,,,,,
9bb51921-eaee-425f-babe-2c3f6b1694a4,Ника Бьюти на ул. Александры Монаховой,Категория кэшбэка 'Ника Бьюти на ул. Александры Монаховой'. Средняя ставка по данным dano.csv: 20.0%,20.00,313,5,12,,,,,
2be92fcf-9037-409b-a522-a34b861997a5,Ника на Демократической ул,Категория кэшбэка 'Ника на Демократической ул'. Средняя ставка по данным dano.csv: 20.0%,20.00,376,7,20,,,,,
54cabff5-2b99-4f98-a74e-5ea96c118b7e,Ниоки на ул. 45-я Параллель,Категория кэшбэка 'Ниоки на ул. 45-я Параллель'. Средняя ставка по данным dano.csv: 20.0%,20.00,595,3,7,,,,,
cf23193d-2a9b-43a0-bbde-0a2136755d78,Новогодняя ярмарка в ТЦ ЦУМ,Категория кэшбэка 'Новогодняя ярмарка в ТЦ ЦУМ'. Средняя ставка по данным dano.csv: 20.0%,20.00,753,5,12,,,,,
284a1e8f-a3df-4f0d-bce6-47b4842936bf,Ногтевая студия Extazz Nails в Оружейном пер,Категория кэшбэка 'Ногтевая студия Extazz Nails в Оружейном пер'. Средняя ставка по данным dano.csv: 20.0%,20.00,140,7,20,,,,,
2b16c726-aadf-4608-a913-a1b322352d1f,Ногтевая студия Gastronom в ТЦ Южный,Категория кэшбэка 'Ногтевая студия Gastronom в ТЦ Южный'. Средняя ставка по данным dano.csv: 20.0%,20.00,382,3,7,,,,,
583a5a90-ce0d-4521-b2e8-41e62fb5d6d4,Ногтевая студия Monako на ул. Генерала Иванова,Категория кэшбэка 'Ногтевая студия Monako на ул. Генерала Иванова'. Средняя ставка по данным dano.csv: 20.0%,20.00,565,5,12,,,,,
f0fe68a8-f151-4fa5-a866-58aa516ab84e,Ногтевая студия Olganail на ул. Кирова,Категория кэшбэка 'Ногтевая студия Olganail на ул. Кирова'. Средняя ставка по данным dano.csv: 20.0%,20.00,513,7,20,,,,,
2f272598-6990-42c8-ac31-90b5a2244ee9,Ногтевая студия Only&nails на пр-те Астрахова,Категория кэшбэка 'Ногтевая студия Only&nails на пр-те Астрахова'. Средняя ставка по данным dano.csv: 20.0%,20.00,256,3,7,,,,,
7659abb3-0be6-4ce7-a5e7-f3242d1b127e,Ногтевая студия To Shine на Судостроительной ул,Категория кэшбэка 'Ногтевая студия To Shine на Судостроительной ул'. Средняя ставка по данным dano.csv: 20.0%,20.00,237,5,12,,,,,
d444c434-4be8-4792-a6b0-2570a462ac62,Ногтевая студия «Креалайн» на ул. Коли Мяготина,Категория кэшбэка 'Ногтевая студия «Креалайн» на ул. Коли Мяготина'. Средняя ставка по данным dano.csv: 20.0%,20.00,112,7,20,,,,,
5c84d80c-6ad4-47e7-baad-011d497d6afd,Ногтевая студия «Направо» на Берёзовой ул,Категория кэшбэка 'Ногтевая студия «Направо» на Берёзовой ул'. Средняя ставка по данным dano.csv: 20.0%,20.00,355,3,7,,,,,
f795378f-8131-4540-a435-177067269e9c,Ногтевая студия «Ножки&Ручки» на ул. Октябрьской Революции,Категория кэшбэка 'Ногтевая студия «Ножки&Ручки» на ул. Октябрьской Революции'. Средняя ставка по данным dano.csv: 20.0%,20.00,773,5,12,,,,,
d56b2259-4d44-4640-ae3f-52348262e59c,Ногтевая студия «Ноктюрн»,Категория кэшбэка 'Ногтевая студия «Ноктюрн»'. Средняя ставка по данным dano.csv: 20.0%,20.00,436,7,20,,,,,
a23b19e5-e107-4315-be4f-ba22ecd17b9a,Ноетик на Моховой ул,Категория кэшбэка 'Ноетик на Моховой ул'. Средняя ставка по данным dano.csv: 20.0%,20.00,586,3,7,,,,,
3c387a9b-0455-4645-a6d0-a80e19d10743,Нью Смайл К на ул. Менделеева,Категория кэшбэка 'Нью Смайл К на ул. Менделеева'. Средняя ставка по данным dano.csv: 20.0%,20.00,114,5,12,,,,,
ae0c43b1-881d-457c-8f17-6ed74966367f,ОМА Clinic на пр-те Мельникова,Категория кэшбэка 'ОМА Clinic на пр-те Мельникова'. Средняя ставка по данным dano.csv: 20.0%,20.00,286,7,20,,,,,
4a3c5123-4063-4ce5-bfc9-e05183d74362,Образование,Категория кэшбэка 'Образование'. Средняя ставка по данным dano.csv: 5.0%,5.00,5,3,7,,,,,
fa7e2762-390b-4528-9aa2-9ea02aa6c82c,Образовательный центр «Кембридж» в Северном пер,Категория кэшбэка 'Образовательный центр «Кембридж» в Северном пер'. Средняя ставка по данным dano.csv: 20.0%,20.00,586,5,12,,,,,
4c150998-54be-4ca5-846e-262763dbf24e,Образовательный центр «Нейрогалактика» на ул. Красноармейская,Категория кэшбэка 'Образовательный центр «Нейрогалактика» на ул. Красноармейская'. Средняя ставка по данным dano.csv: 20.0%,20.00,144,7,20,,,,,
f04a5fb6-c53c-449b-a38f-8f5e86ad100f,Обувной салон Baden в ТЦ Гостиный двор,Категория кэшбэка 'Обувной салон Baden в ТЦ Гостиный двор'. Средняя ставка по данным dano.csv: 20.0%,20.00,720,3,7,,,,,
ac6a2add-b875-420b-949b-d002c4887588,Обувной салон Rieker в ТЦ Гостиный Двор,Категория кэшбэка 'Обувной салон Rieker в ТЦ Гостиный Двор'. Средняя ставка по данным dano.csv: 20.0%,20.00,683,5,12,,,,,
d1e219b9-2392-481a-9ca7-b03b02e29e99,Обувной салон Rieker на пр-те Ленина,Категория кэшбэка 'Обувной салон Rieker на пр-те Ленина'. Средняя ставка по данным dano.csv: 20.0%,20.00,409,7,20,,,,,
58e886ea-a443-4614-a327-2c1ed41631da,Обувь в магазине Wow suits на ул. Юрия Гагарина,Категория кэшбэка 'Обувь в магазине Wow suits на ул. Юрия Гагарина'. Средняя ставка по данным dano.csv: 20.0%,20.00,391,3,7,,,,,
3aa25338-d753-4bb8-bd5c-89efe6b36158,Овощи и фрукты на Новочеркасском б-ре,Категория кэшбэка 'Овощи и фрукты на Новочеркасском б-ре'. Средняя ставка по данным dano.csv: 20.0%,20.00,222,5,12,,,,,
389a78c3-393c-46f6-960e-9288f38eff66,Овощи и фрукты на ул. Красная Сосна,Категория кэшбэка 'Овощи и фрукты на ул. Красная Сосна'. Средняя ставка по данным dano.csv: 20.0%,20.00,268,7,20,,,,,
e56b91a8-cf05-4a78-a205-97d380206d9e,Одежда и обувь,Категория кэшбэка 'Одежда и обувь'. Средняя ставка по данным dano.csv: 5.0%,5.01,32,3,7,,,,,
c20d675f-90f7-495a-b575-027ae8a2fa63,Одежда и обувь в Шопинге,Категория кэшбэка 'Одежда и обувь в Шопинге'. Средняя ставка по данным dano.csv: 19.0%,19.04,2,5,12,,,,,
7bb574d8-adc0-4990-bf26-2182470188bf,ОилКар на ул. Некрасова,Категория кэшбэка 'ОилКар на ул. Некрасова'. Средняя ставка по данным dano.csv: 20.0%,20.00,481,7,20,,,,,
52d2dad9-fa55-45a9-960d-0374b3b7c87f,Ок Оптика,Категория кэшбэка 'Ок Оптика'. Средняя ставка по данным dano.csv: 20.0%,20.00,426,3,7,,,,,
b36232ed-a472-4ace-9aad-44b65e27b110,Окна и двери «СПС ГРУПП» на ул. Пушкина,Категория кэшбэка 'Окна и двери «СПС ГРУПП» на ул. Пушкина'. Средняя ставка по данным dano.csv: 20.0%,20.00,372,5,12,,,,,
e39c6a7b-78e5-451e-a3cd-0b0378fd7ebb,Оконный сервис «Винтра» на ул. Новодмитровская,Категория кэшбэка 'Оконный сервис «Винтра» на ул. Новодмитровская'. Средняя ставка по данным dano.csv: 20.0%,20.00,356,7,20,,,,,
f35b568f-5ea8-4cff-9529-b15498b07c34,Олерина стиль на ул Петровка,Категория кэшбэка 'Олерина стиль на ул Петровка'. Средняя ставка по данным dano.csv: 20.0%,20.00,778,3,7,,,,,
a9075746-7db3-4761-94e9-7a1bc593d248,Омур пр-кт Андропова,Категория кэшбэка 'Омур пр-кт Андропова'. Средняя ставка по данным dano.csv: 20.0%,20.00,643,5,12,,,,,
0c69a322-f8ec-4644-9013-289ff48a1a47,Оптика про на ул. Александра Матросова,Категория кэшбэка 'Оптика про на ул. Александра Матросова'. Средняя ставка по данным dano.csv: 20.0%,20.00,598,7,20,,,,,
1bd310d4-380d-4461-909e-dcd8a73c6bdc,Оптика №1 в ТЦ Моя Ветка,Категория кэшбэка 'Оптика №1 в ТЦ Моя Ветка'. Средняя ставка по данным dano.csv: 20.0%,20.00,506,3,7,,,,,
da6fc1fd-ffa0-4836-9d55-a570b1c36ffe,Орехи и Сладости в ТЦ Академический,Категория кэшбэка 'Орехи и Сладости в ТЦ Академический'. Средняя ставка по данным dano.csv: 20.0%,20.00,588,5,12,,,,,
d98595ac-c8c6-472c-bd94-c1e2783ca0a7,Орехи и Сладости в ТЦ Ларец,Категория кэшбэка 'Орехи и Сладости в ТЦ Ларец'. Средняя ставка по данным dano.csv: 20.0%,20.00,412,7,20,,,,,
0d16ad3e-67f8-4bff-a3b0-d7e175ec3de8,Ортопедический салон на Коммунистической ул,Категория кэшбэка 'Ортопедический салон на Коммунистической ул'. Средняя ставка по данным dano.csv: 20.0%,20.00,628,3,7,,,,,
2f0214ff-d20d-4632-b63e-a4f88a183589,"Остекление и отделка балконов в 31-ом комплексе, 2","Категория кэшбэка 'Остекление и отделка балконов в 31-ом комплексе, 2'. Средняя ставка по данным dano.csv: 20.0%",20.00,595,5,12,,,,,
72136806-9f83-419a-8389-10d75af63e67,Остеопат Легошин Д. И. на Дмитровском ш,Категория кэшбэка 'Остеопат Легошин Д. И. на Дмитровском ш'. Средняя ставка по данным dano.csv: 20.0%,20.00,412,7,20,,,,,
9fdb165a-5942-4e40-8e69-c48bce38ec8b,Островок Avon в ТЦ Эссен,Категория кэшбэка 'Островок Avon в ТЦ Эссен'. Средняя ставка по данным dano.csv: 20.0%,20.00,461,3,7,,,,,
80b872ee-b1cd-4f47-bbe4-c6ec8c33e18d,Отдел «Мёд» в ТК Изумруд,Категория кэшбэка 'Отдел «Мёд» в ТК Изумруд'. Средняя ставка по данным dano.csv: 20.0%,20.00,429,5,12,,,,,
e09df670-ac2f-4ba1-9cee-f0b2d485e0d3,Отдел «Мёд» в ТК Победа,Категория кэшбэка 'Отдел «Мёд» в ТК Победа'. Средняя ставка по данным dano.csv: 20.0%,20.00,283,7,20,,,,,
abc7505a-2505-41ef-8925-b71c8d70f197,Отдел «Мёд» в ТК Прииск,Категория кэшбэка 'Отдел «Мёд» в ТК Прииск'. Средняя ставка по данным dano.csv: 20.0%,20.00,339,3,7,,,,,
56a41446-9787-451c-b1f5-5fdd62be8863,Отдел сыров и колбас в магазине «Продукты»,Категория кэшбэка 'Отдел сыров и колбас в магазине «Продукты»'. Средняя ставка по данным dano.csv: 20.0%,20.00,123,5,12,,,,,
58cf8aa2-bcb1-48de-9003-992a1312d00d,Отели c Pro,Категория кэшбэка 'Отели c Pro'. Средняя ставка по данным dano.csv: 9.0%,9.00,630,7,20,,,,,
b80bbb0a-1781-4b10-aa09-f23eceaa80a5,Отели в Т-Путешествиях,Категория кэшбэка 'Отели в Т-Путешествиях'. Средняя ставка по данным dano.csv: 10.4%,10.41,3,3,7,,,,,
b9947a33-d39b-433e-bcba-6ee5bd2b6658,Отличник тайм на ул. Вертковская,Категория кэшбэка 'Отличник тайм на ул. Вертковская'. Средняя ставка по данным dano.csv: 20.0%,20.00,217,5,12,,,,,
cac4af98-5f4f-43ab-8fb6-531ae78aadc4,ПакДепо на ул. Победы,Категория кэшбэка 'ПакДепо на ул. Победы'. Средняя ставка по данным dano.csv: 20.0%,20.00,363,7,20,,,,,
bcc1dc3b-faa7-4d6d-9b83-5e5080857a1e,Палитра вкусов в пер. Партийный,Категория кэшбэка 'Палитра вкусов в пер. Партийный'. Средняя ставка по данным dano.csv: 20.0%,20.00,764,3,7,,,,,
877dfe76-f2f0-4f65-8e74-6564b0ae2c85,Парикмахерская therose в Большом Тишинском пер,Категория кэшбэка 'Парикмахерская therose в Большом Тишинском пер'. Средняя ставка по данным dano.csv: 20.0%,20.00,138,5,12,,,,,
45e5d9a3-93ba-4023-b7a7-0840298d95ba,Парикмахерская «Мята» на Кремлёвской ул,Категория кэшбэка 'Парикмахерская «Мята» на Кремлёвской ул'. Средняя ставка по данным dano.csv: 20.0%,20.00,750,7,20,,,,,
eb608793-1888-4628-b640-e1e2248fea22,Парикмахерская «Русалочка» на ул. Нахимова,Категория кэшбэка 'Парикмахерская «Русалочка» на ул. Нахимова'. Средняя ставка по данным dano.csv: 20.0%,20.00,636,3,7,,,,,
eeb4a80a-0d65-4942-ad7e-140bb0b65c1e,Парикмахерская «Хит» на Манчажской ул,Категория кэшбэка 'Парикмахерская «Хит» на Манчажской ул'. Средняя ставка по данным dano.csv: 20.0%,20.00,626,5,12,,,,,
ed806cbb-7f4d-42bc-bdd8-f837fcf2d3da,Парикмахерская «Цирюльня семейная» на ул. Поляничко,Категория кэшбэка 'Парикмахерская «Цирюльня семейная» на ул. Поляничко'. Средняя ставка по данным dano.csv: 20.0%,20.00,507,7,20,,,,,
6c87da5a-01e1-42ea-aa44-b1caab8af60e,Парикмахерская «Чио Чио» на пр-те Октября,Категория кэшбэка 'Парикмахерская «Чио Чио» на пр-те Октября'. Средняя ставка по данным dano.csv: 20.0%,20.00,191,3,7,,,,,
4d634c4b-71fe-4760-94fb-f8667236c7df,Парфюмер на Интернациональной ул,Категория кэшбэка 'Парфюмер на Интернациональной ул'. Средняя ставка по данным dano.csv: 20.0%,20.00,143,5,12,,,,,
ddee372a-b0aa-44f0-a052-25cba2a4dee8,Парфюмерные масла Rafam на ул. Ленина,Категория кэшбэка 'Парфюмерные масла Rafam на ул. Ленина'. Средняя ставка по данным dano.csv: 20.0%,20.00,210,7,20,,,,,
2359cf73-5829-4682-b59d-96ac97c64acb,Пекарня,Категория кэшбэка 'Пекарня'. Средняя ставка по данным dano.csv: 20.0%,20.00,554,3,7,,,,,
12d830b8-9b91-46ec-bba8-9335e3586ac6,Пекарня «Берекет» на пр-те Ленина,Категория кэшбэка 'Пекарня «Берекет» на пр-те Ленина'. Средняя ставка по данным dano.csv: 20.0%,20.00,395,5,12,,,,,
a496af41-3343-471b-b725-ad4f023f15e7,Пекарня «Вкус и Хруст» на ул. Восстания,Категория кэшбэка 'Пекарня «Вкус и Хруст» на ул. Восстания'. Средняя ставка по данным dano.csv: 20.0%,20.00,301,7,20,,,,,
bd93142f-c7c2-4cac-8e97-0346a5039f67,Пекарня «Где Хлеб» на Центральной ул,Категория кэшбэка 'Пекарня «Где Хлеб» на Центральной ул'. Средняя ставка по данным dano.csv: 20.0%,20.00,411,3,7,,,,,
e70110e4-d8a9-4c14-804f-8fdafd3fcc12,Пекарня «Домашний хлеб» на ул. Толстого,Категория кэшбэка 'Пекарня «Домашний хлеб» на ул. Толстого'. Средняя ставка по данным dano.csv: 20.0%,20.00,316,5,12,,,,,
7dbac385-d4aa-4d97-8ced-0ed4c8175b31,Пекарня «За Хлебом и Домой» на ул. Федора Абрамова,Категория кэшбэка 'Пекарня «За Хлебом и Домой» на ул. Федора Абрамова'. Средняя ставка по данным dano.csv: 20.0%,20.00,644,7,20,,,,,
6a3243fa-d0e0-4b7f-a983-37db2bf3ffae,Пекарня «Сапсан» на Майской ул,Категория кэшбэка 'Пекарня «Сапсан» на Майской ул'. Средняя ставка по данным dano.csv: 20.0%,20.00,636,3,7,,,,,
8b397c9c-b7bb-409e-b562-82b3c53a7d49,Пекарня «Цех ФМ»	на просп. Новгородский,Категория кэшбэка 'Пекарня «Цех ФМ»	на просп. Новгородский'. Средняя ставка по данным dano.csv: 20.0%,20.00,190,5,12,,,,,
ec4a83fa-151d-490d-a9db-e4f63272cd3f,Пекарня на Центральной ул,Категория кэшбэка 'Пекарня на Центральной ул'. Средняя ставка по данным dano.csv: 20.0%,20.00,466,7,20,,,,,
5a2d6510-6c1d-425c-a1bc-7e3c6b0ee1db,Пекарня на ул. Строителей,Категория кэшбэка 'Пекарня на ул. Строителей'. Средняя ставка по данным dano.csv: 20.0%,20.00,659,3,7,,,,,
70d10377-f2e8-45f1-b157-aea7ecddbbc3,Пекарня у дома на ул. Самарцева,Категория кэшбэка 'Пекарня у дома на ул. Самарцева'. Средняя ставка по данным dano.csv: 20.0%,20.00,446,5,12,,,,,
bae6c163-c864-4906-8456-09717bf960c1,Пекарня «Кифлица» на Преображенской ул,Категория кэшбэка 'Пекарня «Кифлица» на Преображенской ул'. Средняя ставка по данным dano.csv: 20.0%,20.00,250,7,20,,,,,
8aaabc08-1f15-4d4d-9327-6720996cb440,Пельменная «Есенин» на наб. Габдуллы Тука,Категория кэшбэка 'Пельменная «Есенин» на наб. Габдуллы Тука'. Средняя ставка по данным dano.csv: 20.0%,20.00,633,3,7,,,,,
cab2c237-a606-4702-b526-67121ecdc682,Пельменная «Есенин» на пр. Фоменко,Категория кэшбэка 'Пельменная «Есенин» на пр. Фоменко'. Средняя ставка по данным dano.csv: 20.0%,20.00,285,5,12,,,,,
f4984566-9e0f-41d7-8d8f-9e8f6c95e699,Первый канцелярский на ул. Шаболовка,Категория кэшбэка 'Первый канцелярский на ул. Шаболовка'. Средняя ставка по данным dano.csv: 20.0%,20.00,248,7,20,,,,,
63e647d1-a633-404b-bccb-732a17d4600e,Перекрёсток доставка,Категория кэшбэка 'Перекрёсток доставка'. Средняя ставка по данным dano.csv: 10.7%,10.71,6,3,7,,,,,
b9e4b619-a52a-4a30-9884-4d20cdd94fec,Перун на ул Зелёная Роща,Категория кэшбэка 'Перун на ул Зелёная Роща'. Средняя ставка по данным dano.csv: 20.0%,20.00,475,5,12,,,,,
5a49c991-5f5c-4587-b836-b8df1d999bdb,Перфект Клиник на Объездной ул,Категория кэшбэка 'Перфект Клиник на Объездной ул'. Средняя ставка по данным dano.csv: 20.0%,20.00,274,7,20,,,,,
5f688313-e6f8-4988-80c6-12b5532aee11,Петрович в Шопинге,Категория кэшбэка 'Петрович в Шопинге'. Средняя ставка по данным dano.csv: 18.2%,18.24,796,3,7,,,,,
9b6235ea-8804-46e2-8dc2-f227279c7269,Пижамка на ул. Дмитрия Менделеева,Категория кэшбэка 'Пижамка на ул. Дмитрия Менделеева'. Средняя ставка по данным dano.csv: 20.0%,20.00,790,5,12,,,,,
a6e38935-85a1-448b-b48a-03cff179604b,Пироги «Алана мама» на ул. Алма-Атинская,Категория кэшбэка 'Пироги «Алана мама» на ул. Алма-Атинская'. Средняя ставка по данным dano.csv: 20.0%,20.00,472,7,20,,,,,
f5bd6e38-83c4-4cac-9ef3-19111caef8c2,ПитаПита в ТЦ Саларис,Категория кэшбэка 'ПитаПита в ТЦ Саларис'. Средняя ставка по данным dano.csv: 20.0%,20.00,639,3,7,,,,,
f218da3f-5a4f-48cc-a393-ae906aebaf0b,Питерская модница в ТЦ Балканский-5,Категория кэшбэка 'Питерская модница в ТЦ Балканский-5'. Средняя ставка по данным dano.csv: 20.0%,20.00,407,5,12,,,,,
78e52b87-f032-4fd4-af9e-d00e5489258e,Пицца на дровах на Красноармейской ул,Категория кэшбэка 'Пицца на дровах на Красноармейской ул'. Средняя ставка по данным dano.csv: 20.0%,20.00,792,7,20,,,,,
0dc5bd51-eb68-462c-be82-b9b0fe80cf6c,Пиццеполис на ул. Лунина,Категория кэшбэка 'Пиццеполис на ул. Лунина'. Средняя ставка по данным dano.csv: 20.0%,20.00,493,3,7,,,,,
5b13700c-bfec-4567-887e-aa2dd3300116,Пиццерия Crazy Brothers на ул. Героев Десантников,Категория кэшбэка 'Пиццерия Crazy Brothers на ул. Героев Десантников'. Средняя ставка по данным dano.csv: 20.0%,20.00,169,5,12,,,,,
2271ce6b-c2bb-408c-85fd-87a217a7ec03,Пиццерия «Жарь ещё» на ул. Нижняя Масловка,Категория кэшбэка 'Пиццерия «Жарь ещё» на ул. Нижняя Масловка'. Средняя ставка по данным dano.csv: 20.0%,20.00,792,7,20,,,,,
dbf49e23-52ad-4333-8b9b-931e2bf90c2b,Пиццерия «Трэнто»,Категория кэшбэка 'Пиццерия «Трэнто»'. Средняя ставка по данным dano.csv: 20.0%,20.00,294,3,7,,,,,
8bc55bff-8d75-46ad-ba61-d9229b80a7cf,Пиццерия Вода&Мука на ул. Парковой,Категория кэшбэка 'Пиццерия Вода&Мука на ул. Парковой'. Средняя ставка по данным dano.csv: 20.0%,20.00,403,5,12,,,,,
67abd6e5-669e-4680-b8aa-9e7e15419dd2,Плетеный мир на Подлесной ул,Категория кэшбэка 'Плетеный мир на Подлесной ул'. Средняя ставка по данным dano.csv: 20.0%,20.00,347,7,20,,,,,
f3cc7d8b-d953-4e0c-979b-dd8a4159b4cf,Плов Центр на Михалковской ул,Категория кэшбэка 'Плов Центр на Михалковской ул'. Средняя ставка по данным dano.csv: 20.0%,20.00,735,3,7,,,,,
8f7f4e6e-c103-4a5f-a995-d055341d2cf4,Плов центр на Верхней Красносельской ул,Категория кэшбэка 'Плов центр на Верхней Красносельской ул'. Средняя ставка по данным dano.csv: 20.0%,20.00,547,5,12,,,,,
03549ed3-59c0-49b3-8ad4-6c8fdcc71393,Плов центр на Хорошёвском ш,Категория кэшбэка 'Плов центр на Хорошёвском ш'. Средняя ставка по данным dano.csv: 20.0%,20.00,273,7,20,,,,,
95e27085-9915-4e32-9e9c-f17d719e6043,Плов центр на пр-те Испытателей,Категория кэшбэка 'Плов центр на пр-те Испытателей'. Средняя ставка по данным dano.csv: 20.0%,20.00,669,3,7,,,,,
f36fd43d-d2e0-417d-86d5-3a65a95d1dbd,Подарки и творчество,Категория кэшбэка 'Подарки и творчество'. Средняя ставка по данным dano.csv: 5.0%,5.00,2,5,12,,,,,
7ef5135f-fe33-4784-b732-65bac8aff963,Подписка KION в Т?Банке,Категория кэшбэка 'Подписка KION в Т?Банке'. Средняя ставка по данным dano.csv: 24.2%,24.17,672,7,20,,,,,
9a743510-0feb-475b-98c1-0084981d5ec8,Подписка Kaspersky Plus в Т?Банке,Категория кэшбэка 'Подписка Kaspersky Plus в Т?Банке'. Средняя ставка по данным dano.csv: 26.1%,26.06,250,3,7,,,,,
86f8d408-5985-41ef-a7e7-8b612b8aca86,Подписка Kaspersky Premium в Т?Банке,Категория кэшбэка 'Подписка Kaspersky Premium в Т?Банке'. Средняя ставка по данным dano.csv: 23.6%,23.62,341,5,12,,,,,
480e6701-d8ee-4088-9dae-8c7cd98c7089,Подписка Kaspersky Standard в Т?Банке,Категория кэшбэка 'Подписка Kaspersky Standard в Т?Банке'. Средняя ставка по данным dano.csv: 27.0%,27.03,511,7,20,,,,,
6cddb823-1226-4178-959e-f95acf8ad770,Подписка Mail Space в Т?Банке,Категория кэшбэка 'Подписка Mail Space в Т?Банке'. Средняя ставка по данным dano.csv: 35.0%,35.00,750,3,7,,,,,
4882fbee-de57-46f4-bb06-cce6863c9f08,Подписка MyBook в Т?Банке,Категория кэшбэка 'Подписка MyBook в Т?Банке'. Средняя ставка по данным dano.csv: 84.6%,84.55,245,5,12,,,,,
bcaf98a6-70cf-4a50-b466-8d7cf7a8426f,Подписка Premier в Т?Банке,Категория кэшбэка 'Подписка Premier в Т?Банке'. Средняя ставка по данным dano.csv: 34.1%,34.05,696,7,20,,,,,
542c5527-6ad3-4817-a128-6e13d558007f,Подписка Pro в подарок,Категория кэшбэка 'Подписка Pro в подарок'. Средняя ставка по данным dano.csv: 50.0%,50.00,641,3,7,,,,,
398ac48f-1285-4768-a30b-42599b3c2a16,Подписка Start в Т?Банке,Категория кэшбэка 'Подписка Start в Т?Банке'. Средняя ставка по данным dano.csv: 44.9%,44.91,260,5,12,,,,,
2aa74584-29d5-4628-a3c0-0fde2e4dd025,Подписка VK Музыка в Т?Банке,Категория кэшбэка 'Подписка VK Музыка в Т?Банке'. Средняя ставка по данным dano.csv: 22.1%,22.09,253,7,20,,,,,
4277329d-1fd4-49b9-bf34-33e275425541,Подписка Wink в Т?Банке,Категория кэшбэка 'Подписка Wink в Т?Банке'. Средняя ставка по данным dano.csv: 87.3%,87.25,663,3,7,,,,,
60ce96a8-3552-4ddf-8bc8-85b9655dbca3,Подписка Иви в Т?Банке,Категория кэшбэка 'Подписка Иви в Т?Банке'. Средняя ставка по данным dano.csv: 44.1%,44.08,270,5,12,,,,,
6a753d01-0c76-4ace-be7d-403289a358ba,Подписка Иви в?Т?Банке,Категория кэшбэка 'Подписка Иви в?Т?Банке'. Средняя ставка по данным dano.csv: 45.9%,45.86,656,7,20,,,,,
f1d757ef-7012-412a-8bdd-b47549c773bd,Подписка Магнит в Т-Банке,Категория кэшбэка 'Подписка Магнит в Т-Банке'. Средняя ставка по данным dano.csv: 40.0%,40.00,589,3,7,,,,,
d3f90341-1227-4288-a280-021e01ad8d04,Подписка Яндекс 360 в Т?Банке,Категория кэшбэка 'Подписка Яндекс 360 в Т?Банке'. Средняя ставка по данным dano.csv: 87.6%,87.61,265,5,12,,,,,
c75182c6-40bb-4b72-89a1-0defb810f783,Подписка на сервис Пакет от X5 в Т-Банке,Категория кэшбэка 'Подписка на сервис Пакет от X5 в Т-Банке'. Средняя ставка по данным dano.csv: 50.0%,50.00,322,7,20,,,,,
2a16728a-6a37-410e-bbb7-21ad46df1a43,Подружка,Категория кэшбэка 'Подружка'. Средняя ставка по данным dano.csv: 20.0%,20.00,177,3,7,,,,,
9998d201-fd93-4648-85c6-b67cf5ba5bea,Поезда в Т-Путешествиях,Категория кэшбэка 'Поезда в Т-Путешествиях'. Средняя ставка по данным dano.csv: 8.6%,8.61,1,5,12,,,,,
6fda7e85-7dec-4840-9816-346955866148,Покраска дисков 124 на Семафорной ул,Категория кэшбэка 'Покраска дисков 124 на Семафорной ул'. Средняя ставка по данным dano.csv: 20.0%,20.00,464,7,20,,,,,
81f06b5f-f6a6-4b78-9aa0-c3f14872fcc8,Полиграфия «Тутитам» на пр-те Ветеранов,Категория кэшбэка 'Полиграфия «Тутитам» на пр-те Ветеранов'. Средняя ставка по данным dano.csv: 20.0%,20.00,629,3,7,,,,,
b2bb53b9-b4d6-4454-b8db-c0a80009495d,Помодоро на ул. Ивана Беличенко,Категория кэшбэка 'Помодоро на ул. Ивана Беличенко'. Средняя ставка по данным dano.csv: 20.0%,20.00,113,5,12,,,,,
4b3f1ee5-9dc7-41d6-b5ef-9a0953391562,Постелька 19 на ул. Катанова,Категория кэшбэка 'Постелька 19 на ул. Катанова'. Средняя ставка по данным dano.csv: 20.0%,20.00,222,7,20,,,,,
1f60bcde-06a5-4fb2-9dcb-84a73a1d3b3b,Потолочные системы «Люминайс» на ул. Атарбекова,Категория кэшбэка 'Потолочные системы «Люминайс» на ул. Атарбекова'. Средняя ставка по данным dano.csv: 20.0%,20.00,302,3,7,,,,,
193dfad0-6aaa-446b-aa36-6d64d41ddfac,Починочная №1 на Новинском б-ре,Категория кэшбэка 'Починочная №1 на Новинском б-ре'. Средняя ставка по данным dano.csv: 20.0%,20.00,516,5,12,,,,,
ff356f84-35c2-4e28-a0f8-cad07c3a7926,Приведи друга,Категория кэшбэка 'Приведи друга'. Средняя ставка по данным dano.csv: 100.0%,100.00,537,7,20,,,,,
910b9fbe-1786-4250-9fbc-4f5648662fad,"Приведи друга, Black","Категория кэшбэка 'Приведи друга, Black'. Средняя ставка по данным dano.csv: 100.0%",100.00,240,3,7,,,,,
9d55de2a-03f5-4feb-8b7f-9385654ae722,"Приведи друга, Premium","Категория кэшбэка 'Приведи друга, Premium'. Средняя ставка по данным dano.csv: 100.0%",100.00,469,5,12,,,,,
adda6a6c-c2c2-41cb-8b42-1a2d9242f360,"Приведи друга, Pro","Категория кэшбэка 'Приведи друга, Pro'. Средняя ставка по данным dano.csv: 100.0%",100.00,361,7,20,,,,,
b4cee668-5189-48f8-a7fd-4a847847f358,"Приведи друга, Инвестиции","Категория кэшбэка 'Приведи друга, Инвестиции'. Средняя ставка по данным dano.csv: 100.0%",100.00,135,3,7,,,,,
c2a01283-1ffb-41f3-a2e1-d8078f20f1f0,"Приведи друга, Т-Мобайл","Категория кэшбэка 'Приведи друга, Т-Мобайл'. Средняя ставка по данным dano.csv: 100.0%",100.00,668,5,12,,,,,
5a8a7c82-0637-4b0f-9e0a-7089acd19e9b,Принт 600 на ул Авангардная,Категория кэшбэка 'Принт 600 на ул Авангардная'. Средняя ставка по данным dano.csv: 20.0%,20.00,101,7,20,,,,,
87448cee-a2fc-4179-9a2d-6d84574aab84,Принт бюро на ул. Франкфурта,Категория кэшбэка 'Принт бюро на ул. Франкфурта'. Средняя ставка по данным dano.csv: 20.0%,20.00,116,3,7,,,,,
f29a7b93-6cd9-4dce-bceb-8f776da753f2,Принтер Сервис на ул. Косыгина,Категория кэшбэка 'Принтер Сервис на ул. Косыгина'. Средняя ставка по данным dano.csv: 20.0%,20.00,208,5,12,,,,,
fcb7c5a4-b4fd-4a7d-b6bd-b7b68e9dfcec,Притяжение мастеров на ул. Попова,Категория кэшбэка 'Притяжение мастеров на ул. Попова'. Средняя ставка по данным dano.csv: 20.0%,20.00,788,7,20,,,,,
90519dd8-0b96-4ce1-9e6f-4d33b8330c6f,Приёмник на ул. Бекетова,Категория кэшбэка 'Приёмник на ул. Бекетова'. Средняя ставка по данным dano.csv: 20.0%,20.00,381,3,7,,,,,
f7bdc55b-6ac5-4a94-8088-9073f288d2b2,Приёмник на ул. Карла Маркса,Категория кэшбэка 'Приёмник на ул. Карла Маркса'. Средняя ставка по данным dano.csv: 20.0%,20.00,656,5,12,,,,,
9a2677b8-e3f3-490f-b64b-f6b58cf3d43f,Приёмник на ул. Котельникова,Категория кэшбэка 'Приёмник на ул. Котельникова'. Средняя ставка по данным dano.csv: 20.0%,20.00,676,7,20,,,,,
6b24fe19-78fd-426d-8ddd-2c4f29f922a6,Приёмник на ул. Лескова,Категория кэшбэка 'Приёмник на ул. Лескова'. Средняя ставка по данным dano.csv: 20.0%,20.00,123,3,7,,,,,
bce6a981-7119-4e1e-85bd-183fb7b76114,Приёмник на ул. Талалушкина,Категория кэшбэка 'Приёмник на ул. Талалушкина'. Средняя ставка по данным dano.csv: 20.0%,20.00,476,5,12,,,,,
af2e4516-8ab9-443d-9eb0-0814c39f55f0,Про СТО Сервис на ул. Радужная,Категория кэшбэка 'Про СТО Сервис на ул. Радужная'. Средняя ставка по данным dano.csv: 20.0%,20.00,705,7,20,,,,,
62801688-5f12-414f-b47d-1b07a2b06356,Про Цветы на ул. Чапаева,Категория кэшбэка 'Про Цветы на ул. Чапаева'. Средняя ставка по данным dano.csv: 20.0%,20.00,376,3,7,,,,,
a0c8a60a-5a23-41af-b28b-51627aa07d35,Программирование для детей KIBERone,Категория кэшбэка 'Программирование для детей KIBERone'. Средняя ставка по данным dano.csv: 20.0%,20.00,670,5,12,,,,,
831649f6-3852-4cb9-84dc-b3cb7a38a30d,Продуктовый магазин «Элвис» на пр-те Ватутина,Категория кэшбэка 'Продуктовый магазин «Элвис» на пр-те Ватутина'. Средняя ставка по данным dano.csv: 20.0%,20.00,360,7,20,,,,,
5c6791e1-985d-4df1-9089-863fa3263059,Продуктовый магазин «Ямал» в Медицинском пер,Категория кэшбэка 'Продуктовый магазин «Ямал» в Медицинском пер'. Средняя ставка по данным dano.csv: 20.0%,20.00,542,3,7,,,,,
30efa1af-3898-409d-b8a7-952bbe0c657b,Продукты Казахстана на Молодёжной ул,Категория кэшбэка 'Продукты Казахстана на Молодёжной ул'. Средняя ставка по данным dano.csv: 20.0%,20.00,351,5,12,,,,,
d875e0a8-dd04-419d-b7a7-9fe590479878,Продукты из Греции пав. 18 на Русской ул,Категория кэшбэка 'Продукты из Греции пав. 18 на Русской ул'. Средняя ставка по данным dano.csv: 20.0%,20.00,124,7,20,,,,,
6d472e96-4217-4225-9c81-e3aba7eb5193,Прокат «Вело Кот» на Цветочной ул,Категория кэшбэка 'Прокат «Вело Кот» на Цветочной ул'. Средняя ставка по данным dano.csv: 20.0%,20.00,682,3,7,,,,,
52d267a6-c5d8-4d13-88a1-d8967bd6f239,Прокат Плюс на ул. Сосновского,Категория кэшбэка 'Прокат Плюс на ул. Сосновского'. Средняя ставка по данным dano.csv: 20.0%,20.00,499,5,12,,,,,
ddc05dfc-d538-4ebc-b029-abf087d1c278,Прокат автомобилей BULANOVRENT на Советском пр-те,Категория кэшбэка 'Прокат автомобилей BULANOVRENT на Советском пр-те'. Средняя ставка по данным dano.csv: 20.0%,20.00,388,7,20,,,,,
19b2e442-bbae-4951-b1b2-5fa73a5078c3,Просто Цветы на 7-й Красноармейской ул,Категория кэшбэка 'Просто Цветы на 7-й Красноармейской ул'. Средняя ставка по данным dano.csv: 20.0%,20.00,465,3,7,,,,,
8365df2f-11eb-4192-bfad-69572353bc64,Простосуши 42 в пер. Ушакова,Категория кэшбэка 'Простосуши 42 в пер. Ушакова'. Средняя ставка по данным dano.csv: 20.0%,20.00,485,5,12,,,,,
8f69ba63-6a6b-4499-a7b4-33b1682c48c0,Проф Металл на ул. Профсоюзная,Категория кэшбэка 'Проф Металл на ул. Профсоюзная'. Средняя ставка по данным dano.csv: 20.0%,20.00,166,7,20,,,,,
199909df-aabc-4e90-b2cf-16e489b4e948,Профессионал на ул. Кузнецова,Категория кэшбэка 'Профессионал на ул. Кузнецова'. Средняя ставка по данным dano.csv: 20.0%,20.00,287,3,7,,,,,
1c638d9c-eac6-4dfe-ab5a-f9628906ab0c,Психолог Ирина Вячеславовна,Категория кэшбэка 'Психолог Ирина Вячеславовна'. Средняя ставка по данным dano.csv: 20.0%,20.00,539,5,12,,,,,
3073a6b2-c6b7-47a1-87ab-f766be10d8f6,Психолог Титова А. В.,Категория кэшбэка 'Психолог Титова А. В.'. Средняя ставка по данным dano.csv: 20.0%,20.00,130,7,20,,,,,
646a4778-dbc0-41ab-888a-ee77480c4129,Психологический центр «Баланс» на ул. Зарубина,Категория кэшбэка 'Психологический центр «Баланс» на ул. Зарубина'. Средняя ставка по данным dano.csv: 20.0%,20.00,238,3,7,,,,,
f4f3ec3e-ad4b-4103-8bbf-38202047b221,Пятёрочка,Категория кэшбэка 'Пятёрочка'. Средняя ставка по данным dano.csv: 3.0%,3.00,557,5,12,,,,,
51465fd7-2958-4813-ab9f-801652e2a20a,Развлечения,Категория кэшбэка 'Развлечения'. Средняя ставка по данным dano.csv: 5.0%,5.01,28,7,20,,,,,
18b30701-018e-41c0-a193-65c7da87a51c,Разноцветные Цыплята на ул. Максима Горького,Категория кэшбэка 'Разноцветные Цыплята на ул. Максима Горького'. Средняя ставка по данным dano.csv: 20.0%,20.00,759,3,7,,,,,
cb3689ff-959c-4864-9d78-c71e30827896,Рахат на ул. Ильницкого,Категория кэшбэка 'Рахат на ул. Ильницкого'. Средняя ставка по данным dano.csv: 20.0%,20.00,241,5,12,,,,,
1d8bd244-8412-4803-b3df-5fe660101d42,Ре: Мобил64 на пр-те Строителей,Категория кэшбэка 'Ре: Мобил64 на пр-те Строителей'. Средняя ставка по данным dano.csv: 20.0%,20.00,451,7,20,,,,,
f67fb877-d4f0-4655-a01e-12bd42781dec,Ремонатор на ул. 1-я Тверская-Ямская,Категория кэшбэка 'Ремонатор на ул. 1-я Тверская-Ямская'. Средняя ставка по данным dano.csv: 20.0%,20.00,321,3,7,,,,,
89a54901-603d-4cbb-aa86-fa77c5065225,Ремонт и мебель,Категория кэшбэка 'Ремонт и мебель'. Средняя ставка по данным dano.csv: 5.0%,5.00,10,5,12,,,,,
478daa04-1193-484c-a2e9-fcb3ea01b270,Ремонт телефонов Kiba Service на Арцеуловской ал,Категория кэшбэка 'Ремонт телефонов Kiba Service на Арцеуловской ал'. Средняя ставка по данным dano.csv: 20.0%,20.00,613,7,20,,,,,
5fb39da4-7fc6-4a07-ab59-63ca43af13e7,Ремонт телефонов «РемЭксперт» на Московском пр-те,Категория кэшбэка 'Ремонт телефонов «РемЭксперт» на Московском пр-те'. Средняя ставка по данным dano.csv: 20.0%,20.00,264,3,7,,,,,
da663c9d-074d-4c56-bfc7-98bb91332b23,Ремонт телефонов Che на ул. Жукова,Категория кэшбэка 'Ремонт телефонов Che на ул. Жукова'. Средняя ставка по данным dano.csv: 20.0%,20.00,380,5,12,,,,,
8b7cfada-58f3-49e9-911d-0f1a2ccc692f,Ремонт часов на ул. Бабушкина,Категория кэшбэка 'Ремонт часов на ул. Бабушкина'. Средняя ставка по данным dano.csv: 20.0%,20.00,328,7,20,,,,,
7b31f9d4-1266-4699-93c7-d8b5da852f41,Ресничная на Пейзажной ул,Категория кэшбэка 'Ресничная на Пейзажной ул'. Средняя ставка по данным dano.csv: 20.0%,20.00,566,3,7,,,,,
dbc63381-ff74-4ad9-bd50-bc37b8ebd72f,Рестобар «Варшава»,Категория кэшбэка 'Рестобар «Варшава»'. Средняя ставка по данным dano.csv: 20.0%,20.00,305,5,12,,,,,
9ebb1aae-1342-4d71-a412-ca63564a2229,"Ресторан 1st Gallery Kitchen на ул. 
Шоссейная","Категория кэшбэка 'Ресторан 1st Gallery Kitchen на ул. 
Шоссейная'. Средняя ставка по данным dano.csv: 20.0%",20.00,647,7,20,,,,,
c47661c3-7c4f-470d-8249-e9d24f92b803,Ресторан Brasserie 2.0 на ул. Красная Пресня,Категория кэшбэка 'Ресторан Brasserie 2.0 на ул. Красная Пресня'. Средняя ставка по данным dano.csv: 20.0%,20.00,715,3,7,,,,,
1af4fa4d-4c82-41c5-993c-ef8717c0455a,Ресторан Bro на ул. Энгельса,Категория кэшбэка 'Ресторан Bro на ул. Энгельса'. Средняя ставка по данным dano.csv: 20.0%,20.00,755,5,12,,,,,
e78c125f-aa37-4289-a60d-58ac1cbf5f1c,Ресторан Dublin pub на Ленинградской ул,Категория кэшбэка 'Ресторан Dublin pub на Ленинградской ул'. Средняя ставка по данным dano.csv: 20.0%,20.00,234,7,20,,,,,
f68f373c-62f7-4df9-a437-39f07cd81552,Ресторан Forma на Кондратьевском пр-те,Категория кэшбэка 'Ресторан Forma на Кондратьевском пр-те'. Средняя ставка по данным dano.csv: 20.0%,20.00,565,3,7,,,,,
bab0e254-087b-4ead-99c1-074bc79522e1,Ресторан Forma на пр. Тореза,Категория кэшбэка 'Ресторан Forma на пр. Тореза'. Средняя ставка по данным dano.csv: 20.0%,20.00,749,5,12,,,,,
9a92ce46-f698-4a32-8873-cbe3f4957833,Ресторан Forma на ул. Шувалова,Категория кэшбэка 'Ресторан Forma на ул. Шувалова'. Средняя ставка по данным dano.csv: 20.0%,20.00,188,7,20,,,,,
f08180ea-1098-4734-b30d-d396b244c68a,Ресторан Forma на Красносельском ш,Категория кэшбэка 'Ресторан Forma на Красносельском ш'. Средняя ставка по данным dano.csv: 20.0%,20.00,397,3,7,,,,,
81b920fc-5d6d-4ca9-8ddd-8cefd4086669,Ресторан Relict на Смоленской ул,Категория кэшбэка 'Ресторан Relict на Смоленской ул'. Средняя ставка по данным dano.csv: 20.0%,20.00,463,5,12,,,,,
faaa4626-50d4-483a-821e-de61e698b4e2,"Ресторан Steak & Burg на просп. 
Социалистический","Категория кэшбэка 'Ресторан Steak & Burg на просп. 
Социалистический'. Средняя ставка по данным dano.csv: 20.0%",20.00,514,7,20,,,,,
4fc62cda-51e1-481c-8800-519cb6e8fa19,Ресторан «Анна» на ул. Большая Дмитровка,Категория кэшбэка 'Ресторан «Анна» на ул. Большая Дмитровка'. Средняя ставка по данным dano.csv: 20.0%,20.00,601,3,7,,,,,
d92618e3-ee7b-488e-9922-141add9097b9,Ресторан «Карельская Сыроварня»,Категория кэшбэка 'Ресторан «Карельская Сыроварня»'. Средняя ставка по данным dano.csv: 20.0%,20.00,645,5,12,,,,,
57324bbc-91be-4bf3-b33a-0d55aff72f2a,Ресторан «Мангольд» на б-ре Великой Победы,Категория кэшбэка 'Ресторан «Мангольд» на б-ре Великой Победы'. Средняя ставка по данным dano.csv: 20.0%,20.00,388,7,20,,,,,
162321ce-8fb4-435e-95fc-990838f54930,Ресторан «Ожерелье» на ул. Блюхера,Категория кэшбэка 'Ресторан «Ожерелье» на ул. Блюхера'. Средняя ставка по данным dano.csv: 20.0%,20.00,229,3,7,,,,,
70f41a89-e5a7-4765-b835-0e8d34c3146a,Ресторан «Пасанаури» на ул. Общинная,Категория кэшбэка 'Ресторан «Пасанаури» на ул. Общинная'. Средняя ставка по данным dano.csv: 20.0%,20.00,638,5,12,,,,,
028304b2-67ad-4658-ab0e-4f0e38e97eb0,Ресторан «Пасанаури» на ул. Учительская,Категория кэшбэка 'Ресторан «Пасанаури» на ул. Учительская'. Средняя ставка по данным dano.csv: 20.0%,20.00,147,7,20,,,,,
a0b97526-d948-474d-b100-7d72986b6dbb,Ресторан «Садко» на Свободной ул,Категория кэшбэка 'Ресторан «Садко» на Свободной ул'. Средняя ставка по данным dano.csv: 20.0%,20.00,434,3,7,,,,,
3c20dd94-9e82-4d33-9348-e779a5d23700,Ресторан «Царица Востока» на просп. Рязанский,Категория кэшбэка 'Ресторан «Царица Востока» на просп. Рязанский'. Средняя ставка по данным dano.csv: 20.0%,20.00,588,5,12,,,,,
9280a4bb-ef43-4f73-9233-332406692532,Ресторан Южно-Корейской кухни Bab Jib,Категория кэшбэка 'Ресторан Южно-Корейской кухни Bab Jib'. Средняя ставка по данным dano.csv: 20.0%,20.00,349,7,20,,,,,
28e98e2a-ad8d-429a-a802-fc10699ccd94,Ресторан «Ани» на ул. Грамши,Категория кэшбэка 'Ресторан «Ани» на ул. Грамши'. Средняя ставка по данным dano.csv: 20.0%,20.00,683,3,7,,,,,
36ca2646-b7ef-470d-b983-7a82f86b9384,Ресторан «Багратиони» на ул. Садовая,Категория кэшбэка 'Ресторан «Багратиони» на ул. Садовая'. Средняя ставка по данным dano.csv: 20.0%,20.00,436,5,12,,,,,
570105f2-dab0-4694-8f37-1d51bbe1cd9a,Ресторан «Бочка» на пр-те Ильича,Категория кэшбэка 'Ресторан «Бочка» на пр-те Ильича'. Средняя ставка по данным dano.csv: 20.0%,20.00,439,7,20,,,,,
4a50192b-47d6-4ead-bd61-c88ffd3e17bc,Рестораны,Категория кэшбэка 'Рестораны'. Средняя ставка по данным dano.csv: 5.0%,5.01,36,3,7,,,,,
4b13c2c7-9505-4e66-96cb-3c3d05c80dd1,Рестораны для акционеров,Категория кэшбэка 'Рестораны для акционеров'. Средняя ставка по данным dano.csv: 5.0%,5.00,782,5,12,,,,,
5cdff858-f4c5-463d-be41-385f908b5609,Рив Гош в Шопинге,Категория кэшбэка 'Рив Гош в Шопинге'. Средняя ставка по данным dano.csv: 18.8%,18.81,267,7,20,,,,,
ea05e953-123a-4332-a204-496e1d7964b8,Рис и Рыба на ул. Монтажников,Категория кэшбэка 'Рис и Рыба на ул. Монтажников'. Средняя ставка по данным dano.csv: 20.0%,20.00,250,3,7,,,,,
99397f3f-420d-4705-9e97-8505da17c488,Ролловый рай на ул. Сибиряков-Гвардейцев,Категория кэшбэка 'Ролловый рай на ул. Сибиряков-Гвардейцев'. Средняя ставка по данным dano.csv: 20.0%,20.00,238,5,12,,,,,
53bd2ab2-f33f-4c91-b613-a8e76fd6b5e6,Русский паб «Раковарня»,Категория кэшбэка 'Русский паб «Раковарня»'. Средняя ставка по данным dano.csv: 20.0%,20.00,192,7,20,,,,,
eed68183-5b2e-4577-960e-1aa3b7b8165a,Рыба и морепродукты «Шеф Порт» на ул. Б. Богаткова,Категория кэшбэка 'Рыба и морепродукты «Шеф Порт» на ул. Б. Богаткова'. Средняя ставка по данным dano.csv: 20.0%,20.00,748,3,7,,,,,
04311f8f-45e1-4fb0-9011-800e802c1c80,Рыбная лавка в ТЦ Маяк,Категория кэшбэка 'Рыбная лавка в ТЦ Маяк'. Средняя ставка по данным dano.csv: 20.0%,20.00,109,5,12,,,,,
0939ce96-05b1-4278-9014-ad4bc748a894,Рыбовый на ул. Горького,Категория кэшбэка 'Рыбовый на ул. Горького'. Средняя ставка по данным dano.csv: 20.0%,20.00,452,7,20,,,,,
e4389fba-3baa-41cc-bc59-f948b20978bd,СКТ на Мичуринском пр-те,Категория кэшбэка 'СКТ на Мичуринском пр-те'. Средняя ставка по данным dano.csv: 20.0%,20.00,400,3,7,,,,,
a7ba3ed5-5de9-44e4-8faf-ed5370224363,СТО «Профессионал» на Московском ш,Категория кэшбэка 'СТО «Профессионал» на Московском ш'. Средняя ставка по данным dano.csv: 20.0%,20.00,359,5,12,,,,,
f3bed733-b2a1-4642-bf4f-f725cf2bf009,СТО «Хорошие колеса» на ул. Софьи Перовской,Категория кэшбэка 'СТО «Хорошие колеса» на ул. Софьи Перовской'. Средняя ставка по данным dano.csv: 20.0%,20.00,215,7,20,,,,,
ff794fac-1cc6-4149-8cf2-bbb3fe19d9c1,Савади&КА на Новомытищинском пр-те,Категория кэшбэка 'Савади&КА на Новомытищинском пр-те'. Средняя ставка по данным dano.csv: 20.0%,20.00,789,3,7,,,,,
029124bf-f3eb-4663-8ee0-8a06e47484e5,Салон Nails boutique 48 в Лазоревом пр-де,Категория кэшбэка 'Салон Nails boutique 48 в Лазоревом пр-де'. Средняя ставка по данным dano.csv: 20.0%,20.00,607,5,12,,,,,
e93a9681-5fad-407a-afc9-079e4dc3710a,Салон «Бьюти Чики» на пр-те 60-летия Октября,Категория кэшбэка 'Салон «Бьюти Чики» на пр-те 60-летия Октября'. Средняя ставка по данным dano.csv: 20.0%,20.00,159,7,20,,,,,
a6fb2e03-e764-4a21-813d-c566dded6a27,Салон «Гримёрка» на ул. Братьев Смольниковых,Категория кэшбэка 'Салон «Гримёрка» на ул. Братьев Смольниковых'. Средняя ставка по данным dano.csv: 20.0%,20.00,155,3,7,,,,,
422fa6dc-ddff-43ca-83c8-9948025970a4,Салон «Красивая мама» на ул. Большая Зеленина,Категория кэшбэка 'Салон «Красивая мама» на ул. Большая Зеленина'. Средняя ставка по данным dano.csv: 20.0%,20.00,700,5,12,,,,,
16709185-b1b3-463b-aa37-aaac358fa0b0,Салон «Красивые волосы vsem» на ул. Бытырская,Категория кэшбэка 'Салон «Красивые волосы vsem» на ул. Бытырская'. Средняя ставка по данным dano.csv: 20.0%,20.00,613,7,20,,,,,
981d64c9-b460-4eb6-9c40-b78fe67099c3,Салон «Мануэль» на ул. имени Генерала Карбышева,Категория кэшбэка 'Салон «Мануэль» на ул. имени Генерала Карбышева'. Средняя ставка по данным dano.csv: 20.0%,20.00,464,3,7,,,,,
520792fa-5bf6-4675-ad6b-d7e36b3c7373,Салон «Ноготочки» на пр-те Металлургов,Категория кэшбэка 'Салон «Ноготочки» на пр-те Металлургов'. Средняя ставка по данным dano.csv: 20.0%,20.00,517,5,12,,,,,
4e1a4af6-b151-4b73-b400-ad382029cb54,Салон «Ногти Когти» на Долгоруковской ул,Категория кэшбэка 'Салон «Ногти Когти» на Долгоруковской ул'. Средняя ставка по данным dano.csv: 20.0%,20.00,796,7,20,,,,,
dd420014-7841-48aa-ba4e-70f6ddc9b7d6,Салон «Орхидея» на ул. Лебедевой,Категория кэшбэка 'Салон «Орхидея» на ул. Лебедевой'. Средняя ставка по данным dano.csv: 20.0%,20.00,749,3,7,,,,,
c818b669-eb3f-4134-bab3-434d12ed0487,Салон «Парики» в ТЦ Манхеттен,Категория кэшбэка 'Салон «Парики» в ТЦ Манхеттен'. Средняя ставка по данным dano.csv: 20.0%,20.00,266,5,12,,,,,
13c68c31-a9d3-4dbb-9880-91921350940e,Салон «Парики» на пр. Энгельса,Категория кэшбэка 'Салон «Парики» на пр. Энгельса'. Средняя ставка по данным dano.csv: 20.0%,20.00,311,7,20,,,,,
99cd9178-dc25-4866-8690-f865b04429f5,Салон «Статус» на ул. Мелик-Карамова,Категория кэшбэка 'Салон «Статус» на ул. Мелик-Карамова'. Средняя ставка по данным dano.csv: 20.0%,20.00,722,3,7,,,,,
6ecba91b-cc26-4bbd-9ab6-1ba2c2d10526,Салон косметологии «Магия эстетики» на Окском пр-те,Категория кэшбэка 'Салон косметологии «Магия эстетики» на Окском пр-те'. Средняя ставка по данным dano.csv: 20.0%,20.00,771,5,12,,,,,
8990c961-a095-4a76-89db-08d478d99a11,Салон красок и декоративных покрытий «Деруфа»,Категория кэшбэка 'Салон красок и декоративных покрытий «Деруфа»'. Средняя ставка по данным dano.csv: 20.0%,20.00,286,7,20,,,,,
47c523b5-aa62-4932-b958-c76b002bf575,Салон красоты 2018 PW на ул. Верхние Поля,Категория кэшбэка 'Салон красоты 2018 PW на ул. Верхние Поля'. Средняя ставка по данным dano.csv: 20.0%,20.00,531,3,7,,,,,
541a5f03-46df-49cc-ac8b-3ae883712ea8,Салон красоты 4Hands на Просторной ул,Категория кэшбэка 'Салон красоты 4Hands на Просторной ул'. Средняя ставка по данным dano.csv: 20.0%,20.00,164,5,12,,,,,
0c0e85bc-d772-45b7-83f6-0c1e6ad34945,Салон красоты 4hands на ул. Озерная,Категория кэшбэка 'Салон красоты 4hands на ул. Озерная'. Средняя ставка по данным dano.csv: 20.0%,20.00,713,7,20,,,,,
a5275b14-124a-4fe7-8fdb-74f7e0ec6c04,Салон красоты AfinaStar на пр-те Ленина,Категория кэшбэка 'Салон красоты AfinaStar на пр-те Ленина'. Средняя ставка по данным dano.csv: 20.0%,20.00,596,3,7,,,,,
53a71bed-b263-47d1-b455-7958b504dbb7,Салон красоты Amber на ш. Энтузиастов,Категория кэшбэка 'Салон красоты Amber на ш. Энтузиастов'. Средняя ставка по данным dano.csv: 20.0%,20.00,256,5,12,,,,,
0e061525-4726-4716-b2cb-0ecc8e75f10d,Салон красоты Ame.Beauty на ул. Академика Парина,Категория кэшбэка 'Салон красоты Ame.Beauty на ул. Академика Парина'. Средняя ставка по данным dano.csv: 20.0%,20.00,600,7,20,,,,,
8f753dc2-ba71-4647-8103-3c829d173930,Салон красоты ArLen на Воронцовском б-ре,Категория кэшбэка 'Салон красоты ArLen на Воронцовском б-ре'. Средняя ставка по данным dano.csv: 20.0%,20.00,781,3,7,,,,,
2ba78b4f-e83c-439a-8c62-97938ee5b293,Салон красоты Beauty Day на ул. Чингиза Айтматова,Категория кэшбэка 'Салон красоты Beauty Day на ул. Чингиза Айтматова'. Средняя ставка по данным dano.csv: 20.0%,20.00,327,5,12,,,,,
e9c1f562-3ff3-45bd-a546-c74a4888a930,Салон красоты BloomEl,Категория кэшбэка 'Салон красоты BloomEl'. Средняя ставка по данным dano.csv: 20.0%,20.00,302,7,20,,,,,
581923f0-4677-4ff7-9ad5-eb5af678f52a,Салон красоты Body Waxer на Гороховой ул,Категория кэшбэка 'Салон красоты Body Waxer на Гороховой ул'. Средняя ставка по данным dano.csv: 20.0%,20.00,260,3,7,,,,,
e80d89f3-344d-43b3-b79b-a4fa2481c30e,Салон красоты Calypso на пр-те М.Жукова,Категория кэшбэка 'Салон красоты Calypso на пр-те М.Жукова'. Средняя ставка по данным dano.csv: 20.0%,20.00,180,5,12,,,,,
3fe76aa3-2990-40f8-8497-4e1cbb7ca3f8,Салон красоты Carry Core на Измайловском пр-де,Категория кэшбэка 'Салон красоты Carry Core на Измайловском пр-де'. Средняя ставка по данным dano.csv: 20.0%,20.00,785,7,20,,,,,
a7b14e29-56b5-41f7-a2d6-6b748b9b744c,Салон красоты Classic 7 в мкр.Светлый,Категория кэшбэка 'Салон красоты Classic 7 в мкр.Светлый'. Средняя ставка по данным dano.csv: 20.0%,20.00,410,3,7,,,,,
d0261a52-2f81-46cb-a12a-c5db48cf5982,Салон красоты CrocoSalon на Южнобутовской ул,Категория кэшбэка 'Салон красоты CrocoSalon на Южнобутовской ул'. Средняя ставка по данным dano.csv: 20.0%,20.00,379,5,12,,,,,
c3bb21ec-b6d2-40fb-baa6-c156fe1f0907,Салон красоты Dzen,Категория кэшбэка 'Салон красоты Dzen'. Средняя ставка по данным dano.csv: 20.0%,20.00,382,7,20,,,,,
89aec11e-7e55-423b-a50d-118527fc4907,Салон красоты Dzen на ул. Ворошилова,Категория кэшбэка 'Салон красоты Dzen на ул. Ворошилова'. Средняя ставка по данным dano.csv: 20.0%,20.00,108,3,7,,,,,
106ee28f-f0f5-40bc-8b02-7be62fba9d4a,Салон красоты Eco Beauty на Бартеневской ул,Категория кэшбэка 'Салон красоты Eco Beauty на Бартеневской ул'. Средняя ставка по данным dano.csv: 20.0%,20.00,446,5,12,,,,,
8a220d34-b1ed-4472-a89e-c4fc29dfece2,"Салон красоты Golden Green на просп. 
Ленинградский","Категория кэшбэка 'Салон красоты Golden Green на просп. 
Ленинградский'. Средняя ставка по данным dano.csv: 20.0%",20.00,532,7,20,,,,,
17db1364-b451-44a6-9778-460cfedee784,Салон красоты Grand Studio на ул. 10 лет Октября,Категория кэшбэка 'Салон красоты Grand Studio на ул. 10 лет Октября'. Средняя ставка по данным dano.csv: 20.0%,20.00,304,3,7,,,,,
31cf85c9-7325-4c63-a632-7b9820a1bae2,Салон красоты LIMANI на Чистопольской ул,Категория кэшбэка 'Салон красоты LIMANI на Чистопольской ул'. Средняя ставка по данным dano.csv: 20.0%,20.00,684,5,12,,,,,
f6825d5a-89b7-446b-b553-631f34fac059,Салон красоты LaBelle на пр-те Губкина,Категория кэшбэка 'Салон красоты LaBelle на пр-те Губкина'. Средняя ставка по данным dano.csv: 20.0%,20.00,540,7,20,,,,,
00420fa6-b3d3-4ca8-8beb-0a40037bd632,Салон красоты Lady на ул. Советская,Категория кэшбэка 'Салон красоты Lady на ул. Советская'. Средняя ставка по данным dano.csv: 20.0%,20.00,439,3,7,,,,,
1a91683e-9af2-4e12-97a6-182710b2f331,Салон красоты Lucky,Категория кэшбэка 'Салон красоты Lucky'. Средняя ставка по данным dano.csv: 20.0%,20.00,218,5,12,,,,,
18f8374f-95a6-4c02-bbf1-ca9a93b429b0,Салон красоты Lucky на ул. Магнитогорская,Категория кэшбэка 'Салон красоты Lucky на ул. Магнитогорская'. Средняя ставка по данным dano.csv: 20.0%,20.00,571,7,20,,,,,
723e5f2b-2c84-4890-8cb5-172f57aac88b,Салон красоты Maniks Love Studio на б-ре Воронцовский,Категория кэшбэка 'Салон красоты Maniks Love Studio на б-ре Воронцовский'. Средняя ставка по данным dano.csv: 20.0%,20.00,364,3,7,,,,,
63871be5-e56f-4331-9c6e-d4ab5bc01ccd,Салон красоты March на пр-кте Победы,Категория кэшбэка 'Салон красоты March на пр-кте Победы'. Средняя ставка по данным dano.csv: 20.0%,20.00,158,5,12,,,,,
9165ddb0-9079-43f5-8789-909245cdf9dd,Салон красоты Matrёshka,Категория кэшбэка 'Салон красоты Matrёshka'. Средняя ставка по данным dano.csv: 20.0%,20.00,509,7,20,,,,,
68b361ea-08ec-4134-9e2b-39e4a4c10757,Салон красоты Maybe на пр-те Ленина,Категория кэшбэка 'Салон красоты Maybe на пр-те Ленина'. Средняя ставка по данным dano.csv: 20.0%,20.00,509,3,7,,,,,
491bdf68-1971-472a-bb7d-31502c97a3e4,Салон красоты Motchany на ул. Бажова,Категория кэшбэка 'Салон красоты Motchany на ул. Бажова'. Средняя ставка по данным dano.csv: 20.0%,20.00,794,5,12,,,,,
cbf35263-6dbf-4979-9b33-442227379a03,Салон красоты My LAB на Иртышской наб,Категория кэшбэка 'Салон красоты My LAB на Иртышской наб'. Средняя ставка по данным dano.csv: 20.0%,20.00,336,7,20,,,,,
9c1a9a20-3c4e-487e-b0ce-8ea04755fddd,Салон красоты Mybeauty на ул. Новотушинская,Категория кэшбэка 'Салон красоты Mybeauty на ул. Новотушинская'. Средняя ставка по данным dano.csv: 20.0%,20.00,308,3,7,,,,,
184f463b-d021-42f5-a20a-c3143afa0072,Салон красоты Nail Lounge на Ленинском пр-те,Категория кэшбэка 'Салон красоты Nail Lounge на Ленинском пр-те'. Средняя ставка по данным dano.csv: 20.0%,20.00,610,5,12,,,,,
891d2c29-626c-4b52-9f2f-8dff70efe788,Салон красоты Nude на Караульной ул,Категория кэшбэка 'Салон красоты Nude на Караульной ул'. Средняя ставка по данным dano.csv: 20.0%,20.00,399,7,20,,,,,
32a7a273-6eef-4b3d-b1ff-9840219a2841,Салон красоты One Million на ул. Мира,Категория кэшбэка 'Салон красоты One Million на ул. Мира'. Средняя ставка по данным dano.csv: 20.0%,20.00,245,3,7,,,,,
a2bd29be-1e08-45cf-9c46-58ea5d6adc70,Салон красоты Paradise на ул. Большевистская,Категория кэшбэка 'Салон красоты Paradise на ул. Большевистская'. Средняя ставка по данным dano.csv: 20.0%,20.00,464,5,12,,,,,
9cc5195d-1d3c-4f3a-9fe0-26064a0a17a6,Салон красоты Plush на б-ре Веласкеса,Категория кэшбэка 'Салон красоты Plush на б-ре Веласкеса'. Средняя ставка по данным dano.csv: 20.0%,20.00,308,7,20,,,,,
a351b58e-e49c-4f5c-8e63-1795cdeec3e4,Салон красоты Roby на ул. Люблинская,Категория кэшбэка 'Салон красоты Roby на ул. Люблинская'. Средняя ставка по данным dano.csv: 20.0%,20.00,657,3,7,,,,,
d03eccb4-dcdd-4334-bd7f-c30c50e06dd9,Салон красоты S-tet,Категория кэшбэка 'Салон красоты S-tet'. Средняя ставка по данным dano.csv: 20.0%,20.00,734,5,12,,,,,
77ac84fb-648a-41dc-8de1-05a5ef2057fa,Салон красоты Saint nails на ул. Александры Монаховой,Категория кэшбэка 'Салон красоты Saint nails на ул. Александры Монаховой'. Средняя ставка по данным dano.csv: 20.0%,20.00,196,7,20,,,,,
4daf71f7-8df3-4a3d-95a2-29a67d711b59,Салон красоты Sh Beauty Shelter на ул. Харлампиева,Категория кэшбэка 'Салон красоты Sh Beauty Shelter на ул. Харлампиева'. Средняя ставка по данным dano.csv: 20.0%,20.00,625,3,7,,,,,
58f55873-2b13-484a-85b6-696328eecd55,Салон красоты Sova на ул. Лавочкина,Категория кэшбэка 'Салон красоты Sova на ул. Лавочкина'. Средняя ставка по данным dano.csv: 20.0%,20.00,760,5,12,,,,,
d513b743-e158-42a7-b06b-07cc17008c4a,Салон красоты Tint на ул. Борисова,Категория кэшбэка 'Салон красоты Tint на ул. Борисова'. Средняя ставка по данным dano.csv: 20.0%,20.00,269,7,20,,,,,
e2ccf86c-b0dc-48dd-bd36-d6efec39b7f8,Салон красоты Tkach Beauty на Комендантском пр-те,Категория кэшбэка 'Салон красоты Tkach Beauty на Комендантском пр-те'. Средняя ставка по данным dano.csv: 20.0%,20.00,798,3,7,,,,,
f2b45c9a-8fb3-4fde-8097-00782c70fe71,Салон красоты TopLaser Pro в Лыжном пер,Категория кэшбэка 'Салон красоты TopLaser Pro в Лыжном пер'. Средняя ставка по данным dano.csv: 20.0%,20.00,318,5,12,,,,,
1b0679db-f5d5-48a1-8891-9719f8baa78b,Салон красоты Upgrade на Люблинской ул,Категория кэшбэка 'Салон красоты Upgrade на Люблинской ул'. Средняя ставка по данным dano.csv: 20.0%,20.00,416,7,20,,,,,
360fa830-cdd0-4aab-8a91-31cd69395b6d,Салон красоты Urban Beauty,Категория кэшбэка 'Салон красоты Urban Beauty'. Средняя ставка по данным dano.csv: 20.0%,20.00,293,3,7,,,,,
ab1e61ed-e2ab-4cd0-bd56-a68554dd3a6d,Салон красоты  «Для вас» на пр. Победы,Категория кэшбэка 'Салон красоты  «Для вас» на пр. Победы'. Средняя ставка по данным dano.csv: 20.0%,20.00,782,5,12,,,,,
c7a7cb14-7e2b-477b-a992-bdd72901a2b6,Салон красоты «50 Оттенков»,Категория кэшбэка 'Салон красоты «50 Оттенков»'. Средняя ставка по данным dano.csv: 20.0%,20.00,793,7,20,,,,,
32fb58f8-f5c5-407a-8ccb-dd915bdbee92,Салон красоты «АРС» на ул. 2-я Владимирская,Категория кэшбэка 'Салон красоты «АРС» на ул. 2-я Владимирская'. Средняя ставка по данным dano.csv: 20.0%,20.00,491,3,7,,,,,
bb63a9c4-f047-4a55-8d70-5e1519eb4934,Салон красоты «Амбассадор»,Категория кэшбэка 'Салон красоты «Амбассадор»'. Средняя ставка по данным dano.csv: 20.0%,20.00,222,5,12,,,,,
e25e91f8-d0aa-40be-9c12-5848c6bf2e47,Салон красоты «Бэлла Студио» на Авангардной ул,Категория кэшбэка 'Салон красоты «Бэлла Студио» на Авангардной ул'. Средняя ставка по данным dano.csv: 20.0%,20.00,316,7,20,,,,,
a9edc528-ff81-48b3-8b7d-8ab2198e0ffc,Салон красоты «Ведьмин Дом» на Первомайской ул,Категория кэшбэка 'Салон красоты «Ведьмин Дом» на Первомайской ул'. Средняя ставка по данным dano.csv: 20.0%,20.00,668,3,7,,,,,
a6d5c866-1e93-4835-9d89-662a5464ff0e,Салон красоты «Вирсалия» на Пресненской наб,Категория кэшбэка 'Салон красоты «Вирсалия» на Пресненской наб'. Средняя ставка по данным dano.csv: 20.0%,20.00,700,5,12,,,,,
d3ce9163-8cb0-4413-baf7-d36adf07952c,Салон красоты «Изюминка» на ул. Новаторов,Категория кэшбэка 'Салон красоты «Изюминка» на ул. Новаторов'. Средняя ставка по данным dano.csv: 20.0%,20.00,249,7,20,,,,,
7ac46ca7-b0fe-42e9-9cd9-7e982996c9ec,Салон красоты «Имидж бар» на ул. Молодогвардейская,Категория кэшбэка 'Салон красоты «Имидж бар» на ул. Молодогвардейская'. Средняя ставка по данным dano.csv: 20.0%,20.00,561,3,7,,,,,
637e2330-13bf-46c1-9162-1834a807c97f,Салон красоты «История волос» на ул. Мужества,Категория кэшбэка 'Салон красоты «История волос» на ул. Мужества'. Средняя ставка по данным dano.csv: 20.0%,20.00,428,5,12,,,,,
35fa05f1-f021-4a50-a60a-9043fa7caa8a,Салон красоты «Италия» на ул. Королёва,Категория кэшбэка 'Салон красоты «Италия» на ул. Королёва'. Средняя ставка по данным dano.csv: 20.0%,20.00,686,7,20,,,,,
ef99af02-dd1c-4533-a29a-7682f1cca02b,Салон красоты «Катрин» на ул. Ленина,Категория кэшбэка 'Салон красоты «Катрин» на ул. Ленина'. Средняя ставка по данным dano.csv: 20.0%,20.00,554,3,7,,,,,
297b8641-98fe-4f3d-97a8-82a6783e8127,Салон красоты «Коты» на Московском пр-те,Категория кэшбэка 'Салон красоты «Коты» на Московском пр-те'. Средняя ставка по данным dano.csv: 20.0%,20.00,553,5,12,,,,,
07acc8f2-77cc-4ff9-afe3-ac6d3a567e8e,Салон красоты «Лайм» в пер. Ново-Киевский,Категория кэшбэка 'Салон красоты «Лайм» в пер. Ново-Киевский'. Средняя ставка по данным dano.csv: 20.0%,20.00,743,7,20,,,,,
b92e99c4-feff-493a-93b1-239662276321,Салон красоты «Лотос» на ул. 40 лет Октября,Категория кэшбэка 'Салон красоты «Лотос» на ул. 40 лет Октября'. Средняя ставка по данным dano.csv: 20.0%,20.00,253,3,7,,,,,
c3e6f668-2b5d-4c0c-b011-9d6254ca3826,Салон красоты «Ма Шери» на ул. Колычева,Категория кэшбэка 'Салон красоты «Ма Шери» на ул. Колычева'. Средняя ставка по данным dano.csv: 20.0%,20.00,367,5,12,,,,,
d52e7cc4-2c5d-44bd-aa20-b83205cd8091,Салон красоты «Мандаринка» на б. Воронцовский,Категория кэшбэка 'Салон красоты «Мандаринка» на б. Воронцовский'. Средняя ставка по данным dano.csv: 20.0%,20.00,402,7,20,,,,,
76a536c8-78c7-4b39-a1d2-e15ba33c7ae0,Салон красоты «Мускат» на Уинской ул,Категория кэшбэка 'Салон красоты «Мускат» на Уинской ул'. Средняя ставка по данным dano.csv: 20.0%,20.00,546,3,7,,,,,
c3327bf9-3e96-40a0-8a06-fb2315f18e3f,Салон красоты «Намечтала» на Роторной ул,Категория кэшбэка 'Салон красоты «Намечтала» на Роторной ул'. Средняя ставка по данным dano.csv: 20.0%,20.00,526,5,12,,,,,
46c3ad93-ad62-4b11-998e-cc15ae07fc7a,Салон красоты «Народный» на ул. Шоссейная,Категория кэшбэка 'Салон красоты «Народный» на ул. Шоссейная'. Средняя ставка по данным dano.csv: 20.0%,20.00,610,7,20,,,,,
59c2a059-a7dc-4ce5-b5ca-4354a7bbe321,Салон красоты «Пятница» на ул. Менделеева,Категория кэшбэка 'Салон красоты «Пятница» на ул. Менделеева'. Средняя ставка по данным dano.csv: 20.0%,20.00,597,3,7,,,,,
83a33b86-dfcb-466a-b2f4-0fc419203f38,Салон красоты «Революция» на Нижней ул,Категория кэшбэка 'Салон красоты «Революция» на Нижней ул'. Средняя ставка по данным dano.csv: 20.0%,20.00,626,5,12,,,,,
d835076c-2be7-4699-bfe5-b94cc945df05,Салон красоты «Современная Гармония Красоты»,Категория кэшбэка 'Салон красоты «Современная Гармония Красоты»'. Средняя ставка по данным dano.csv: 20.0%,20.00,392,7,20,,,,,
3cc7f6bd-1c4e-4b2c-b08c-bcf4a969abce,Салон красоты «Таника» на ул. Новая,Категория кэшбэка 'Салон красоты «Таника» на ул. Новая'. Средняя ставка по данным dano.csv: 20.0%,20.00,234,3,7,,,,,
be50346d-5f3c-4dac-a7da-7cd517e03701,Салон красоты «Твой Образ» на Воскресенской ул,Категория кэшбэка 'Салон красоты «Твой Образ» на Воскресенской ул'. Средняя ставка по данным dano.csv: 20.0%,20.00,526,5,12,,,,,
8129bc96-54de-46c4-80fe-94559825ab88,Салон красоты «Твой район» на ул. Школьная,Категория кэшбэка 'Салон красоты «Твой район» на ул. Школьная'. Средняя ставка по данным dano.csv: 20.0%,20.00,508,7,20,,,,,
55adc60e-651b-4a22-8fa2-85ee6c50f727,Салон красоты «Форма» на Полевой ул,Категория кэшбэка 'Салон красоты «Форма» на Полевой ул'. Средняя ставка по данным dano.csv: 20.0%,20.00,750,3,7,,,,,
35f94321-86a3-4dce-a798-d206eb351524,Салон красоты «Хеир Дилер» на Вокзальной ул,Категория кэшбэка 'Салон красоты «Хеир Дилер» на Вокзальной ул'. Средняя ставка по данным dano.csv: 20.0%,20.00,254,5,12,,,,,
2794696d-9438-485a-88cc-561da6862d56,"Салон красоты «Цветалета» МКАД, 47-й км","Категория кэшбэка 'Салон красоты «Цветалета» МКАД, 47-й км'. Средняя ставка по данным dano.csv: 20.0%",20.00,445,7,20,,,,,
932ef0ee-7507-4a10-95e4-8f558d52cbac,Салон красоты «Цирюльникъ» на ул. Генерала Варенникова,Категория кэшбэка 'Салон красоты «Цирюльникъ» на ул. Генерала Варенникова'. Средняя ставка по данным dano.csv: 20.0%,20.00,409,3,7,,,,,
1c66ed3a-671c-4ed9-8bb7-b8341de16b36,Салон красоты «Эдем» на Холмогорской ул,Категория кэшбэка 'Салон красоты «Эдем» на Холмогорской ул'. Средняя ставка по данным dano.csv: 20.0%,20.00,187,5,12,,,,,
7fa96847-923f-44fb-a859-c22f5e578541,Салон красоты «Я на маникюре» на ул. Корнилаева,Категория кэшбэка 'Салон красоты «Я на маникюре» на ул. Корнилаева'. Средняя ставка по данным dano.csv: 20.0%,20.00,437,7,20,,,,,
bfce8a72-9942-4c92-9a57-3bbc3b843ca8,Салон красоты «Яна Крио» на ул. Мира,Категория кэшбэка 'Салон красоты «Яна Крио» на ул. Мира'. Средняя ставка по данным dano.csv: 20.0%,20.00,398,3,7,,,,,
4a831ed2-edf6-4330-bb6d-76ca659cd077,Салон красоты Татьяны Захаровой на ул. Марата,Категория кэшбэка 'Салон красоты Татьяны Захаровой на ул. Марата'. Средняя ставка по данным dano.csv: 20.0%,20.00,716,5,12,,,,,
4e0c64d9-1ea3-4b65-88ee-c742a640f832,Салон красоты на Скобелевской ул,Категория кэшбэка 'Салон красоты на Скобелевской ул'. Средняя ставка по данным dano.csv: 20.0%,20.00,290,7,20,,,,,
5b26c05d-1593-4c64-9164-d598e492ccca,Салон красоты «КосМас» на пр-те Свободный,Категория кэшбэка 'Салон красоты «КосМас» на пр-те Свободный'. Средняя ставка по данным dano.csv: 20.0%,20.00,650,3,7,,,,,
462d9687-ed9d-46cc-a67f-116e77ae3476,Салон красоты «Мадмуазель Коко» на пр-те Ленина,Категория кэшбэка 'Салон красоты «Мадмуазель Коко» на пр-те Ленина'. Средняя ставка по данным dano.csv: 20.0%,20.00,216,5,12,,,,,
a43b0d5f-dd73-44be-80ef-f565ccc972d8,Салон красоты «Райский Сад» на ул. Луначарского,Категория кэшбэка 'Салон красоты «Райский Сад» на ул. Луначарского'. Средняя ставка по данным dano.csv: 20.0%,20.00,681,7,20,,,,,
059dce88-243a-4a4d-882a-f0c67ed72ff4,Салон красоты «Стильбери» на ул. Германа Титова,Категория кэшбэка 'Салон красоты «Стильбери» на ул. Германа Титова'. Средняя ставка по данным dano.csv: 20.0%,20.00,347,3,7,,,,,
1a4e3f29-e636-468d-92b0-e185dbf8f804,Салон массажа Styx Silk Body на Большой Почтовой ул,Категория кэшбэка 'Салон массажа Styx Silk Body на Большой Почтовой ул'. Средняя ставка по данным dano.csv: 20.0%,20.00,315,5,12,,,,,
15edcc5d-1083-407c-b5f3-3aba44829aca,Салон массажа «Скульптор» на Парашютной ул,Категория кэшбэка 'Салон массажа «Скульптор» на Парашютной ул'. Средняя ставка по данным dano.csv: 20.0%,20.00,292,7,20,,,,,
4d0fa428-be86-4dcc-82b7-d73a0c3777df,Салон мебели «Индивид» в ТЦ Балашовский пассаж,Категория кэшбэка 'Салон мебели «Индивид» в ТЦ Балашовский пассаж'. Средняя ставка по данным dano.csv: 20.0%,20.00,464,3,7,,,,,
f073203b-fac8-4252-a571-e1bd919c8432,Салон оптики Si Optics на Новослободской ул,Категория кэшбэка 'Салон оптики Si Optics на Новослободской ул'. Средняя ставка по данным dano.csv: 20.0%,20.00,347,5,12,,,,,
9a73d9df-42dd-476e-8435-ab33aff046b1,Салон оптики «Айкрафт» на ул. Набережной,Категория кэшбэка 'Салон оптики «Айкрафт» на ул. Набережной'. Средняя ставка по данным dano.csv: 20.0%,20.00,333,7,20,,,,,
adf628ef-4176-4520-987e-aca624d3ae69,Салон оптики «Линзочка» на пр-те Победы,Категория кэшбэка 'Салон оптики «Линзочка» на пр-те Победы'. Средняя ставка по данным dano.csv: 20.0%,20.00,669,3,7,,,,,
940c44ba-886b-4a90-8576-c1a092c5359e,Салон оптики «Ок Оптика» на Московской ул,Категория кэшбэка 'Салон оптики «Ок Оптика» на Московской ул'. Средняя ставка по данным dano.csv: 20.0%,20.00,773,5,12,,,,,
26dd5956-4eba-44ee-bf3b-f53e52039231,Салон оптики «Свет» на ул. имени В.М. Комарова,Категория кэшбэка 'Салон оптики «Свет» на ул. имени В.М. Комарова'. Средняя ставка по данным dano.csv: 20.0%,20.00,517,7,20,,,,,
6c9a053b-a1eb-4ef2-8d78-e546d36113f8,Салон цветов «Мята» на Ярыгинской наб,Категория кэшбэка 'Салон цветов «Мята» на Ярыгинской наб'. Средняя ставка по данным dano.csv: 20.0%,20.00,650,3,7,,,,,
2ccfd8a3-f4fe-452d-88a3-d882fdd54c75,Салон цветов «Привилегия» в ЖК Привилегия,Категория кэшбэка 'Салон цветов «Привилегия» в ЖК Привилегия'. Средняя ставка по данным dano.csv: 20.0%,20.00,561,5,12,,,,,
1e3a1e42-580f-4436-ae5f-c4a09faaf539,Салон цветов «Роза Ругоза» на ул. Пушкина,Категория кэшбэка 'Салон цветов «Роза Ругоза» на ул. Пушкина'. Средняя ставка по данным dano.csv: 20.0%,20.00,747,7,20,,,,,
a74dc691-b5af-46f5-b207-ab5665fda5fe,Салон цветов «Роза Ругоза» на ул. Челюскинцев,Категория кэшбэка 'Салон цветов «Роза Ругоза» на ул. Челюскинцев'. Средняя ставка по данным dano.csv: 20.0%,20.00,238,3,7,,,,,
652e2d93-42fc-47c9-933a-b06b15ecdaae,Салон цветов «Сад Эльфов» на ул. Гризодубовой,Категория кэшбэка 'Салон цветов «Сад Эльфов» на ул. Гризодубовой'. Средняя ставка по данным dano.csv: 20.0%,20.00,791,5,12,,,,,
0fd79447-c241-4e67-8479-70d4f05e37a1,Салон цветов «Хлоя»,Категория кэшбэка 'Салон цветов «Хлоя»'. Средняя ставка по данным dano.csv: 20.0%,20.00,289,7,20,,,,,
aa6a90e3-7566-4d28-b904-09499a472d46,Салон цветов «Хлоя» на Комсомольском пр-те,Категория кэшбэка 'Салон цветов «Хлоя» на Комсомольском пр-те'. Средняя ставка по данным dano.csv: 20.0%,20.00,345,3,7,,,,,
646b303c-2d15-4fd4-8873-3fc4e821f743,Салон цветов «Яни Букет» на ул.Генерала Белова,Категория кэшбэка 'Салон цветов «Яни Букет» на ул.Генерала Белова'. Средняя ставка по данным dano.csv: 20.0%,20.00,786,5,12,,,,,
6d0af460-33e7-40bc-82f5-7e4fcdd0a46b,Салон часов «Яна» на ул. Космонавтов,Категория кэшбэка 'Салон часов «Яна» на ул. Космонавтов'. Средняя ставка по данным dano.csv: 20.0%,20.00,710,7,20,,,,,
dd9c7538-600b-4b67-be0b-c0e62de69d62,Салон штор «Декор и Дизайн» на Новочеркасском бул,Категория кэшбэка 'Салон штор «Декор и Дизайн» на Новочеркасском бул'. Средняя ставка по данным dano.csv: 20.0%,20.00,740,3,7,,,,,
eab054e3-4642-4ca0-8cc2-5a8e09b3bb47,Салон штор «Классика текстиля» на ул. Карла Маркса,Категория кэшбэка 'Салон штор «Классика текстиля» на ул. Карла Маркса'. Средняя ставка по данным dano.csv: 20.0%,20.00,684,5,12,,,,,
05b05061-1851-46e2-9db8-a3c6b160457d,Салоны красоты «Нара Бьюти» на Школьной ул,Категория кэшбэка 'Салоны красоты «Нара Бьюти» на Школьной ул'. Средняя ставка по данным dano.csv: 20.0%,20.00,719,7,20,,,,,
4c300ea1-26bc-4392-9262-b094f7a4cba3,СатуроАвто на ул. Мельникайте,Категория кэшбэка 'СатуроАвто на ул. Мельникайте'. Средняя ставка по данным dano.csv: 20.0%,20.00,635,3,7,,,,,
534bb66a-f9da-49a3-a709-7534ee5911e7,Свежие розы на Комсомольском пр..,Категория кэшбэка 'Свежие розы на Комсомольском пр..'. Средняя ставка по данным dano.csv: 20.0%,20.00,195,5,12,,,,,
e3959bbd-73dd-446a-b179-9d0cdbb29beb,Свет Авто на ул. Еременко,Категория кэшбэка 'Свет Авто на ул. Еременко'. Средняя ставка по данным dano.csv: 20.0%,20.00,603,7,20,,,,,
30645d90-89f2-4b58-a981-0dd197c7fd65,Свои да наши на Западной ул,Категория кэшбэка 'Свои да наши на Западной ул'. Средняя ставка по данным dano.csv: 20.0%,20.00,353,3,7,,,,,
cd09c7f3-0eeb-4f04-a03f-ee0a7a373a3c,СвойАвтосервис на ул.Трудовые Резервы,Категория кэшбэка 'СвойАвтосервис на ул.Трудовые Резервы'. Средняя ставка по данным dano.csv: 20.0%,20.00,380,5,12,,,,,
e8033d65-2850-40fd-a88c-e3963a654b97,Своя Тара пр-кт Столетова,Категория кэшбэка 'Своя Тара пр-кт Столетова'. Средняя ставка по данным dano.csv: 20.0%,20.00,470,7,20,,,,,
3ca90055-7a5b-479b-b818-7ac1bf6746b9,Секонд-хенд в ТЦ Сфера,Категория кэшбэка 'Секонд-хенд в ТЦ Сфера'. Средняя ставка по данным dano.csv: 20.0%,20.00,290,3,7,,,,,
c86eb908-aaf3-49f8-b3f9-ceb764721d2b,Семейное бистро TRACE на Ставропольской ул,Категория кэшбэка 'Семейное бистро TRACE на Ставропольской ул'. Средняя ставка по данным dano.csv: 20.0%,20.00,262,5,12,,,,,
c2c2e6cc-f8fb-4bfa-a7fe-2599e53b703d,Семейный акваклуб STARFISH в пр-де Шелихова,Категория кэшбэка 'Семейный акваклуб STARFISH в пр-де Шелихова'. Средняя ставка по данным dano.csv: 20.0%,20.00,379,7,20,,,,,
e09b69f1-56eb-4eb4-ab70-9be769beea97,Семейный клуб «Родители на старте» на Окском пр-те,Категория кэшбэка 'Семейный клуб «Родители на старте» на Окском пр-те'. Средняя ставка по данным dano.csv: 20.0%,20.00,469,3,7,,,,,
ae0964d9-863f-45cc-a92a-e209f13deca0,Семейный локатор «Где мои дети» в Т-Банк,Категория кэшбэка 'Семейный локатор «Где мои дети» в Т-Банк'. Средняя ставка по данным dano.csv: 33.5%,33.48,755,5,12,,,,,
593ae560-0d42-467f-a9c1-c10fd9063557,Семейный флорист на ул. Крылова,Категория кэшбэка 'Семейный флорист на ул. Крылова'. Средняя ставка по данным dano.csv: 20.0%,20.00,286,7,20,,,,,
4529645b-f85c-4cbc-9906-aaafa10a2d1b,Сервис Premium в подарок,Категория кэшбэка 'Сервис Premium в подарок'. Средняя ставка по данным dano.csv: 10.0%,10.00,279,3,7,,,,,
e2c85d40-9c4b-410e-8a0d-6da4eb109bb9,Сервис Private,Категория кэшбэка 'Сервис Private'. Средняя ставка по данным dano.csv: 100.0%,100.00,720,5,12,,,,,
f7cd5772-7202-4c36-81f9-e04f23211165,Сервис «Ремонт электроники» на Ярославской ул,Категория кэшбэка 'Сервис «Ремонт электроники» на Ярославской ул'. Средняя ставка по данным dano.csv: 20.0%,20.00,748,7,20,,,,,
572b8633-1a05-493f-acbd-e3a6d1683bea,Сервисный центр 64 на ул. Т.Г. Шевченко,Категория кэшбэка 'Сервисный центр 64 на ул. Т.Г. Шевченко'. Средняя ставка по данным dano.csv: 20.0%,20.00,714,3,7,,,,,
0a02587a-4722-4d27-b3fe-cb28745872cb,Сервисный центр OGPro на ул. Бориса Галушкина,Категория кэшбэка 'Сервисный центр OGPro на ул. Бориса Галушкина'. Средняя ставка по данным dano.csv: 20.0%,20.00,457,5,12,,,,,
abca0451-1b74-4a96-a46f-1009b5d9c6e3,Сервисный центр Upgrade and Repair на Душистой ул,Категория кэшбэка 'Сервисный центр Upgrade and Repair на Душистой ул'. Средняя ставка по данным dano.csv: 20.0%,20.00,579,7,20,,,,,
facda264-2a74-4041-9182-c741120338a5,Сервисный центр nb66 на ул. Бакинских Комиссаров,Категория кэшбэка 'Сервисный центр nb66 на ул. Бакинских Комиссаров'. Средняя ставка по данным dano.csv: 20.0%,20.00,613,3,7,,,,,
6a63a17f-3939-49ff-b83f-04a0586bd82d,Сервисный центр «Заправка 5» на ул. Гурьева,Категория кэшбэка 'Сервисный центр «Заправка 5» на ул. Гурьева'. Средняя ставка по данным dano.csv: 20.0%,20.00,154,5,12,,,,,
40ff0aa7-550b-4c1e-9892-06e858b6fd68,Сервисный центр «Профиксит» на ул. Профессиональная,Категория кэшбэка 'Сервисный центр «Профиксит» на ул. Профессиональная'. Средняя ставка по данным dano.csv: 20.0%,20.00,126,7,20,,,,,
8d59595c-7040-4399-af40-35e72660b9b8,Сервисный центр и аксессуары Pro134 Max на ул. Научная,Категория кэшбэка 'Сервисный центр и аксессуары Pro134 Max на ул. Научная'. Средняя ставка по данным dano.csv: 20.0%,20.00,616,3,7,,,,,
cddd1206-ce6a-405b-95dc-990000688c50,Сибирика СПА на ул. Ленина,Категория кэшбэка 'Сибирика СПА на ул. Ленина'. Средняя ставка по данным dano.csv: 20.0%,20.00,659,5,12,,,,,
1555e398-9acf-404f-a523-514373f9a5d7,Сибирский центр флористики на ул. Урицкого,Категория кэшбэка 'Сибирский центр флористики на ул. Урицкого'. Средняя ставка по данным dano.csv: 20.0%,20.00,152,7,20,,,,,
c5043543-b8aa-4508-a4a3-d607668d96b0,Синема Парк,Категория кэшбэка 'Синема Парк'. Средняя ставка по данным dano.csv: 5.0%,5.00,526,3,7,,,,,
cd3d65d9-6db4-4a53-8640-f3ebf9d98dd7,Ситилинк в Шопинге,Категория кэшбэка 'Ситилинк в Шопинге'. Средняя ставка по данным dano.csv: 18.8%,18.82,498,5,12,,,,,
f5f4c0b9-2237-4932-b716-caba7729166d,Скалодром «Вместе» на пр-те Космонавтов,Категория кэшбэка 'Скалодром «Вместе» на пр-те Космонавтов'. Средняя ставка по данным dano.csv: 20.0%,20.00,166,7,20,,,,,
c14874d3-8112-4e45-8768-3cd48ad61912,Сладкоежка на ул. Вокзальная,Категория кэшбэка 'Сладкоежка на ул. Вокзальная'. Средняя ставка по данным dano.csv: 20.0%,20.00,476,3,7,,,,,
8b132ee7-aa6e-49a3-82ee-807aca564868,Сластена на ул. Горького,Категория кэшбэка 'Сластена на ул. Горького'. Средняя ставка по данным dano.csv: 20.0%,20.00,656,5,12,,,,,
7e126bae-4791-43e2-8003-b7c12cf235a2,Смайличи на пр-те Шинников,Категория кэшбэка 'Смайличи на пр-те Шинников'. Средняя ставка по данным dano.csv: 20.0%,20.00,340,7,20,,,,,
4a6d864c-8450-496a-8803-bebaec4ac4c5,Смак точка в Студенческом пр-де,Категория кэшбэка 'Смак точка в Студенческом пр-де'. Средняя ставка по данным dano.csv: 20.0%,20.00,486,3,7,,,,,
d1631a9a-1fbb-4d9d-8d58-036e7349049f,Смоленская изба на Большой Советской ул,Категория кэшбэка 'Смоленская изба на Большой Советской ул'. Средняя ставка по данным dano.csv: 20.0%,20.00,468,5,12,,,,,
a54e8116-f958-4a03-a389-8da869c30d1b,"Смотри, Цветы на ул. 
ул. Тимирязева","Категория кэшбэка 'Смотри, Цветы на ул. 
ул. Тимирязева'. Средняя ставка по данным dano.csv: 20.0%",20.00,678,7,20,,,,,
609199a0-c56a-4cb5-97df-0796916f64a1,Сова и Дуб на ул Карла Маркса,Категория кэшбэка 'Сова и Дуб на ул Карла Маркса'. Средняя ставка по данным dano.csv: 20.0%,20.00,774,3,7,,,,,
bd8bfffe-1978-429c-9c27-cc8030041da5,Спа-салон «Тайга» на ул. Некрасова,Категория кэшбэка 'Спа-салон «Тайга» на ул. Некрасова'. Средняя ставка по данным dano.csv: 20.0%,20.00,625,5,12,,,,,
7507f467-6bf6-4d29-b349-bb1e2e492b77,Спа-салон «Феникс-С» на Первомайской ул,Категория кэшбэка 'Спа-салон «Феникс-С» на Первомайской ул'. Средняя ставка по данным dano.csv: 20.0%,20.00,792,7,20,,,,,
6ec1bf33-8b20-4317-95dd-9b6c76c2bcb0,Спа-студия «Монрепо» на Загребском б-ре,Категория кэшбэка 'Спа-студия «Монрепо» на Загребском б-ре'. Средняя ставка по данным dano.csv: 20.0%,20.00,595,3,7,,,,,
8cd7ce98-d777-4a7d-bde6-22a9baacd3af,Спа-студия «Эстетик 76» на ул. Бабича,Категория кэшбэка 'Спа-студия «Эстетик 76» на ул. Бабича'. Средняя ставка по данным dano.csv: 20.0%,20.00,210,5,12,,,,,
66eb393b-9df6-45f5-8322-6e43efceb512,Спа-центр «Атма-Сфера» на ул. Тухачевского,Категория кэшбэка 'Спа-центр «Атма-Сфера» на ул. Тухачевского'. Средняя ставка по данным dano.csv: 20.0%,20.00,467,7,20,,,,,
8187c000-d095-418b-95e9-c6a6127bdfef,Спа-центр «Сфера» на Запорожской ул,Категория кэшбэка 'Спа-центр «Сфера» на Запорожской ул'. Средняя ставка по данным dano.csv: 20.0%,20.00,168,3,7,,,,,
4c74d20f-f2ba-4a65-900c-d12b9c7d54af,Сплетни и кофе на пр-те Ленина,Категория кэшбэка 'Сплетни и кофе на пр-те Ленина'. Средняя ставка по данным dano.csv: 20.0%,20.00,172,5,12,,,,,
c0f8b7e7-38f9-45c2-a5db-71e0b4c37476,Спорт,Категория кэшбэка 'Спорт'. Средняя ставка по данным dano.csv: 5.0%,5.00,758,7,20,,,,,
38ffe7bc-7508-41a3-8656-9eaf3ae6a4e0,Спортивное питание Body-pit.ru в ТЦ Простор,Категория кэшбэка 'Спортивное питание Body-pit.ru в ТЦ Простор'. Средняя ставка по данным dano.csv: 20.0%,20.00,440,3,7,,,,,
7a538f5e-92fe-48e4-9b35-badcee014253,Спортивное питание Boost на ул. Кирова,Категория кэшбэка 'Спортивное питание Boost на ул. Кирова'. Средняя ставка по данным dano.csv: 20.0%,20.00,649,5,12,,,,,
3634f899-93f8-4b70-a0a7-22c6c0eeecb7,Спортивное питание Refitmint на ул. Савушкина,Категория кэшбэка 'Спортивное питание Refitmint на ул. Савушкина'. Средняя ставка по данным dano.csv: 20.0%,20.00,162,7,20,,,,,
f84d3c96-3d5f-44cd-9423-d7c45c1639ee,Спортивные товары в Шопинге,Категория кэшбэка 'Спортивные товары в Шопинге'. Средняя ставка по данным dano.csv: 18.7%,18.68,748,3,7,,,,,
52620afa-e212-4012-a536-ff70e8f8cf7e,Спортмастер в Шопинге,Категория кэшбэка 'Спортмастер в Шопинге'. Средняя ставка по данным dano.csv: 18.7%,18.75,714,5,12,,,,,
103b5cf5-bb33-4b0e-abed-cb57ec849cd8,Спорттовары,Категория кэшбэка 'Спорттовары'. Средняя ставка по данным dano.csv: 5.0%,5.00,16,7,20,,,,,
46230d34-1a4f-4718-8cc1-474b25dda67e,Старик Хинкалыч,Категория кэшбэка 'Старик Хинкалыч'. Средняя ставка по данным dano.csv: 5.0%,5.00,754,3,7,,,,,
2e36dbb1-8671-407a-9d58-22b7b446c935,Стокманн,Категория кэшбэка 'Стокманн'. Средняя ставка по данным dano.csv: 5.0%,5.00,760,5,12,,,,,
963eae31-4615-4b62-89d4-f69885ead091,Столовая «Вкус дома» на Комсомольской ул,Категория кэшбэка 'Столовая «Вкус дома» на Комсомольской ул'. Средняя ставка по данным dano.csv: 20.0%,20.00,200,7,20,,,,,
aa9856dd-95a5-4d80-8468-b0d4107bc544,Столовая «Приличная» на Байкальской ул,Категория кэшбэка 'Столовая «Приличная» на Байкальской ул'. Средняя ставка по данным dano.csv: 20.0%,20.00,714,3,7,,,,,
692fb473-755f-4548-b058-39626b3d8d06,Столовая СПБГУ на ул. Чайковского,Категория кэшбэка 'Столовая СПБГУ на ул. Чайковского'. Средняя ставка по данным dano.csv: 20.0%,20.00,237,5,12,,,,,
e12810a0-68ed-439e-8ae3-49d46c2394af,Столовая на Татарской ул,Категория кэшбэка 'Столовая на Татарской ул'. Средняя ставка по данным dano.csv: 20.0%,20.00,441,7,20,,,,,
29141f5e-7fca-47e4-83f1-c82062a1b55f,Столовая на ул. Фрунзе,Категория кэшбэка 'Столовая на ул. Фрунзе'. Средняя ставка по данным dano.csv: 20.0%,20.00,202,3,7,,,,,
01fc5cb0-527c-4f49-94dc-de2447f37172,Столовая «Еда тут» на ул. Мира,Категория кэшбэка 'Столовая «Еда тут» на ул. Мира'. Средняя ставка по данным dano.csv: 20.0%,20.00,209,5,12,,,,,
d13abd1c-ce11-4da9-a98b-7e6acad42598,Столы и стулья BROSKO на ул. Берёзка,Категория кэшбэка 'Столы и стулья BROSKO на ул. Берёзка'. Средняя ставка по данным dano.csv: 20.0%,20.00,235,7,20,,,,,
1c25e5f9-a227-422d-8421-4724abedace7,Стоматологическая Клиника «Клуб 32» на ул. Ленина,Категория кэшбэка 'Стоматологическая Клиника «Клуб 32» на ул. Ленина'. Средняя ставка по данным dano.csv: 20.0%,20.00,434,3,7,,,,,
cc781f17-3a77-4420-8849-3a9965212a99,Стоматологическая клиника «Дента-Профессионал»,Категория кэшбэка 'Стоматологическая клиника «Дента-Профессионал»'. Средняя ставка по данным dano.csv: 20.0%,20.00,534,5,12,,,,,
f2131a7b-97d3-40ad-bb63-2be2cbaf9b70,Стоматологическая клиника «Лекарь»,Категория кэшбэка 'Стоматологическая клиника «Лекарь»'. Средняя ставка по данным dano.csv: 20.0%,20.00,253,7,20,,,,,
25b624c1-013e-42df-a845-0f22190030a8,Стоматология Cerecon на пр-те Андропова,Категория кэшбэка 'Стоматология Cerecon на пр-те Андропова'. Средняя ставка по данным dano.csv: 20.0%,20.00,200,3,7,,,,,
006af232-4aec-4602-9788-06ab2db921f6,Стоматология Respect Medical на ул. Нестерова,Категория кэшбэка 'Стоматология Respect Medical на ул. Нестерова'. Средняя ставка по данным dano.csv: 20.0%,20.00,713,5,12,,,,,
4f232c59-4f56-43e0-a840-28141c8db942,Стоматология «Альтенхофф» на Советской ул,Категория кэшбэка 'Стоматология «Альтенхофф» на Советской ул'. Средняя ставка по данным dano.csv: 20.0%,20.00,660,7,20,,,,,
b312c8b9-6bfe-46ca-a806-25d7fd9284cb,Стоматология «АрКлиник» на ул. Дмитриева,Категория кэшбэка 'Стоматология «АрКлиник» на ул. Дмитриева'. Средняя ставка по данным dano.csv: 20.0%,20.00,465,3,7,,,,,
320fbedb-99e2-47b6-9d2d-8da3d39a1f97,Стоматология «Волга-Дент» на пр-кте Ленина,Категория кэшбэка 'Стоматология «Волга-Дент» на пр-кте Ленина'. Средняя ставка по данным dano.csv: 20.0%,20.00,568,5,12,,,,,
0eed7930-25c5-4b8e-9643-c79904242d62,Стоматология «Галактика» на ул. 50 лет СССР,Категория кэшбэка 'Стоматология «Галактика» на ул. 50 лет СССР'. Средняя ставка по данным dano.csv: 20.0%,20.00,204,7,20,,,,,
bda6129f-7aa0-466e-b599-bcab4a974be3,Стоматология «Дентика» на Комендантском пр-те,Категория кэшбэка 'Стоматология «Дентика» на Комендантском пр-те'. Средняя ставка по данным dano.csv: 20.0%,20.00,440,3,7,,,,,
bb767b6e-4702-4ce6-b8e3-fbcd57429cc5,Стоматология «Илстом» на пр-те Героев,Категория кэшбэка 'Стоматология «Илстом» на пр-те Героев'. Средняя ставка по данным dano.csv: 20.0%,20.00,221,5,12,,,,,
4ece50f8-0461-42e1-b21e-0de7ae4b3455,Стоматология «Инспиро» на ул. Максима Горького,Категория кэшбэка 'Стоматология «Инспиро» на ул. Максима Горького'. Средняя ставка по данным dano.csv: 20.0%,20.00,421,7,20,,,,,
a234c5c9-3ecc-4e1d-a479-a6cffac13a5d,Стоматология «Радент» на ул. 40-летия Победы,Категория кэшбэка 'Стоматология «Радент» на ул. 40-летия Победы'. Средняя ставка по данным dano.csv: 20.0%,20.00,685,3,7,,,,,
3f374371-0070-49af-9d74-acc71d158ebb,Стоматология «Улыбка счастья» на ул. Авиационная,Категория кэшбэка 'Стоматология «Улыбка счастья» на ул. Авиационная'. Средняя ставка по данным dano.csv: 20.0%,20.00,630,5,12,,,,,
ec9d3eff-87a0-47f4-92e8-becbde86f0ee,Стоматология «Улыбка» на ул. Горького,Категория кэшбэка 'Стоматология «Улыбка» на ул. Горького'. Средняя ставка по данным dano.csv: 20.0%,20.00,224,7,20,,,,,
2da9e1ec-d67f-4f1b-b9c0-c29c23f0edaa,Стоматология «Чеширский кот» на Лунной ул,Категория кэшбэка 'Стоматология «Чеширский кот» на Лунной ул'. Средняя ставка по данным dano.csv: 20.0%,20.00,437,3,7,,,,,
4638d812-1a5e-45f0-b6f4-ae85e3ca4462,Стоматология «Эсмайл» на ул. Гагарина,Категория кэшбэка 'Стоматология «Эсмайл» на ул. Гагарина'. Средняя ставка по данным dano.csv: 20.0%,20.00,426,5,12,,,,,
cf04f3c1-2af1-4697-83ae-6d3161ff3864,Стоматология «Кабинет 32» на ул Трубников,Категория кэшбэка 'Стоматология «Кабинет 32» на ул Трубников'. Средняя ставка по данным dano.csv: 20.0%,20.00,200,7,20,,,,,
3d4a16eb-c222-4d2e-bee9-11d47c0149b0,Стоун-Дент на пр-те Вернадского,Категория кэшбэка 'Стоун-Дент на пр-те Вернадского'. Средняя ставка по данным dano.csv: 20.0%,20.00,110,3,7,,,,,
317f9fa5-9ea1-4c60-83d0-ce1d0740d17d,Страховка для путешествий,Категория кэшбэка 'Страховка для путешествий'. Средняя ставка по данным dano.csv: 20.0%,20.00,109,5,12,,,,,
a02d2819-8ef2-401a-923e-682df55acfd9,Страховка при потере дохода,Категория кэшбэка 'Страховка при потере дохода'. Средняя ставка по данным dano.csv: 100.0%,100.00,464,7,20,,,,,
e9b0b4c0-f72f-4b51-921c-b960d5cd6660,Стрижка Бум в ТЦ Лидия,Категория кэшбэка 'Стрижка Бум в ТЦ Лидия'. Средняя ставка по данным dano.csv: 20.0%,20.00,272,3,7,,,,,
e4bdb68e-f56c-4eb3-a431-b0b44a13ebc7,Стритфуд «Булка» в ТЦ Z-форт,Категория кэшбэка 'Стритфуд «Булка» в ТЦ Z-форт'. Средняя ставка по данным dano.csv: 20.0%,20.00,603,5,12,,,,,
a520722b-9763-43c6-a9d2-13e10bb0b896,СтройХаус на Гражданской ул,Категория кэшбэка 'СтройХаус на Гражданской ул'. Средняя ставка по данным dano.csv: 20.0%,20.00,362,7,20,,,,,
4050fe67-1bc8-460d-91bd-6f97890f9433,Студия Art Womаn на ул. Романовская,Категория кэшбэка 'Студия Art Womаn на ул. Романовская'. Средняя ставка по данным dano.csv: 20.0%,20.00,711,3,7,,,,,
92fac215-e2ba-4e47-a08b-4ce9c224b731,Студия BL на Рожденственской ул,Категория кэшбэка 'Студия BL на Рожденственской ул'. Средняя ставка по данным dano.csv: 20.0%,20.00,101,5,12,,,,,
78a9f0af-77ca-411e-baa8-84a4af6a928e,Студия Mart на ул. Космонавта Волкова,Категория кэшбэка 'Студия Mart на ул. Космонавта Волкова'. Средняя ставка по данным dano.csv: 20.0%,20.00,423,7,20,,,,,
83ca9501-a21a-45a2-b857-3518ed85fe64,Студия Narashivay на Молодогвардейской ул,Категория кэшбэка 'Студия Narashivay на Молодогвардейской ул'. Средняя ставка по данным dano.csv: 20.0%,20.00,781,3,7,,,,,
8b05f150-3299-4843-9a96-5d909d9c04ec,Студия Nktrim на ул. Дзержинского,Категория кэшбэка 'Студия Nktrim на ул. Дзержинского'. Средняя ставка по данным dano.csv: 20.0%,20.00,326,5,12,,,,,
9ae4d129-d4f4-4fc5-ad4e-3df468a38b10,Студия ReStretch на Екатерининской ул,Категория кэшбэка 'Студия ReStretch на Екатерининской ул'. Средняя ставка по данным dano.csv: 20.0%,20.00,454,7,20,,,,,
395bfaa0-0fc7-4bb7-8532-5f952ed50ecc,Студия Telo в пр-де Дежнёва,Категория кэшбэка 'Студия Telo в пр-де Дежнёва'. Средняя ставка по данным dano.csv: 20.0%,20.00,311,3,7,,,,,
bf71d262-4304-4bc9-9486-d2469aa09d96,Студия Wow Hair на Портовой ул,Категория кэшбэка 'Студия Wow Hair на Портовой ул'. Средняя ставка по данным dano.csv: 20.0%,20.00,336,5,12,,,,,
f646d296-2f8b-460f-a6c2-bfb130a53781,Студия «50 Оттенков Красоты» на пр-те Космонавтов,Категория кэшбэка 'Студия «50 Оттенков Красоты» на пр-те Космонавтов'. Средняя ставка по данным dano.csv: 20.0%,20.00,301,7,20,,,,,
3b123a62-df12-4147-9245-7531e897f6c4,Студия «Вэл» на ул. Бегичева,Категория кэшбэка 'Студия «Вэл» на ул. Бегичева'. Средняя ставка по данным dano.csv: 20.0%,20.00,187,3,7,,,,,
fd9f9f2b-0daa-4b24-9703-aa4881123f7b,Студия «Лайм» на ул. Ленина,Категория кэшбэка 'Студия «Лайм» на ул. Ленина'. Средняя ставка по данным dano.csv: 20.0%,20.00,419,5,12,,,,,
5cfc3761-8240-4f7a-bff4-e82d7bceb019,Студия «Твой Мастер» на Железнодорожной ул,Категория кэшбэка 'Студия «Твой Мастер» на Железнодорожной ул'. Средняя ставка по данным dano.csv: 20.0%,20.00,160,7,20,,,,,
20933dcc-d7ae-4f3b-a20a-33c195fb8a3f,Студия «Фреш Колор» на пр-те Ямашева,Категория кэшбэка 'Студия «Фреш Колор» на пр-те Ямашева'. Средняя ставка по данным dano.csv: 20.0%,20.00,547,3,7,,,,,
c16018b8-47ca-4cda-84b3-43452f0e7eb8,Студия Дианы Лятиф на ул. Зосимовская,Категория кэшбэка 'Студия Дианы Лятиф на ул. Зосимовская'. Средняя ставка по данным dano.csv: 20.0%,20.00,477,5,12,,,,,
d39b20b8-aa6e-426d-99f3-0c4bb362aa2f,Студия Елены Кабановой на ул. Победы,Категория кэшбэка 'Студия Елены Кабановой на ул. Победы'. Средняя ставка по данным dano.csv: 20.0%,20.00,704,7,20,,,,,
71a7f3e7-c5b9-4a91-b680-ade035547876,Студия Печати на 3-ей Крестьянской ул,Категория кэшбэка 'Студия Печати на 3-ей Крестьянской ул'. Средняя ставка по данным dano.csv: 20.0%,20.00,675,3,7,,,,,
a674448a-9007-4bfe-8dff-c06512cc1371,Студия Светланы Чесноковой на 1-ой Полётной ул.,Категория кэшбэка 'Студия Светланы Чесноковой на 1-ой Полётной ул.'. Средняя ставка по данным dano.csv: 20.0%,20.00,571,5,12,,,,,
c8e83caa-fa04-4b93-83ce-47c05060bffd,Студия Цветов на ул. Маяковского,Категория кэшбэка 'Студия Цветов на ул. Маяковского'. Средняя ставка по данным dano.csv: 20.0%,20.00,292,7,20,,,,,
59ccd483-1289-42f3-ae6f-88be51b69ee0,Студия Юззз на Ленинском пр-те,Категория кэшбэка 'Студия Юззз на Ленинском пр-те'. Средняя ставка по данным dano.csv: 20.0%,20.00,428,3,7,,,,,
79d9f69f-73d9-4097-982f-949e374fd79e,"Студия балета и растяжки Levita в мкр.203, 23","Категория кэшбэка 'Студия балета и растяжки Levita в мкр.203, 23'. Средняя ставка по данным dano.csv: 20.0%",20.00,581,5,12,,,,,
ae624f0d-0216-41be-af50-308ecb1c1b0a,Студия восстановления волос Arhis,Категория кэшбэка 'Студия восстановления волос Arhis'. Средняя ставка по данным dano.csv: 20.0%,20.00,616,7,20,,,,,
2c0a667a-4bb2-42d0-b1f2-16e69de6601f,Студия гладкого тела Ri в 1-м Саратовском пр-де,Категория кэшбэка 'Студия гладкого тела Ri в 1-м Саратовском пр-де'. Средняя ставка по данным dano.csv: 20.0%,20.00,250,3,7,,,,,
9e052b2c-b653-4a51-855a-2d4ed74df907,Студия депиляции «Забота» на ул. Наймушина,Категория кэшбэка 'Студия депиляции «Забота» на ул. Наймушина'. Средняя ставка по данным dano.csv: 20.0%,20.00,436,5,12,,,,,
13db1620-eafa-4fc3-ae48-157a0e4976a0,Студия заботы о теле «Веда» на Садовой ул,Категория кэшбэка 'Студия заботы о теле «Веда» на Садовой ул'. Средняя ставка по данным dano.csv: 20.0%,20.00,432,7,20,,,,,
2f6891e3-2fe0-4be3-8cd0-a07fd2b15ea9,Студия загара Mi Sol на Измайловском б-ре,Категория кэшбэка 'Студия загара Mi Sol на Измайловском б-ре'. Средняя ставка по данным dano.csv: 20.0%,20.00,773,3,7,,,,,
3eb9f1ac-d928-4d7e-beaf-3f4133fd0c97,Студия загара Mi Sol на Константиновском пр-те,Категория кэшбэка 'Студия загара Mi Sol на Константиновском пр-те'. Средняя ставка по данным dano.csv: 20.0%,20.00,701,5,12,,,,,
dba512cd-5197-4d32-b354-7a8d13ba51c9,Студия загара «Марлен» на ул. Касаткина,Категория кэшбэка 'Студия загара «Марлен» на ул. Касаткина'. Средняя ставка по данным dano.csv: 20.0%,20.00,514,7,20,,,,,
20ee475b-8808-4394-89cf-ba2b9a80125f,Студия звукозаписи Okname Studio,Категория кэшбэка 'Студия звукозаписи Okname Studio'. Средняя ставка по данным dano.csv: 20.0%,20.00,159,3,7,,,,,
1d9517e8-deb8-4e3a-953f-fa1ed1e00783,Студия здоровья и красоты Dr. Tugusheva,Категория кэшбэка 'Студия здоровья и красоты Dr. Tugusheva'. Средняя ставка по данным dano.csv: 20.0%,20.00,713,5,12,,,,,
ec7b67af-f52c-4b3a-9f4e-eb0297c33ca1,Студия импульсного массажа Body Impulse,Категория кэшбэка 'Студия импульсного массажа Body Impulse'. Средняя ставка по данным dano.csv: 20.0%,20.00,627,7,20,,,,,
2f82afd1-3f5d-4286-8cc2-79d219b9c319,Студия йоги «Малина» на ул. Коммунистическая,Категория кэшбэка 'Студия йоги «Малина» на ул. Коммунистическая'. Средняя ставка по данным dano.csv: 20.0%,20.00,437,3,7,,,,,
cf2e1f41-5995-4506-8785-7d40aaa98092,Студия йоги и растяжки «Мята» на ул. Сакко и Ванцетти,Категория кэшбэка 'Студия йоги и растяжки «Мята» на ул. Сакко и Ванцетти'. Средняя ставка по данным dano.csv: 20.0%,20.00,115,5,12,,,,,
8d57b575-91f7-426d-a971-ee6fb5627f91,Студия кератина Tanya Vell на ул. Орджоникидзе,Категория кэшбэка 'Студия кератина Tanya Vell на ул. Орджоникидзе'. Средняя ставка по данным dano.csv: 20.0%,20.00,561,7,20,,,,,
9623922d-db8c-40d0-bc07-384b0d6cef8c,Студия колористики Дины Усубалиевой,Категория кэшбэка 'Студия колористики Дины Усубалиевой'. Средняя ставка по данным dano.csv: 20.0%,20.00,427,3,7,,,,,
75f37604-32c8-4824-ad2b-82a014508247,Студия колористики Султановой Галины,Категория кэшбэка 'Студия колористики Султановой Галины'. Средняя ставка по данным dano.csv: 20.0%,20.00,273,5,12,,,,,
23fb20cf-825f-4808-9f4a-4b0e43ebe9ce,Студия коррекции фигуры Xsize на Тучковской ул,Категория кэшбэка 'Студия коррекции фигуры Xsize на Тучковской ул'. Средняя ставка по данным dano.csv: 20.0%,20.00,148,7,20,,,,,
c8607d9b-b17e-4790-819b-66bd73810fe7,Студия коррекции фигуры Xsize на ш. Рублевское,Категория кэшбэка 'Студия коррекции фигуры Xsize на ш. Рублевское'. Средняя ставка по данным dano.csv: 20.0%,20.00,699,3,7,,,,,
02d6bd6a-e8c9-4815-96ed-22f38ae5972f,Студия коррекции фигуры «Эстеттика»,Категория кэшбэка 'Студия коррекции фигуры «Эстеттика»'. Средняя ставка по данным dano.csv: 20.0%,20.00,488,5,12,,,,,
643b39c7-22ad-49a1-b94b-6a19ce03205f,Студия косметологии Янины Рублевой,Категория кэшбэка 'Студия косметологии Янины Рублевой'. Средняя ставка по данным dano.csv: 20.0%,20.00,516,7,20,,,,,
0e663060-13e8-4de9-bed5-f36ed1a4a1f5,Студия красоты EFfect_nails в мкр. Северный,Категория кэшбэка 'Студия красоты EFfect_nails в мкр. Северный'. Средняя ставка по данным dano.csv: 20.0%,20.00,113,3,7,,,,,
4b8baf46-561b-471c-b581-1c348b70232c,"Студия красоты G. Point
 на ул. Веневская","Категория кэшбэка 'Студия красоты G. Point
 на ул. Веневская'. Средняя ставка по данным dano.csv: 20.0%",20.00,616,5,12,,,,,
35bd7695-17b9-4f12-bd4d-5c71407240d2,Студия красоты L'Beauty,Категория кэшбэка 'Студия красоты L'Beauty'. Средняя ставка по данным dano.csv: 20.0%,20.00,278,7,20,,,,,
7e35aa18-f3d5-4fd1-b2de-c895dee67c2f,Студия красоты MAKE IT на Аэродромной ул,Категория кэшбэка 'Студия красоты MAKE IT на Аэродромной ул'. Средняя ставка по данным dano.csv: 20.0%,20.00,250,3,7,,,,,
a6ab9fb3-9d2b-4af3-b64c-fc61e814a3e6,Студия красоты Maria Soloveva на Семёновской ул,Категория кэшбэка 'Студия красоты Maria Soloveva на Семёновской ул'. Средняя ставка по данным dano.csv: 20.0%,20.00,736,5,12,,,,,
e37e3a09-3209-4c07-94cf-7d7176844fd8,Студия красоты Mystery на ул. Лётчика Грицевца,Категория кэшбэка 'Студия красоты Mystery на ул. Лётчика Грицевца'. Средняя ставка по данным dano.csv: 20.0%,20.00,504,7,20,,,,,
18ee806c-9b8a-46ec-9621-16999da8e6d3,Студия красоты Relax на Ленинском пр-те,Категория кэшбэка 'Студия красоты Relax на Ленинском пр-те'. Средняя ставка по данным dano.csv: 20.0%,20.00,373,3,7,,,,,
af25ac1f-4df6-4dbb-985d-0dd4be020e64,Студия красоты Skin Shine на Зеленоградской ул,Категория кэшбэка 'Студия красоты Skin Shine на Зеленоградской ул'. Средняя ставка по данным dano.csv: 20.0%,20.00,606,5,12,,,,,
6732946a-69a6-4e8e-9df1-4db7fb41b61a,Студия красоты Sova на ул. 64-й Армии,Категория кэшбэка 'Студия красоты Sova на ул. 64-й Армии'. Средняя ставка по данным dano.csv: 20.0%,20.00,575,7,20,,,,,
8eded82a-3caa-49e4-8137-de14dd8cc5f4,Студия красоты VBeauty на Первомайском пр-те,Категория кэшбэка 'Студия красоты VBeauty на Первомайском пр-те'. Средняя ставка по данным dano.csv: 20.0%,20.00,333,3,7,,,,,
518701a5-5ed2-40b9-85d7-17cb12aa7e27,Студия красоты «Академия косметологии»,Категория кэшбэка 'Студия красоты «Академия косметологии»'. Средняя ставка по данным dano.csv: 20.0%,20.00,600,5,12,,,,,
2d5bbc94-497c-4005-8f7a-be119985e47f,Студия красоты «Блеск» в пр-де Автоматики,Категория кэшбэка 'Студия красоты «Блеск» в пр-де Автоматики'. Средняя ставка по данным dano.csv: 20.0%,20.00,697,7,20,,,,,
eb19cd9c-601c-43ee-a280-3535d232b2b7,Студия красоты «Вики» на пр-те Победы,Категория кэшбэка 'Студия красоты «Вики» на пр-те Победы'. Средняя ставка по данным dano.csv: 20.0%,20.00,539,3,7,,,,,
f4e72c3e-df7d-450b-931c-8b18136cf288,Студия красоты «Витапластика» на ул. Белова,Категория кэшбэка 'Студия красоты «Витапластика» на ул. Белова'. Средняя ставка по данным dano.csv: 20.0%,20.00,690,5,12,,,,,
873eac85-a43b-4472-beb6-a6075367f85b,Студия красоты «Голден Стайл» на ул. Камышинская,Категория кэшбэка 'Студия красоты «Голден Стайл» на ул. Камышинская'. Средняя ставка по данным dano.csv: 20.0%,20.00,597,7,20,,,,,
0aafb55b-eec4-46e7-926a-263d5575c434,Студия красоты «КиVи» на Боровой ул,Категория кэшбэка 'Студия красоты «КиVи» на Боровой ул'. Средняя ставка по данным dano.csv: 20.0%,20.00,320,3,7,,,,,
97428c91-3380-4305-823b-3a3b9e12891a,Студия красоты «Красуля» на Лесной ул,Категория кэшбэка 'Студия красоты «Красуля» на Лесной ул'. Средняя ставка по данным dano.csv: 20.0%,20.00,289,5,12,,,,,
04adbe32-e630-4c26-9498-e23cce64387f,Студия красоты «Лаванда» на ул. Ульяновых,Категория кэшбэка 'Студия красоты «Лаванда» на ул. Ульяновых'. Средняя ставка по данным dano.csv: 20.0%,20.00,472,7,20,,,,,
7376e71e-0928-4d4c-a9c1-f08dcc3d6f88,Студия красоты «Лора» на ул. Ворошилова,Категория кэшбэка 'Студия красоты «Лора» на ул. Ворошилова'. Средняя ставка по данным dano.csv: 20.0%,20.00,131,3,7,,,,,
950ef7a0-3667-47e7-941b-6c5377ffb678,Студия красоты «Мадам По»,Категория кэшбэка 'Студия красоты «Мадам По»'. Средняя ставка по данным dano.csv: 20.0%,20.00,254,5,12,,,,,
791efed0-07fb-40ee-ab60-7d7b8d0dcee1,Студия красоты «Малина» на Львовской ул,Категория кэшбэка 'Студия красоты «Малина» на Львовской ул'. Средняя ставка по данным dano.csv: 20.0%,20.00,752,7,20,,,,,
2aaa65ad-9d8c-4466-976e-b5dfb45ee5b5,Студия красоты «Мне нравится» на ул. Авангардная,Категория кэшбэка 'Студия красоты «Мне нравится» на ул. Авангардная'. Средняя ставка по данным dano.csv: 20.0%,20.00,507,3,7,,,,,
842c0055-0eff-4ee2-a976-6ee38836dc23,Студия красоты «Парикмахерша» на Октябрьской ул,Категория кэшбэка 'Студия красоты «Парикмахерша» на Октябрьской ул'. Средняя ставка по данным dano.csv: 20.0%,20.00,437,5,12,,,,,
1c070a23-706b-4102-ac94-844f91082254,Студия красоты «Прана» на Заречной ул,Категория кэшбэка 'Студия красоты «Прана» на Заречной ул'. Средняя ставка по данным dano.csv: 20.0%,20.00,703,7,20,,,,,
7f460f6e-aeae-4e42-bef8-be166701c551,Студия красоты «ТопСтоп» в 4-м мкр. 36,Категория кэшбэка 'Студия красоты «ТопСтоп» в 4-м мкр. 36'. Средняя ставка по данным dano.csv: 20.0%,20.00,332,3,7,,,,,
5a2ac098-f7bc-4484-a835-59debd772997,Студия красоты «Флай» на Витебском пр-те,Категория кэшбэка 'Студия красоты «Флай» на Витебском пр-те'. Средняя ставка по данным dano.csv: 20.0%,20.00,676,5,12,,,,,
95c0cddc-d312-4ca0-b06f-fb7bde76dca6,Студия красоты Вики Веневцевой на Дмитровском ш,Категория кэшбэка 'Студия красоты Вики Веневцевой на Дмитровском ш'. Средняя ставка по данным dano.csv: 20.0%,20.00,774,7,20,,,,,
3ca6288d-73b8-4d35-beb7-9a08002ca596,Студия красоты Катерины Наумовой на ул. Коммуны,Категория кэшбэка 'Студия красоты Катерины Наумовой на ул. Коммуны'. Средняя ставка по данным dano.csv: 20.0%,20.00,433,3,7,,,,,
5e577cf5-0221-4bd1-b4ca-0d6706a0fb3f,Студия красоты и здоровья Натальи Рудковской,Категория кэшбэка 'Студия красоты и здоровья Натальи Рудковской'. Средняя ставка по данным dano.csv: 20.0%,20.00,641,5,12,,,,,
8e1742c5-59a2-4022-adb0-92ea3749fe65,Студия красоты и массажа «Garmoniя» на пр-те Мира,Категория кэшбэка 'Студия красоты и массажа «Garmoniя» на пр-те Мира'. Средняя ставка по данным dano.csv: 20.0%,20.00,758,7,20,,,,,
63e94428-c28e-4e75-a90c-c22a91c59155,Студия красоты «Чика» на Невской ул,Категория кэшбэка 'Студия красоты «Чика» на Невской ул'. Средняя ставка по данным dano.csv: 20.0%,20.00,440,3,7,,,,,
bfda5aa9-e1a2-43b0-861b-ecd90fd6d37b,Студия лазерной эпиляции LaserPro в ТЦ Макси,Категория кэшбэка 'Студия лазерной эпиляции LaserPro в ТЦ Макси'. Средняя ставка по данным dano.csv: 20.0%,20.00,282,5,12,,,,,
8fcf7f50-33cb-4067-aee7-8d5e66e301df,Студия лазерной эпиляции Miami на Коломенской ул,Категория кэшбэка 'Студия лазерной эпиляции Miami на Коломенской ул'. Средняя ставка по данным dano.csv: 20.0%,20.00,499,7,20,,,,,
7fc464f1-c559-4bc2-ba01-be3009193097,Студия лифтинг-массажа Idol Face на ул. Цюрупы,Категория кэшбэка 'Студия лифтинг-массажа Idol Face на ул. Цюрупы'. Средняя ставка по данным dano.csv: 20.0%,20.00,522,3,7,,,,,
c3a20e13-1779-4aea-8acd-b406a4ea0a88,Студия маникюра 4hands на Новочерёмушкинской,Категория кэшбэка 'Студия маникюра 4hands на Новочерёмушкинской'. Средняя ставка по данным dano.csv: 20.0%,20.00,593,5,12,,,,,
d02b983f-cc3d-41da-a305-a3973ef33ac6,Студия маникюра Emerald на пр. Вернадского,Категория кэшбэка 'Студия маникюра Emerald на пр. Вернадского'. Средняя ставка по данным dano.csv: 20.0%,20.00,745,7,20,,,,,
b3e3f0c2-4182-4e49-a6e9-5c7bf14e5326,Студия маникюра Forma на Новослободской ул,Категория кэшбэка 'Студия маникюра Forma на Новослободской ул'. Средняя ставка по данным dano.csv: 20.0%,20.00,298,3,7,,,,,
42e67b72-bcc8-4a78-b768-c4ee9dea7240,Студия маникюра Mohito на ул. 50-летия Магнитки,Категория кэшбэка 'Студия маникюра Mohito на ул. 50-летия Магнитки'. Средняя ставка по данным dano.csv: 20.0%,20.00,596,5,12,,,,,
55a4be89-1824-46fa-956f-aefe3fb01f34,Студия маникюра Mohito на ул. Никольская,Категория кэшбэка 'Студия маникюра Mohito на ул. Никольская'. Средняя ставка по данным dano.csv: 20.0%,20.00,218,7,20,,,,,
a584c3df-cde4-45dd-80af-c9c865c93057,Студия маникюра My Hands на ул. А.Г. Стаханова,Категория кэшбэка 'Студия маникюра My Hands на ул. А.Г. Стаханова'. Средняя ставка по данным dano.csv: 20.0%,20.00,114,3,7,,,,,
dbd8d923-8143-4560-8562-a8a91ca475e2,Студия маникюра Siba Space на Московском ш,Категория кэшбэка 'Студия маникюра Siba Space на Московском ш'. Средняя ставка по данным dano.csv: 20.0%,20.00,357,5,12,,,,,
af4c7d5e-f461-494b-9cb5-9aecefa4a3b7,Студия маникюра St beauty,Категория кэшбэка 'Студия маникюра St beauty'. Средняя ставка по данным dano.csv: 20.0%,20.00,673,7,20,,,,,
8e15e70e-7cac-42dd-8afc-c94377f36756,Студия маникюра X-Studio на ул. Шамиля Усманова,Категория кэшбэка 'Студия маникюра X-Studio на ул. Шамиля Усманова'. Средняя ставка по данным dano.csv: 20.0%,20.00,444,3,7,,,,,
9f481791-0498-4586-b7ca-0e248a6fd6e0,"Студия маникюра «Арт» мкр. Новые Котельники, 14","Категория кэшбэка 'Студия маникюра «Арт» мкр. Новые Котельники, 14'. Средняя ставка по данным dano.csv: 20.0%",20.00,473,5,12,,,,,
b852c946-3100-40f0-b561-d9f28db06095,Студия маникюра «Китса» на ул.Крестинского,Категория кэшбэка 'Студия маникюра «Китса» на ул.Крестинского'. Средняя ставка по данным dano.csv: 20.0%,20.00,120,7,20,,,,,
988079c6-81b3-4448-a0f4-e179ef356b58,Студия маникюра «Комби» на ул. Генерала Шифрина,Категория кэшбэка 'Студия маникюра «Комби» на ул. Генерала Шифрина'. Средняя ставка по данным dano.csv: 20.0%,20.00,245,3,7,,,,,
5ec56b38-5326-4afb-a0b2-c9bba4e5e63c,Студия маникюра «Кусачки» на ул. Академика Парина,Категория кэшбэка 'Студия маникюра «Кусачки» на ул. Академика Парина'. Средняя ставка по данным dano.csv: 20.0%,20.00,783,5,12,,,,,
f043ebd8-90b5-4ebc-8f71-600f30bb6aff,Студия маникюра «Миндаль» на ул. Братиславская,Категория кэшбэка 'Студия маникюра «Миндаль» на ул. Братиславская'. Средняя ставка по данным dano.csv: 20.0%,20.00,598,7,20,,,,,
4b198025-5b9e-4564-a7d7-fb19625cc501,Студия маникюра «Твоя Пилка» на Адмирала Руднева,Категория кэшбэка 'Студия маникюра «Твоя Пилка» на Адмирала Руднева'. Средняя ставка по данным dano.csv: 20.0%,20.00,105,3,7,,,,,
72282136-f1b1-48a0-b1a4-2c4a07dd02ac,Студия маникюра и педикюра 4hands на 2-й Владимирской,Категория кэшбэка 'Студия маникюра и педикюра 4hands на 2-й Владимирской'. Средняя ставка по данным dano.csv: 20.0%,20.00,771,5,12,,,,,
d6591f5d-0e8b-4df7-b695-e8144be4384d,Студия маникюра и педикюра 4hands на Щелковском ш,Категория кэшбэка 'Студия маникюра и педикюра 4hands на Щелковском ш'. Средняя ставка по данным dano.csv: 20.0%,20.00,741,7,20,,,,,
8fcfe9f7-391b-4654-acf9-fbf2a6027967,Студия маникюра Lume на ул. Архитектора Калимуллина,Категория кэшбэка 'Студия маникюра Lume на ул. Архитектора Калимуллина'. Средняя ставка по данным dano.csv: 20.0%,20.00,288,3,7,,,,,
4529540b-d5ba-4194-81dc-eb0d67182a8f,Студия массажа Angel Face на Монетчиковском п-ке,Категория кэшбэка 'Студия массажа Angel Face на Монетчиковском п-ке'. Средняя ставка по данным dano.csv: 20.0%,20.00,486,5,12,,,,,
e23079ff-b82b-4063-8635-05ad688ab115,Студия массажа To Be на ул. Радищева,Категория кэшбэка 'Студия массажа To Be на ул. Радищева'. Средняя ставка по данным dano.csv: 20.0%,20.00,143,7,20,,,,,
7d9905d8-c8b3-4668-b3d9-dfe5149ddebf,Студия массажа Xsize на Гражданском пр-те,Категория кэшбэка 'Студия массажа Xsize на Гражданском пр-те'. Средняя ставка по данным dano.csv: 20.0%,20.00,766,3,7,,,,,
328d54af-9add-40c6-976a-b192f6242e72,Студия массажа «Чайки Велнес» на Пятницкой ул,Категория кэшбэка 'Студия массажа «Чайки Велнес» на Пятницкой ул'. Средняя ставка по данным dano.csv: 20.0%,20.00,674,5,12,,,,,
9dccb407-cd85-49c0-802c-46767dc198ab,Студия массажа на ул. Молодогвардейцев,Категория кэшбэка 'Студия массажа на ул. Молодогвардейцев'. Средняя ставка по данным dano.csv: 20.0%,20.00,166,7,20,,,,,
a1736269-e89d-495f-bdaa-250feaa1cc1e,Студия перманентного макияжа Maria diva на Южном ш,Категория кэшбэка 'Студия перманентного макияжа Maria diva на Южном ш'. Средняя ставка по данным dano.csv: 20.0%,20.00,101,3,7,,,,,
77050882-f732-4d27-87c8-0506a0153735,Студия пирсинга PIERCINGSHINE на Бауманской ул,Категория кэшбэка 'Студия пирсинга PIERCINGSHINE на Бауманской ул'. Средняя ставка по данным dano.csv: 20.0%,20.00,700,5,12,,,,,
fc3dd571-efcf-4cf6-8aaa-b66afd37e40c,Студия пирсинга и тату Yoniko на Максима Горького,Категория кэшбэка 'Студия пирсинга и тату Yoniko на Максима Горького'. Средняя ставка по данным dano.csv: 20.0%,20.00,783,7,20,,,,,
6d665498-bc95-44b0-92a8-a700f711242b,Студия праздника «Галактика развлечений» на Кирова,Категория кэшбэка 'Студия праздника «Галактика развлечений» на Кирова'. Средняя ставка по данным dano.csv: 20.0%,20.00,641,3,7,,,,,
589f5d7c-b6d1-4bd0-80c3-fb5bb398ceb3,Студия растяжки Stretch Zone на ул. Лесопарковая,Категория кэшбэка 'Студия растяжки Stretch Zone на ул. Лесопарковая'. Средняя ставка по данным dano.csv: 20.0%,20.00,199,5,12,,,,,
087e2e3e-c15a-4c0f-ba71-4228d4410b15,Студия растяжки «Тянем-Потянем» на ул. 5 Августа,Категория кэшбэка 'Студия растяжки «Тянем-Потянем» на ул. 5 Августа'. Средняя ставка по данным dano.csv: 20.0%,20.00,498,7,20,,,,,
e7e4bb54-cc76-4834-88c4-6606ba25fd9e,Студия современной флористики «Флора»,Категория кэшбэка 'Студия современной флористики «Флора»'. Средняя ставка по данным dano.csv: 20.0%,20.00,591,3,7,,,,,
6c5590d3-6ac8-48a8-841c-25694808ea5c,Студия стиля «4 головы» на Дворянской ул,Категория кэшбэка 'Студия стиля «4 головы» на Дворянской ул'. Средняя ставка по данным dano.csv: 20.0%,20.00,557,5,12,,,,,
6590b935-52cd-4b07-91b4-de59de75e6d8,Студия стрижек «Йокко» на ул. Шостаковича,Категория кэшбэка 'Студия стрижек «Йокко» на ул. Шостаковича'. Средняя ставка по данным dano.csv: 20.0%,20.00,223,7,20,,,,,
3ff5ff26-69d7-4201-82ae-74d429a49af6,Студия съедобной флористики «Клубника» на Красноармейской ул,Категория кэшбэка 'Студия съедобной флористики «Клубника» на Красноармейской ул'. Средняя ставка по данным dano.csv: 20.0%,20.00,170,3,7,,,,,
cb9cd1d3-2229-4068-b913-7f9be0ab4a62,Студия танцев Nemeria на Осеннем б-ре,Категория кэшбэка 'Студия танцев Nemeria на Осеннем б-ре'. Средняя ставка по данным dano.csv: 20.0%,20.00,684,5,12,,,,,
861e0db5-1f05-49cb-8cad-5f402243bdf6,Студия танцев и фитнеса «Площадка»,Категория кэшбэка 'Студия танцев и фитнеса «Площадка»'. Средняя ставка по данным dano.csv: 20.0%,20.00,359,7,20,,,,,
eab857ea-11ed-4a18-ae23-6f74e30098a8,Студия танцев Nemeria на  Семёновской пл,Категория кэшбэка 'Студия танцев Nemeria на  Семёновской пл'. Средняя ставка по данным dano.csv: 20.0%,20.00,704,3,7,,,,,
a1eadcf9-83bb-4c5d-972e-8b5a8f0d2bb0,Студия фитнеса «Stretch House» на ул. Н.Федорова,Категория кэшбэка 'Студия фитнеса «Stretch House» на ул. Н.Федорова'. Средняя ставка по данным dano.csv: 20.0%,20.00,739,5,12,,,,,
2138503c-8942-4542-a030-e3dfb6c42800,Студия фитнеса и растяжки Darlin,Категория кэшбэка 'Студия фитнеса и растяжки Darlin'. Средняя ставка по данным dano.csv: 20.0%,20.00,541,7,20,,,,,
b2cb3466-10b7-4efd-94e5-eeded2e035c2,Студия фитнеса и растяжки «Баланс» в мкр. Буденного,Категория кэшбэка 'Студия фитнеса и растяжки «Баланс» в мкр. Буденного'. Средняя ставка по данным dano.csv: 20.0%,20.00,715,3,7,,,,,
f7fbf936-32ad-4974-b98f-ec3b20ad0aad,Студия флористического дизайна Екатерины Ниловой на ул. Мира,Категория кэшбэка 'Студия флористического дизайна Екатерины Ниловой на ул. Мира'. Средняя ставка по данным dano.csv: 20.0%,20.00,401,5,12,,,,,
f8c5d540-b87c-4489-a767-f4e67d5f0551,Студия цветов Bouquet на ул. Шувалова,Категория кэшбэка 'Студия цветов Bouquet на ул. Шувалова'. Средняя ставка по данным dano.csv: 20.0%,20.00,722,7,20,,,,,
0c6ede19-de1d-48e0-b540-3e2dc8e863c5,Студия эпиляции «Тепло» на ул. Созидателей,Категория кэшбэка 'Студия эпиляции «Тепло» на ул. Созидателей'. Средняя ставка по данным dano.csv: 20.0%,20.00,124,3,7,,,,,
7a99ff9a-0828-46a9-ac73-57cce163b78e,Студия эстетики «Новая Ты» в Южном кв,Категория кэшбэка 'Студия эстетики «Новая Ты» в Южном кв'. Средняя ставка по данным dano.csv: 20.0%,20.00,795,5,12,,,,,
58ae1ed4-d1ff-4445-bca7-eb560775cdde,Студия-ателье «Жаннет» на ул. Поляны,Категория кэшбэка 'Студия-ателье «Жаннет» на ул. Поляны'. Средняя ставка по данным dano.csv: 20.0%,20.00,503,7,20,,,,,
2ef02e8d-3b8f-4598-a100-00cac670b274,Студия «Две сестры» на ул. Андропова,Категория кэшбэка 'Студия «Две сестры» на ул. Андропова'. Средняя ставка по данным dano.csv: 20.0%,20.00,717,3,7,,,,,
2414ae1b-689a-4af2-9fd2-09afcdf006c3,Сувенирный магазин «Баеркаd»,Категория кэшбэка 'Сувенирный магазин «Баеркаd»'. Средняя ставка по данным dano.csv: 20.0%,20.00,109,5,12,,,,,
3f045e0e-1852-407a-95d9-018ac161507f,Сувениры «Башкирский пуховый платок» на Алтайской ул,Категория кэшбэка 'Сувениры «Башкирский пуховый платок» на Алтайской ул'. Средняя ставка по данным dano.csv: 20.0%,20.00,433,7,20,,,,,
5796ec89-4530-4ce8-a3f8-1ee770b3eb09,Супермаркет «Абрек» на ул. Коммуны,Категория кэшбэка 'Супермаркет «Абрек» на ул. Коммуны'. Средняя ставка по данным dano.csv: 20.0%,20.00,150,3,7,,,,,
55c81f92-2b4e-44f0-a57e-80a240e0c870,Супермаркеты,Категория кэшбэка 'Супермаркеты'. Средняя ставка по данным dano.csv: 5.1%,5.09,7,5,12,,,,,
bb303178-2861-43f5-9569-00772dc133c9,Супермаркеты в Городе,Категория кэшбэка 'Супермаркеты в Городе'. Средняя ставка по данным dano.csv: 11.7%,11.68,9,7,20,,,,,
1545503e-45a8-426a-a16a-22a42940507d,Супермаркеты в Городе,Категория кэшбэка 'Супермаркеты в Городе'. Средняя ставка по данным dano.csv: 11.7%,11.65,104,3,7,,,,,
e045392c-82c4-4032-8598-a0fba9156e18,Супермаркеты для акционеров,Категория кэшбэка 'Супермаркеты для акционеров'. Средняя ставка по данным dano.csv: 5.0%,5.00,654,5,12,,,,,
00ef7b3c-c314-4819-968d-9c83511e90d6,Супермаркеты с кредитной картой,Категория кэшбэка 'Супермаркеты с кредитной картой'. Средняя ставка по данным dano.csv: 10.0%,10.00,520,7,20,,,,,
fd1ed7c1-6fd0-46b0-998a-b5a63d8ef388,"Супермаркеты, Платинум","Категория кэшбэка 'Супермаркеты, Платинум'. Средняя ставка по данным dano.csv: 5.0%",5.00,329,3,7,,,,,
515b7812-5acd-401a-8449-130b398ed349,Суши &Пицца store на Советской ул,Категория кэшбэка 'Суши &Пицца store на Советской ул'. Средняя ставка по данным dano.csv: 20.0%,20.00,126,5,12,,,,,
d3fe4cf2-46f9-46f2-81b7-d0df833df2b6,Суши Room на ул. Дергаевской,Категория кэшбэка 'Суши Room на ул. Дергаевской'. Средняя ставка по данным dano.csv: 20.0%,20.00,210,7,20,,,,,
3cb68826-fc5c-4e9b-9ffe-22d4399b6ea3,Суши Wok на ул. Липовый Парк,Категория кэшбэка 'Суши Wok на ул. Липовый Парк'. Средняя ставка по данным dano.csv: 20.0%,20.00,795,3,7,,,,,
efb9a874-4d20-4204-8b68-63535e07380e,Суши Wok на ул. Тухачевского,Категория кэшбэка 'Суши Wok на ул. Тухачевского'. Средняя ставка по данным dano.csv: 20.0%,20.00,497,5,12,,,,,
077cd4ed-1409-44f7-97be-c5190685fbb4,Суши Сет и Пицца №1 на ул. Дзержинского,Категория кэшбэка 'Суши Сет и Пицца №1 на ул. Дзержинского'. Средняя ставка по данным dano.csv: 20.0%,20.00,794,7,20,,,,,
fe9e1021-a576-40de-9244-dbdf60586005,Суши Сет на ул. Чехова,Категория кэшбэка 'Суши Сет на ул. Чехова'. Средняя ставка по данным dano.csv: 20.0%,20.00,391,3,7,,,,,
e841d301-0c4f-49e4-96d3-b6c78b973e9b,Суши Эра на Камышинской ул,Категория кэшбэка 'Суши Эра на Камышинской ул'. Средняя ставка по данным dano.csv: 20.0%,20.00,628,5,12,,,,,
c9026b97-fb1f-4098-aad0-1369882aff03,Суши Эра на Ульяновском пр-те,Категория кэшбэка 'Суши Эра на Ульяновском пр-те'. Средняя ставка по данным dano.csv: 20.0%,20.00,416,7,20,,,,,
b3161dcb-0976-4ab9-87c1-09a75a5dcaa7,Суши Эра на пр-те Автостроителей,Категория кэшбэка 'Суши Эра на пр-те Автостроителей'. Средняя ставка по данным dano.csv: 20.0%,20.00,546,3,7,,,,,
31b64a25-d50d-4a25-ba49-2c7b495a8186,Суши Эра на ул. Бурмистрова,Категория кэшбэка 'Суши Эра на ул. Бурмистрова'. Средняя ставка по данным dano.csv: 20.0%,20.00,246,5,12,,,,,
2f9bd7d2-aa82-48fc-b27f-8f75eabbce2e,Суши Эра на ул. Луначарского,Категория кэшбэка 'Суши Эра на ул. Луначарского'. Средняя ставка по данным dano.csv: 20.0%,20.00,390,7,20,,,,,
69c69d59-9b8c-4178-895d-92c79ba5e556,Суши Эра на ул. Пушкарёва,Категория кэшбэка 'Суши Эра на ул. Пушкарёва'. Средняя ставка по данным dano.csv: 20.0%,20.00,438,3,7,,,,,
44f3723b-5d49-4b86-af9b-a53c62a7f77a,Суши бар «Бар Бара Бан» на ул. 1 Мая,Категория кэшбэка 'Суши бар «Бар Бара Бан» на ул. 1 Мая'. Средняя ставка по данным dano.csv: 20.0%,20.00,330,5,12,,,,,
f4f17d0e-d7f4-4a42-8df2-c56d4e74165a,Суши-Эра на ул.Крупской,Категория кэшбэка 'Суши-Эра на ул.Крупской'. Средняя ставка по данным dano.csv: 20.0%,20.00,303,7,20,,,,,
181e53dc-b1b8-4fdf-85de-8be70f8b9fd3,Суши-бар Sushi & Moll на Тушинской ул,Категория кэшбэка 'Суши-бар Sushi & Moll на Тушинской ул'. Средняя ставка по данным dano.csv: 20.0%,20.00,290,3,7,,,,,
2eebfa9a-cdc6-4081-a89c-49954ac12de8,Суши-бар «Вкусно Точно» на Сосновой ул,Категория кэшбэка 'Суши-бар «Вкусно Точно» на Сосновой ул'. Средняя ставка по данным dano.csv: 20.0%,20.00,516,5,12,,,,,
17e87a8d-3817-4646-bd42-bd29a4f3b587,Суши-бар «Мука и Рис» на Железнодорожной ул,Категория кэшбэка 'Суши-бар «Мука и Рис» на Железнодорожной ул'. Средняя ставка по данным dano.csv: 20.0%,20.00,642,7,20,,,,,
78f1d49a-02bc-4122-b25b-d168405ad9c1,Суши-бар «Неко суши» на ул. Дыбенко,Категория кэшбэка 'Суши-бар «Неко суши» на ул. Дыбенко'. Средняя ставка по данным dano.csv: 20.0%,20.00,530,3,7,,,,,
ce20062a-e51b-44e9-a004-cca462b0cd9d,Суши-бар «Рис» на ул. Мира,Категория кэшбэка 'Суши-бар «Рис» на ул. Мира'. Средняя ставка по данным dano.csv: 20.0%,20.00,539,5,12,,,,,
eaa5ee81-b578-41b6-a79c-1861561f03d7,Суши-бар «Токи» на ул. Пугачёва,Категория кэшбэка 'Суши-бар «Токи» на ул. Пугачёва'. Средняя ставка по данным dano.csv: 20.0%,20.00,132,7,20,,,,,
2ea08737-7f09-45a7-b2a5-35cb78c874e4,Сушикейс на ул. Нахимова,Категория кэшбэка 'Сушикейс на ул. Нахимова'. Средняя ставка по данным dano.csv: 20.0%,20.00,404,3,7,,,,,
bcb39150-5877-4dc4-bcc4-d511e29a9ff5,Сушишоп на ул. Димитрова,Категория кэшбэка 'Сушишоп на ул. Димитрова'. Средняя ставка по данным dano.csv: 20.0%,20.00,579,5,12,,,,,
f364fb5e-7d7d-4439-91a1-fdae4f4d6de5,Счастливый Свет в Кировоградском пр-те,Категория кэшбэка 'Счастливый Свет в Кировоградском пр-те'. Средняя ставка по данным dano.csv: 20.0%,20.00,390,7,20,,,,,
672d0b83-3ebc-4ef0-b93f-fe9958ff2b5c,Сырная лавка №29 на Северном рынке,Категория кэшбэка 'Сырная лавка №29 на Северном рынке'. Средняя ставка по данным dano.csv: 20.0%,20.00,481,3,7,,,,,
ca6b3ac2-4523-4162-bcc7-278cd49749e2,Сыроварня «Славянское подворье» на Красивой ул,Категория кэшбэка 'Сыроварня «Славянское подворье» на Красивой ул'. Средняя ставка по данным dano.csv: 20.0%,20.00,694,5,12,,,,,
6522606a-e3a8-4ba4-83a3-0c62b3c7d577,Т-Страхование,Категория кэшбэка 'Т-Страхование'. Средняя ставка по данным dano.csv: 5.7%,5.65,1,7,20,,,,,
3d3fc01c-1a4e-4bd0-95bb-f997c1dcaf89,ТОКИО-CITY,Категория кэшбэка 'ТОКИО-CITY'. Средняя ставка по данным dano.csv: 5.0%,5.00,207,3,7,,,,,
62d2ff81-48f8-4096-a528-6b9b30b1bd67,ТР-трдельник на ул. Павла Буравцева,Категория кэшбэка 'ТР-трдельник на ул. Павла Буравцева'. Средняя ставка по данным dano.csv: 20.0%,20.00,705,5,12,,,,,
f8385343-2d4c-4667-a7f8-a69be8986902,Тайм-кафе «Арка» на Московской ул,Категория кэшбэка 'Тайм-кафе «Арка» на Московской ул'. Средняя ставка по данным dano.csv: 20.0%,20.00,266,7,20,,,,,
31520742-d5ea-452a-8faf-a1769582fed5,Такамура на ул. Сущёвский Вал,Категория кэшбэка 'Такамура на ул. Сущёвский Вал'. Средняя ставка по данным dano.csv: 20.0%,20.00,337,3,7,,,,,
69d64495-f88f-40be-9e46-4b873ab7e451,Такси,Категория кэшбэка 'Такси'. Средняя ставка по данным dano.csv: 5.0%,5.00,44,5,12,,,,,
747092ea-d40b-4ce7-a08b-ec90c918a938,Тануки,Категория кэшбэка 'Тануки'. Средняя ставка по данным dano.csv: 5.0%,5.00,184,7,20,,,,,
50aebc0f-2792-477f-8acb-eb0395a73b4c,Тату-салон Inkspired на Посьетской ул,Категория кэшбэка 'Тату-салон Inkspired на Посьетской ул'. Средняя ставка по данным dano.csv: 20.0%,20.00,682,3,7,,,,,
6c4cf918-f7b8-4655-a788-e587694652b0,Твой День на пр-те Мира,Категория кэшбэка 'Твой День на пр-те Мира'. Средняя ставка по данным dano.csv: 20.0%,20.00,346,5,12,,,,,
66a5383e-f3b0-4725-8e57-a2d78b4e235b,Твой матрас,Категория кэшбэка 'Твой матрас'. Средняя ставка по данным dano.csv: 30.0%,30.00,226,7,20,,,,,
d8acef30-5f8b-481b-a76d-498a44fdd535,Твоя Группа на Тарской ул,Категория кэшбэка 'Твоя Группа на Тарской ул'. Средняя ставка по данным dano.csv: 20.0%,20.00,116,3,7,,,,,
95dc9528-b7c1-46cf-8832-9ce214f457f6,Текстиль Иваново на ул. Белы Куна,Категория кэшбэка 'Текстиль Иваново на ул. Белы Куна'. Средняя ставка по данным dano.csv: 20.0%,20.00,573,5,12,,,,,
8a701205-58fc-4dd2-9fd7-59ddbd3cc6e7,Термоокна на ул. Революционная,Категория кэшбэка 'Термоокна на ул. Революционная'. Средняя ставка по данным dano.csv: 20.0%,20.00,575,7,20,,,,,
dfcd8d32-f79b-4ce1-b171-269d45314c28,ТехАвто Сервис на Текстильной ул,Категория кэшбэка 'ТехАвто Сервис на Текстильной ул'. Средняя ставка по данным dano.csv: 20.0%,20.00,266,3,7,,,,,
6b7f180d-2cf8-4e0f-966a-c78f13865979,Технодар на Удмуртской ул,Категория кэшбэка 'Технодар на Удмуртской ул'. Средняя ставка по данным dano.csv: 20.0%,20.00,351,5,12,,,,,
fc2b7d77-8c07-4242-a2c3-890e42f3e5bc,Технопарк в Шопинге,Категория кэшбэка 'Технопарк в Шопинге'. Средняя ставка по данным dano.csv: 19.0%,18.96,669,7,20,,,,,
a48db4dc-c5ff-4f37-bda0-323de5b1cb84,ТипоГраф на ул. Орджоникидзе,Категория кэшбэка 'ТипоГраф на ул. Орджоникидзе'. Средняя ставка по данным dano.csv: 20.0%,20.00,586,3,7,,,,,
5dcb0871-84e8-4d4f-ad1c-fefa14ec29b3,ТипоКофе на ул. Борсоева,Категория кэшбэка 'ТипоКофе на ул. Борсоева'. Средняя ставка по данным dano.csv: 20.0%,20.00,618,5,12,,,,,
6feb8c3f-b8ce-45d3-a292-542d6993436e,Типография Print A,Категория кэшбэка 'Типография Print A'. Средняя ставка по данным dano.csv: 20.0%,20.00,674,7,20,,,,,
85ce07ad-ee4f-450a-8a1e-43ced73bd85d,Типография «Арт-фьюжен» на ул. Александра Невского,Категория кэшбэка 'Типография «Арт-фьюжен» на ул. Александра Невского'. Средняя ставка по данным dano.csv: 20.0%,20.00,706,3,7,,,,,
408a49e7-cfc0-4357-9b20-a28fd501d74a,Типография М1 на наб. Обводного канала,Категория кэшбэка 'Типография М1 на наб. Обводного канала'. Средняя ставка по данным dano.csv: 20.0%,20.00,258,5,12,,,,,
15193013-5ee9-4281-b854-f3778058cb90,Товары для кондитеров «Сладкий перец»,Категория кэшбэка 'Товары для кондитеров «Сладкий перец»'. Средняя ставка по данным dano.csv: 20.0%,20.00,778,7,20,,,,,
8452bbe3-4c7d-491f-999f-c91b54d666e8,Товары для праздника Love is на ул. Ленина,Категория кэшбэка 'Товары для праздника Love is на ул. Ленина'. Средняя ставка по данным dano.csv: 20.0%,20.00,493,3,7,,,,,
74a5a686-856d-4a0c-acc7-12dad6b01e96,Товары для праздника «Шар Бумс» в ТД Томилино,Категория кэшбэка 'Товары для праздника «Шар Бумс» в ТД Томилино'. Средняя ставка по данным dano.csv: 20.0%,20.00,651,5,12,,,,,
6c44bbee-dac2-49b3-a0fe-a6c972c7a88f,Тока пицца на ул. Центральная,Категория кэшбэка 'Тока пицца на ул. Центральная'. Средняя ставка по данным dano.csv: 20.0%,20.00,199,7,20,,,,,
8feef982-25e1-4566-a62d-e25db99d6046,Только Классика на ул. Трифоновская,Категория кэшбэка 'Только Классика на ул. Трифоновская'. Средняя ставка по данным dano.csv: 20.0%,20.00,502,3,7,,,,,
92bbaae6-d3ff-4708-a8f1-6c0bcb96d341,Топ Фит на ул. Советская,Категория кэшбэка 'Топ Фит на ул. Советская'. Средняя ставка по данным dano.csv: 20.0%,20.00,249,5,12,,,,,
ac3cec55-faa7-445a-8f71-53d2dff48699,Топ кофе на Борисовской ул,Категория кэшбэка 'Топ кофе на Борисовской ул'. Средняя ставка по данным dano.csv: 20.0%,20.00,262,7,20,,,,,
68568499-89cb-455a-9ae0-5a103d64be01,ТопОптик на Береговом пр-де,Категория кэшбэка 'ТопОптик на Береговом пр-де'. Средняя ставка по данным dano.csv: 20.0%,20.00,268,3,7,,,,,
1e1f86e4-5364-467c-9de0-9c83fa484ac2,Топливо в Городе,Категория кэшбэка 'Топливо в Городе'. Средняя ставка по данным dano.csv: 7.2%,7.22,694,5,12,,,,,
d04fe31d-c813-457e-a773-c96273ca06ec,Топливо в Городе,Категория кэшбэка 'Топливо в Городе'. Средняя ставка по данным dano.csv: 6.6%,6.61,30,7,20,,,,,
5d8b21ae-c328-4705-9d7b-0d1a024dd25c,"Топливо в Городе, Black","Категория кэшбэка 'Топливо в Городе, Black'. Средняя ставка по данным dano.csv: 6.0%",6.04,646,3,7,,,,,
65dccf49-6722-44db-9333-3834bc15bdfc,"Топливо в Городе, Platinum","Категория кэшбэка 'Топливо в Городе, Platinum'. Средняя ставка по данным dano.csv: 8.8%",8.77,326,5,12,,,,,
23ab4f75-cbca-4abf-8f1c-d242e9489344,Точка Печати на ул. Полежаева,Категория кэшбэка 'Точка Печати на ул. Полежаева'. Средняя ставка по данным dano.csv: 20.0%,20.00,556,7,20,,,,,
548573ea-ae8f-4d96-848b-e4c85ef57937,Точка на Парковой ул,Категория кэшбэка 'Точка на Парковой ул'. Средняя ставка по данным dano.csv: 20.0%,20.00,173,3,7,,,,,
3c25dee7-0587-480c-9107-92c010d1d697,ТочкаЦвеТочка на Советском пр-те,Категория кэшбэка 'ТочкаЦвеТочка на Советском пр-те'. Средняя ставка по данным dano.csv: 20.0%,20.00,773,5,12,,,,,
b1a0a9b6-55f4-4b26-9fe2-bde7ecdeafa0,Транспорт,Категория кэшбэка 'Транспорт'. Средняя ставка по данным dano.csv: 5.0%,5.00,315,7,20,,,,,
b2782cf8-4892-4683-88ca-f4c2ee78631d,Тренинговый центр «АктивРост» на ул. Дружбы,Категория кэшбэка 'Тренинговый центр «АктивРост» на ул. Дружбы'. Средняя ставка по данным dano.csv: 20.0%,20.00,619,3,7,,,,,
b06201d8-9d8a-40a8-bcf0-e89e03de280c,ТриоМото23 в мкр. Ромашка,Категория кэшбэка 'ТриоМото23 в мкр. Ромашка'. Средняя ставка по данным dano.csv: 20.0%,20.00,433,5,12,,,,,
c1833a39-b7aa-44b9-8314-6946792b51da,Трын трава на пр. Ленина,Категория кэшбэка 'Трын трава на пр. Ленина'. Средняя ставка по данным dano.csv: 20.0%,20.00,584,7,20,,,,,
d73cf57d-e794-40aa-b75a-e19064120d90,Тьютор иностранного языка на Барнаульской ул,Категория кэшбэка 'Тьютор иностранного языка на Барнаульской ул'. Средняя ставка по данным dano.csv: 20.0%,20.00,712,3,7,,,,,
7d2af733-76c5-4313-b9af-6558e28d9d80,Украшения и аксессуары в пер. Антона Глушко,Категория кэшбэка 'Украшения и аксессуары в пер. Антона Глушко'. Средняя ставка по данным dano.csv: 20.0%,20.00,413,5,12,,,,,
964cd2e6-f2e5-4186-99c1-a07a9375bf62,Уральская Академия Коучинга на ул. Ленина,Категория кэшбэка 'Уральская Академия Коучинга на ул. Ленина'. Средняя ставка по данным dano.csv: 20.0%,20.00,212,7,20,,,,,
c626d614-161d-4460-85b3-10120a7d04d7,Фабрика печати на ул. Петра Метальникова,Категория кэшбэка 'Фабрика печати на ул. Петра Метальникова'. Средняя ставка по данным dano.csv: 20.0%,20.00,525,3,7,,,,,
58d14e79-dd42-431b-a038-aa13b522080a,Фастфуд,Категория кэшбэка 'Фастфуд'. Средняя ставка по данным dano.csv: 5.9%,5.92,152,5,12,,,,,
b591b2be-d7a1-4917-ba5e-ba0d7fbb8ab3,Фастфуд «Бургер Хаус» на ул. Челюскинцев,Категория кэшбэка 'Фастфуд «Бургер Хаус» на ул. Челюскинцев'. Средняя ставка по данным dano.csv: 20.0%,20.00,222,7,20,,,,,
0f1fd19e-50bb-474f-956e-533644f57d8e,Фастфуд для акционеров,Категория кэшбэка 'Фастфуд для акционеров'. Средняя ставка по данным dano.csv: 5.0%,5.00,267,3,7,,,,,
729bbea9-2e55-40da-8bd2-9069ee1a54dd,Фиолент,Категория кэшбэка 'Фиолент'. Средняя ставка по данным dano.csv: 20.0%,20.00,507,5,12,,,,,
228e6507-d976-498b-bf33-99f68695a055,ФитCтудия на Зелёной ул,Категория кэшбэка 'ФитCтудия на Зелёной ул'. Средняя ставка по данным dano.csv: 20.0%,20.00,513,7,20,,,,,
39d0ff7b-de00-4ea3-9c80-4f6a19ce071b,Фитнес-клуб Cocs на ул. Глеба Успенского,Категория кэшбэка 'Фитнес-клуб Cocs на ул. Глеба Успенского'. Средняя ставка по данным dano.csv: 20.0%,20.00,247,3,7,,,,,
5763c912-f1d8-4056-8fbf-9ebbb9dd0f48,"Фитнес-клуб Matrix в мкр.Крылатый, 1","Категория кэшбэка 'Фитнес-клуб Matrix в мкр.Крылатый, 1'. Средняя ставка по данным dano.csv: 20.0%",20.00,734,5,12,,,,,
97665b5d-a31d-4959-9f70-d8389b36aed7,Фитнес-клуб «БауманкаФит» на ул. Фридриха Энгельса,Категория кэшбэка 'Фитнес-клуб «БауманкаФит» на ул. Фридриха Энгельса'. Средняя ставка по данным dano.csv: 20.0%,20.00,668,7,20,,,,,
5f7c8f6a-c6c4-46dc-b379-32a882293aa2,Фитнес-клуб «На Вибрациях» на Заозёрной ул,Категория кэшбэка 'Фитнес-клуб «На Вибрациях» на Заозёрной ул'. Средняя ставка по данным dano.csv: 20.0%,20.00,527,3,7,,,,,
b36e5389-d5ea-499f-ac06-a7aaeeb75032,Фитнес-студия Letay на ул. Циолковского,Категория кэшбэка 'Фитнес-студия Letay на ул. Циолковского'. Средняя ставка по данным dano.csv: 20.0%,20.00,122,5,12,,,,,
8fb4ca4b-c6b2-494e-893d-ed95f0d5db40,Флоат-студия «Море в городе» на ул. Михайлова,Категория кэшбэка 'Флоат-студия «Море в городе» на ул. Михайлова'. Средняя ставка по данным dano.csv: 20.0%,20.00,332,7,20,,,,,
b6f759e6-ae1e-4f18-98d6-26782740593d,Флорбург на ул. Скобелевская,Категория кэшбэка 'Флорбург на ул. Скобелевская'. Средняя ставка по данным dano.csv: 20.0%,20.00,767,3,7,,,,,
1e4234bf-513e-4a20-8de6-402d9d36362a,Фото копи-центр FastEdition на ул. Главмосстроя,Категория кэшбэка 'Фото копи-центр FastEdition на ул. Главмосстроя'. Средняя ставка по данным dano.csv: 20.0%,20.00,448,5,12,,,,,
f6a0afb0-30df-4db5-9634-0ed2ad80b6ee,Фото-Копицентр на ул. Шостаковича,Категория кэшбэка 'Фото-Копицентр на ул. Шостаковича'. Средняя ставка по данным dano.csv: 20.0%,20.00,476,7,20,,,,,
d9cbfe98-110a-41e9-9b62-2ae31c9e357e,Фото-студия «Напаспорт»,Категория кэшбэка 'Фото-студия «Напаспорт»'. Средняя ставка по данным dano.csv: 20.0%,20.00,795,3,7,,,,,
cb7e42ab-e541-4617-91d1-0312d62ebe3f,ФотоКопия на пр. Соколова,Категория кэшбэка 'ФотоКопия на пр. Соколова'. Средняя ставка по данным dano.csv: 20.0%,20.00,734,5,12,,,,,
2924ee8c-ffcd-44a6-bd3b-9a3c409b8dab,Фотограф новорожденных на ул. Минигали Губайдуллина,Категория кэшбэка 'Фотограф новорожденных на ул. Минигали Губайдуллина'. Средняя ставка по данным dano.csv: 20.0%,20.00,142,7,20,,,,,
53a48d5e-2dfe-457d-ab4b-9ceb4df054da,Фотомания на ул. 10 лет Октября,Категория кэшбэка 'Фотомания на ул. 10 лет Октября'. Средняя ставка по данным dano.csv: 20.0%,20.00,289,3,7,,,,,
8ded775e-16ff-4b4d-92e2-835f0076a94f,Фотосалон «Express-Фото»,Категория кэшбэка 'Фотосалон «Express-Фото»'. Средняя ставка по данным dano.csv: 20.0%,20.00,689,5,12,,,,,
3d8a7c35-d98d-4ab3-bb42-34e54c692cf5,Фотостудия Garage Doki на пр. Фрунзе,Категория кэшбэка 'Фотостудия Garage Doki на пр. Фрунзе'. Средняя ставка по данным dano.csv: 20.0%,20.00,238,7,20,,,,,
fec5941f-cf96-4bec-9bbc-d4338776c55b,Фотостудия Stella на ул. Фрунзе,Категория кэшбэка 'Фотостудия Stella на ул. Фрунзе'. Средняя ставка по данным dano.csv: 20.0%,20.00,344,3,7,,,,,
e775c1ba-e830-4198-99b5-271e1ca1a4f2,Фотостудия Vzor в ТЦ Летосити,Категория кэшбэка 'Фотостудия Vzor в ТЦ Летосити'. Средняя ставка по данным dano.csv: 20.0%,20.00,441,5,12,,,,,
13d1fae1-64b7-4f2a-b1a0-eb13b38f6991,Фотостудия «Напаспорт» на пр. Н.С. Ермакова,Категория кэшбэка 'Фотостудия «Напаспорт» на пр. Н.С. Ермакова'. Средняя ставка по данным dano.csv: 20.0%,20.00,534,7,20,,,,,
e5c4801a-d901-458c-be71-33cc53fbd4cd,Фотоцентр Big Flash на Лихачёвском ш,Категория кэшбэка 'Фотоцентр Big Flash на Лихачёвском ш'. Средняя ставка по данным dano.csv: 20.0%,20.00,520,3,7,,,,,
9d45ce14-1854-4c50-bcea-6dfc31d37a22,Фотоцентр «Да Винчи» на ул. Ворошилова,Категория кэшбэка 'Фотоцентр «Да Винчи» на ул. Ворошилова'. Средняя ставка по данным dano.csv: 20.0%,20.00,170,5,12,,,,,
9ecdae5c-006f-4a01-88f6-163f9c72c3a3,Фрести пицца на Советской ул,Категория кэшбэка 'Фрести пицца на Советской ул'. Средняя ставка по данным dano.csv: 20.0%,20.00,662,7,20,,,,,
3813d795-0be0-42c4-ae22-f0a531163039,Фрукты и овощи на пр-те Дружбы,Категория кэшбэка 'Фрукты и овощи на пр-те Дружбы'. Средняя ставка по данным dano.csv: 20.0%,20.00,562,3,7,,,,,
50b973c0-bf4a-44f8-8a8e-af47531aa40a,Фрукты и овощи на р-ке Тушинский привоз,Категория кэшбэка 'Фрукты и овощи на р-ке Тушинский привоз'. Средняя ставка по данным dano.csv: 20.0%,20.00,633,5,12,,,,,
f155bb89-e12c-4858-989c-174b26b5dced,Фургон с едой «КорнDog» на ул. Баумана,Категория кэшбэка 'Фургон с едой «КорнDog» на ул. Баумана'. Средняя ставка по данным dano.csv: 20.0%,20.00,479,7,20,,,,,
e2319de5-852c-4d87-afb9-f0324d2a9354,ХБ Пекарня на ул. Красных Партизан,Категория кэшбэка 'ХБ Пекарня на ул. Красных Партизан'. Средняя ставка по данным dano.csv: 20.0%,20.00,712,3,7,,,,,
90b16009-c672-4ce2-8cb7-bd310bccdb5a,Хвост и хвостики на Автозаводской ул,Категория кэшбэка 'Хвост и хвостики на Автозаводской ул'. Средняя ставка по данным dano.csv: 20.0%,20.00,764,5,12,,,,,
3283177a-608c-40d2-a523-3c473288ebe1,Химия для дома Clever на Звёздной ул,Категория кэшбэка 'Химия для дома Clever на Звёздной ул'. Средняя ставка по данным dano.csv: 20.0%,20.00,792,7,20,,,,,
6cd77c71-4c1a-4bd5-a053-35625dd616b3,Химчистка CHISTO OBUV в Щепном пер,Категория кэшбэка 'Химчистка CHISTO OBUV в Щепном пер'. Средняя ставка по данным dano.csv: 20.0%,20.00,452,3,7,,,,,
dbc709ee-1d41-46ec-8c65-9a8548a1bbba,Химчистка «Гладильная №1»  на ул. Дубровская,Категория кэшбэка 'Химчистка «Гладильная №1»  на ул. Дубровская'. Средняя ставка по данным dano.csv: 20.0%,20.00,680,5,12,,,,,
1a3e14dc-9850-4a86-82d5-6d5200601275,Химчистка «Лаванти» на Областной ул,Категория кэшбэка 'Химчистка «Лаванти» на Областной ул'. Средняя ставка по данным dano.csv: 20.0%,20.00,320,7,20,,,,,
e37f2b95-a33a-4f25-9a75-84433d2e54c4,Химчистка «Метелица» на ул. Гагарина,Категория кэшбэка 'Химчистка «Метелица» на ул. Гагарина'. Средняя ставка по данным dano.csv: 20.0%,20.00,247,3,7,,,,,
2d5d7179-d786-4c18-811a-c8c279f3a5a8,Химчистка «Элит Плюс» на Аэродромной ул,Категория кэшбэка 'Химчистка «Элит Плюс» на Аэродромной ул'. Средняя ставка по данным dano.csv: 20.0%,20.00,747,5,12,,,,,
5bcec1ed-4c23-47e2-ad50-767b3c96c131,Химчистка «Элит Плюс» на ул Фрунзе,Категория кэшбэка 'Химчистка «Элит Плюс» на ул Фрунзе'. Средняя ставка по данным dano.csv: 20.0%,20.00,760,7,20,,,,,
ad658ac9-1fdd-4ecb-968e-87c7a84d3139,Химчистка обуви CHISTO OBUV в ТРЦ Алимпик,Категория кэшбэка 'Химчистка обуви CHISTO OBUV в ТРЦ Алимпик'. Средняя ставка по данным dano.csv: 20.0%,20.00,430,3,7,,,,,
75023581-4085-467a-9042-9214dcd9c69f,Хинкалишвили на Санаторной ул,Категория кэшбэка 'Хинкалишвили на Санаторной ул'. Средняя ставка по данным dano.csv: 20.0%,20.00,566,5,12,,,,,
289ce93f-6807-49a8-8ae9-57a4665c1b40,Хлебный дом Sharu на ул. Мусова,Категория кэшбэка 'Хлебный дом Sharu на ул. Мусова'. Средняя ставка по данным dano.csv: 20.0%,20.00,336,7,20,,,,,
1acfeec7-23dc-4375-b0ff-7c758251a840,Хмель на пл. Победы,Категория кэшбэка 'Хмель на пл. Победы'. Средняя ставка по данным dano.csv: 20.0%,20.00,466,3,7,,,,,
789e920a-9960-4110-b40b-f4683fe946bb,Хозтовары павильон 32 в ТЦ Квадрат,Категория кэшбэка 'Хозтовары павильон 32 в ТЦ Квадрат'. Средняя ставка по данным dano.csv: 20.0%,20.00,663,5,12,,,,,
9ccc41d3-7937-406e-8625-39684880c25e,Хозяйственный дворик на ул. Бакинских Комиссаров,Категория кэшбэка 'Хозяйственный дворик на ул. Бакинских Комиссаров'. Средняя ставка по данным dano.csv: 20.0%,20.00,106,7,20,,,,,
6389ef7e-d979-4d3b-b804-cb2fb33aafea,Хорошая стоматология на ул. Станиславского,Категория кэшбэка 'Хорошая стоматология на ул. Станиславского'. Средняя ставка по данным dano.csv: 20.0%,20.00,681,3,7,,,,,
38b20347-5c73-4a6d-a253-bc076232068d,Хороший чай на пр-те Ветеранов,Категория кэшбэка 'Хороший чай на пр-те Ветеранов'. Средняя ставка по данным dano.csv: 20.0%,20.00,539,5,12,,,,,
4f868faf-ed3a-44c3-8eb7-add2c7d8e858,Хруст и Аромат в пр. Серебрякова,Категория кэшбэка 'Хруст и Аромат в пр. Серебрякова'. Средняя ставка по данным dano.csv: 20.0%,20.00,213,7,20,,,,,
e969018b-d019-4b28-a539-efe0022acbdc,Художественная мастерская Vailet на ул. Арбат,Категория кэшбэка 'Художественная мастерская Vailet на ул. Арбат'. Средняя ставка по данным dano.csv: 20.0%,20.00,432,3,7,,,,,
5c385b2c-a90e-42ae-903b-f454d12e80dd,Художественная школа Eart на ул. Радищева,Категория кэшбэка 'Художественная школа Eart на ул. Радищева'. Средняя ставка по данным dano.csv: 20.0%,20.00,582,5,12,,,,,
6600d449-328b-4394-9b65-32d872a15f13,Художественная школа Марии Серёжиной на Лунной ул,Категория кэшбэка 'Художественная школа Марии Серёжиной на Лунной ул'. Средняя ставка по данным dano.csv: 20.0%,20.00,730,7,20,,,,,
74a4ba92-ce7f-45c8-8cf1-44308356e144,Хэндл кофе на Социалистической ул,Категория кэшбэка 'Хэндл кофе на Социалистической ул'. Средняя ставка по данным dano.csv: 20.0%,20.00,177,3,7,,,,,
1fb23ef5-e6d7-4c22-a7f3-3a24df04ebd2,ЦУМ в Шопинге,Категория кэшбэка 'ЦУМ в Шопинге'. Средняя ставка по данным dano.csv: 19.2%,19.15,124,5,12,,,,,
e9ce0066-7cd1-4b19-bc99-b40f81dddde6,Цапля в розах на ул. Радищева,Категория кэшбэка 'Цапля в розах на ул. Радищева'. Средняя ставка по данным dano.csv: 20.0%,20.00,166,7,20,,,,,
f134ef5f-b88d-4704-a496-c3e30c9d687c,ЦветаЛета на Новослободской ул,Категория кэшбэка 'ЦветаЛета на Новослободской ул'. Средняя ставка по данным dano.csv: 20.0%,20.00,462,3,7,,,,,
6d4d400f-ced9-42d7-8c47-0900183d9e50,Цветами на пр-те Тракторостроителей,Категория кэшбэка 'Цветами на пр-те Тракторостроителей'. Средняя ставка по данным dano.csv: 20.0%,20.00,234,5,12,,,,,
14146c98-23e4-4dff-97e6-69ec2971029e,ЦветникЪ на ул. Кирова,Категория кэшбэка 'ЦветникЪ на ул. Кирова'. Средняя ставка по данным dano.csv: 20.0%,20.00,745,7,20,,,,,
ccc32546-24ed-4265-897e-8685ea1570c4,ЦветоМагияМск на Средней Первомайской ул,Категория кэшбэка 'ЦветоМагияМск на Средней Первомайской ул'. Средняя ставка по данным dano.csv: 20.0%,20.00,130,3,7,,,,,
478be10b-a32f-47cb-b0ab-1ae7c3fcf1e9,Цветов.ру на Комсомольском пр-кте,Категория кэшбэка 'Цветов.ру на Комсомольском пр-кте'. Средняя ставка по данным dano.csv: 20.0%,20.00,452,5,12,,,,,
ab060541-f955-4a4a-9c9d-0730ca24c655,Цветов.ру на ул. Маршала Рыбалко,Категория кэшбэка 'Цветов.ру на ул. Маршала Рыбалко'. Средняя ставка по данным dano.csv: 20.0%,20.00,359,7,20,,,,,
8e74d083-9546-4ba0-812a-99edf4dfbb11,Цветочки by неплачь на Волгоградском пр-те,Категория кэшбэка 'Цветочки by неплачь на Волгоградском пр-те'. Средняя ставка по данным dano.csv: 20.0%,20.00,164,3,7,,,,,
9e6dc703-f401-4ce1-b266-cfc10ecc2254,Цветочки by неплачь на Красноказарменной ул,Категория кэшбэка 'Цветочки by неплачь на Красноказарменной ул'. Средняя ставка по данным dano.csv: 20.0%,20.00,631,5,12,,,,,
9afdb94e-d378-4336-ba1f-ebaaf0befad7,Цветочки store на ул. Воронежская,Категория кэшбэка 'Цветочки store на ул. Воронежская'. Средняя ставка по данным dano.csv: 20.0%,20.00,798,7,20,,,,,
69ded78a-2558-4322-9612-f88bde1038f0,Цветочная лавка на Советской ул,Категория кэшбэка 'Цветочная лавка на Советской ул'. Средняя ставка по данным dano.csv: 20.0%,20.00,659,3,7,,,,,
847b509c-5201-4893-9ea4-a2a73aa71137,Цветочная мастерская Volshebno,Категория кэшбэка 'Цветочная мастерская Volshebno'. Средняя ставка по данным dano.csv: 20.0%,20.00,647,5,12,,,,,
e05c972a-ac2d-40e2-a7ea-089fead886ea,Цветочная мастерская «Бабочка» на ул. М.Цветаевой,Категория кэшбэка 'Цветочная мастерская «Бабочка» на ул. М.Цветаевой'. Средняя ставка по данным dano.csv: 20.0%,20.00,355,7,20,,,,,
b598c48c-9d83-4583-9555-6dfd03f76fad,Цветочная мастерская «Букетвиль» на ул. Авиаторов,Категория кэшбэка 'Цветочная мастерская «Букетвиль» на ул. Авиаторов'. Средняя ставка по данным dano.csv: 20.0%,20.00,191,3,7,,,,,
c00a6b73-57b7-48d2-a573-961820f6e63f,Цветочная мастерская «Иди ко мне» на ул. Свободы,Категория кэшбэка 'Цветочная мастерская «Иди ко мне» на ул. Свободы'. Средняя ставка по данным dano.csv: 20.0%,20.00,529,5,12,,,,,
a5787093-bc91-44c6-be6f-0be3d2bff4ca,Цветочная мастерская «Лето» на ул. Лавриненко,Категория кэшбэка 'Цветочная мастерская «Лето» на ул. Лавриненко'. Средняя ставка по данным dano.csv: 20.0%,20.00,409,7,20,,,,,
c6e7381a-bb24-496f-a605-f43f279940f4,Цветочная мастерская «Март» на пр. Металлургов,Категория кэшбэка 'Цветочная мастерская «Март» на пр. Металлургов'. Средняя ставка по данным dano.csv: 20.0%,20.00,320,3,7,,,,,
cfa3269d-fde5-40e9-82b9-641b91739000,Цветочная мастерская Федоровых на ул. Каменская,Категория кэшбэка 'Цветочная мастерская Федоровых на ул. Каменская'. Средняя ставка по данным dano.csv: 20.0%,20.00,471,5,12,,,,,
7df61743-0867-4c2d-8691-a54bc35dfedf,Цветочная мастерская № 1 на Чистопольской ул,Категория кэшбэка 'Цветочная мастерская № 1 на Чистопольской ул'. Средняя ставка по данным dano.csv: 20.0%,20.00,100,7,20,,,,,
9e77a7be-0205-443e-8786-10bbb0eef7d3,Цветочная студия Malina на Кольцовской ул,Категория кэшбэка 'Цветочная студия Malina на Кольцовской ул'. Средняя ставка по данным dano.csv: 20.0%,20.00,417,3,7,,,,,
0c2e8727-5743-4190-afde-6022c16f4187,Цветочная студия на б-ре Гагарина,Категория кэшбэка 'Цветочная студия на б-ре Гагарина'. Средняя ставка по данным dano.csv: 20.0%,20.00,770,5,12,,,,,
58527c8d-d5c5-42bb-9f97-cfa1a35d4188,Цветочная студия на ул. Филатова,Категория кэшбэка 'Цветочная студия на ул. Филатова'. Средняя ставка по данным dano.csv: 20.0%,20.00,448,7,20,,,,,
80b7ea8c-b177-47f7-895a-e2ac071fe338,Цветочная фея на Рождественском б-ре,Категория кэшбэка 'Цветочная фея на Рождественском б-ре'. Средняя ставка по данным dano.csv: 20.0%,20.00,555,3,7,,,,,
e85b4079-bd57-4805-bd95-25aac955d670,Цветочный Diamond на Коммунистическом пр-те,Категория кэшбэка 'Цветочный Diamond на Коммунистическом пр-те'. Средняя ставка по данным dano.csv: 20.0%,20.00,675,5,12,,,,,
b34b6f05-57a1-4edc-a1dd-9de382900470,Цветочный Luna на ул. Серпуховский Вал,Категория кэшбэка 'Цветочный Luna на ул. Серпуховский Вал'. Средняя ставка по данным dano.csv: 20.0%,20.00,339,7,20,,,,,
c5604f99-674c-49f9-bfbd-a896ed9c4eea,Цветочный «Атлас вкусов» на ул. имени С.Ф. Тархова,Категория кэшбэка 'Цветочный «Атлас вкусов» на ул. имени С.Ф. Тархова'. Средняя ставка по данным dano.csv: 20.0%,20.00,581,3,7,,,,,
03f648e9-4bca-48b7-bdd4-dd579304aa9d,Цветочный «Нефтъ 15.07» на ул. Генерала М. Гареева,Категория кэшбэка 'Цветочный «Нефтъ 15.07» на ул. Генерала М. Гареева'. Средняя ставка по данным dano.csv: 20.0%,20.00,763,5,12,,,,,
0d85f7a8-e058-4084-b062-b420fdf13477,Цветочный «Тюльпан» в ТЦ Контур,Категория кэшбэка 'Цветочный «Тюльпан» в ТЦ Контур'. Средняя ставка по данным dano.csv: 20.0%,20.00,419,7,20,,,,,
cf6826e0-7b7c-4960-91d7-e4726de75462,Цветочный Маркет на Чертановской ул,Категория кэшбэка 'Цветочный Маркет на Чертановской ул'. Средняя ставка по данным dano.csv: 20.0%,20.00,145,3,7,,,,,
ea1ca1be-ba94-41b9-a312-24b92a7627e5,Цветочный бутик «Василек» на Граничной ул,Категория кэшбэка 'Цветочный бутик «Василек» на Граничной ул'. Средняя ставка по данным dano.csv: 20.0%,20.00,619,5,12,,,,,
a462a07a-f28c-455b-9b42-40ca70a7f57f,Цветочный бутик «Мелисса» на Трнавской ул,Категория кэшбэка 'Цветочный бутик «Мелисса» на Трнавской ул'. Средняя ставка по данным dano.csv: 20.0%,20.00,704,7,20,,,,,
7298717b-d574-4fd9-8bf1-dcb032ea40c0,Цветочный бутик «Тебя любят» на ул. Воровского,Категория кэшбэка 'Цветочный бутик «Тебя любят» на ул. Воровского'. Средняя ставка по данным dano.csv: 20.0%,20.00,786,3,7,,,,,
b7f66ebb-260c-4b84-a596-077494197e6c,Цветочный город на ул. Широтная,Категория кэшбэка 'Цветочный город на ул. Широтная'. Средняя ставка по данным dano.csv: 20.0%,20.00,356,5,12,,,,,
aecb9caa-8d3c-4bda-833e-5c264de2c3ea,Цветочный магазин Freya X Day на Ухтомской ул,Категория кэшбэка 'Цветочный магазин Freya X Day на Ухтомской ул'. Средняя ставка по данным dano.csv: 20.0%,20.00,395,7,20,,,,,
b9628cf3-5d6e-4cd2-b431-7d94448716a1,Цветочный магазин Maria Flowers на Волынской ул,Категория кэшбэка 'Цветочный магазин Maria Flowers на Волынской ул'. Средняя ставка по данным dano.csv: 20.0%,20.00,480,3,7,,,,,
e8cc8b43-fa79-4f51-aec5-f99abf39f5c4,Цветочный магазин «Артбукет»,Категория кэшбэка 'Цветочный магазин «Артбукет»'. Средняя ставка по данным dano.csv: 20.0%,20.00,385,5,12,,,,,
64ac5ec1-13e3-422b-b0db-5fe01002c2cf,Цветочный магазин «Бутон» на ул. Терешковой,Категория кэшбэка 'Цветочный магазин «Бутон» на ул. Терешковой'. Средняя ставка по данным dano.csv: 20.0%,20.00,728,7,20,,,,,
e1d355e9-b18d-48e0-be0b-8691e942c7df,Цветочный магазин «ВиаФлора» на ул. Карла Маркса,Категория кэшбэка 'Цветочный магазин «ВиаФлора» на ул. Карла Маркса'. Средняя ставка по данным dano.csv: 20.0%,20.00,721,3,7,,,,,
c80d15b6-318a-495b-a1ff-c597e6b6faa0,Цветочный магазин «Орхидея 24» на Пражской ул,Категория кэшбэка 'Цветочный магазин «Орхидея 24» на Пражской ул'. Средняя ставка по данным dano.csv: 20.0%,20.00,270,5,12,,,,,
f26e6db9-c2e7-4e84-bc83-603b7dbcb31b,Цветочный магазин «Цветы и точка» в Западном пер,Категория кэшбэка 'Цветочный магазин «Цветы и точка» в Западном пер'. Средняя ставка по данным dano.csv: 20.0%,20.00,537,7,20,,,,,
dd51f6b3-c37d-4e4b-b5f9-c4cdf3b2e084,Цветочный магазин «Шиповник» на ул. Горького,Категория кэшбэка 'Цветочный магазин «Шиповник» на ул. Горького'. Средняя ставка по данным dano.csv: 20.0%,20.00,259,3,7,,,,,
19154700-2dde-4010-9154-8660bec65c1b,Цветочный магазин на Дмитровском ш,Категория кэшбэка 'Цветочный магазин на Дмитровском ш'. Средняя ставка по данным dano.csv: 20.0%,20.00,168,5,12,,,,,
cf7ef265-674b-40c2-87d2-f6f999dfd764,Цветочный салон Flower Bontique на ул. Цюрупы,Категория кэшбэка 'Цветочный салон Flower Bontique на ул. Цюрупы'. Средняя ставка по данным dano.csv: 20.0%,20.00,675,7,20,,,,,
38eb8ec8-ba11-4d4a-ac8c-7435d0b03c01,Цветочный салон Fmart на Дальневосточном пр-те,Категория кэшбэка 'Цветочный салон Fmart на Дальневосточном пр-те'. Средняя ставка по данным dano.csv: 20.0%,20.00,244,3,7,,,,,
0dbba152-15bf-4747-b4f2-d347caef2424,Цветочный салон «Май» на ул. Гризодубовой,Категория кэшбэка 'Цветочный салон «Май» на ул. Гризодубовой'. Средняя ставка по данным dano.csv: 20.0%,20.00,592,5,12,,,,,
5b844f14-85fd-4dfd-8ecd-03ea169d11eb,Цветочный салон «Роза Микс» на ул. Лермонтова,Категория кэшбэка 'Цветочный салон «Роза Микс» на ул. Лермонтова'. Средняя ставка по данным dano.csv: 20.0%,20.00,265,7,20,,,,,
5ed055c6-c910-48ec-9aa5-7afec8ca4d1b,Цветочный салон «Симфловерс» в ТЦ Сенеж,Категория кэшбэка 'Цветочный салон «Симфловерс» в ТЦ Сенеж'. Средняя ставка по данным dano.csv: 20.0%,20.00,513,3,7,,,,,
7bcbf500-0f85-4801-a4f1-c7d966286df9,Цветущий Лотос на Берёзовой ал,Категория кэшбэка 'Цветущий Лотос на Берёзовой ал'. Средняя ставка по данным dano.csv: 20.0%,20.00,401,5,12,,,,,
344aa1b7-f77f-4c03-a662-7f7733d07745,Цветы,Категория кэшбэка 'Цветы'. Средняя ставка по данным dano.csv: 5.0%,5.00,9,7,20,,,,,
d6daa783-b3af-47d7-8953-62e64a6e1ffe,Цветы 24 на ул. Авиаторов,Категория кэшбэка 'Цветы 24 на ул. Авиаторов'. Средняя ставка по данным dano.csv: 20.0%,20.00,465,3,7,,,,,
2c02bc3b-a28d-4532-8627-929614a0998a,Цветы 24/7 на ул. Мастеркова,Категория кэшбэка 'Цветы 24/7 на ул. Мастеркова'. Средняя ставка по данным dano.csv: 20.0%,20.00,118,5,12,,,,,
b742420b-3046-4e66-96a7-9459f254f6bc,Цветы Bambini Flowers на Милицейской ул,Категория кэшбэка 'Цветы Bambini Flowers на Милицейской ул'. Средняя ставка по данным dano.csv: 20.0%,20.00,546,7,20,,,,,
1c4de028-f443-42a0-8b40-2ed7e7a093cf,Цветы Bolotnikov на Восточной ул,Категория кэшбэка 'Цветы Bolotnikov на Восточной ул'. Средняя ставка по данным dano.csv: 20.0%,20.00,496,3,7,,,,,
51b22445-9a49-476e-a885-9958308f9f37,Цветы Felicia Art на Скандинавском б-ре,Категория кэшбэка 'Цветы Felicia Art на Скандинавском б-ре'. Средняя ставка по данным dano.csv: 20.0%,20.00,698,5,12,,,,,
05c6e6d7-9a02-4e04-ad22-66976c58be63,Цветы Felicia.art на Бородинском б-ре,Категория кэшбэка 'Цветы Felicia.art на Бородинском б-ре'. Средняя ставка по данным dano.csv: 20.0%,20.00,134,7,20,,,,,
d4c163a2-18e8-404c-a81d-63561f3a815a,"Цветы Flora Line на ул. 
Дубининская","Категория кэшбэка 'Цветы Flora Line на ул. 
Дубининская'. Средняя ставка по данным dano.csv: 20.0%",20.00,400,3,7,,,,,
e6e54f8f-17c8-40b2-aa6a-357321c771c3,Цветы Flow Story,Категория кэшбэка 'Цветы Flow Story'. Средняя ставка по данным dano.csv: 20.0%,20.00,662,5,12,,,,,
f0a8fce4-bf3a-4a4b-8c15-3bc803d226e8,Цветы Flower store на ул. 70 лет Октября,Категория кэшбэка 'Цветы Flower store на ул. 70 лет Октября'. Средняя ставка по данным dano.csv: 20.0%,20.00,285,7,20,,,,,
e38c8771-91be-454b-b74c-c30971621209,Цветы Grandbuketon на ул. Имая Насыри,Категория кэшбэка 'Цветы Grandbuketon на ул. Имая Насыри'. Средняя ставка по данным dano.csv: 20.0%,20.00,177,3,7,,,,,
1dcac143-f73a-490e-8071-7ebd8e7da8dc,Цветы Milovini flowers на Первомайской ул,Категория кэшбэка 'Цветы Milovini flowers на Первомайской ул'. Средняя ставка по данным dano.csv: 20.0%,20.00,717,5,12,,,,,
d191dc7e-7b84-44bf-9da2-388d32c86383,Цветы Rozaria Roz,Категория кэшбэка 'Цветы Rozaria Roz'. Средняя ставка по данным dano.csv: 20.0%,20.00,317,7,20,,,,,
1bd3942c-12e4-4e3e-9d28-d2fc6581ac6a,Цветы Vikey flowers на ул. Академика Арцимовича,Категория кэшбэка 'Цветы Vikey flowers на ул. Академика Арцимовича'. Средняя ставка по данным dano.csv: 20.0%,20.00,512,3,7,,,,,
f00b8af2-8d3e-42fb-8db3-f47bfd98efb4,Цветы «Аура» на пр-те Дружбы Народов,Категория кэшбэка 'Цветы «Аура» на пр-те Дружбы Народов'. Средняя ставка по данным dano.csv: 20.0%,20.00,557,5,12,,,,,
071f1c9a-a357-460f-91a3-b53c866652db,Цветы «Ника» в мкр. Птицефабрика,Категория кэшбэка 'Цветы «Ника» в мкр. Птицефабрика'. Средняя ставка по данным dano.csv: 20.0%,20.00,478,7,20,,,,,
1e7bd592-64e6-445e-9d04-bd68b95d5ede,Цветы «Семь тюльпанов» на ул. Белинского,Категория кэшбэка 'Цветы «Семь тюльпанов» на ул. Белинского'. Средняя ставка по данным dano.csv: 20.0%,20.00,216,3,7,,,,,
5d297f77-ae35-4c33-8a4c-92a04be31344,Цветы «Семь тюльпанов» на ул. Железнодорожная,Категория кэшбэка 'Цветы «Семь тюльпанов» на ул. Железнодорожная'. Средняя ставка по данным dano.csv: 20.0%,20.00,501,5,12,,,,,
bab87621-b5b8-442c-85cb-41ed980bbb04,Цветы Ок на ул. Маковского,Категория кэшбэка 'Цветы Ок на ул. Маковского'. Средняя ставка по данным dano.csv: 20.0%,20.00,497,7,20,,,,,
88e7f09d-aede-41cc-8e88-eb5d45034bc2,Цветы и Шары Klenovo Flowers на Революционном пр-те,Категория кэшбэка 'Цветы и Шары Klenovo Flowers на Революционном пр-те'. Средняя ставка по данным dano.csv: 20.0%,20.00,221,3,7,,,,,
68bbe240-ab11-4e16-b8aa-fdc89712c1e7,Цветы и подарки «Cad» на ул. Центральная,Категория кэшбэка 'Цветы и подарки «Cad» на ул. Центральная'. Средняя ставка по данным dano.csv: 20.0%,20.00,108,5,12,,,,,
aed33ab4-df63-40d9-83b8-766c256627ee,Цветы и чай на ул. 8 Марта,Категория кэшбэка 'Цветы и чай на ул. 8 Марта'. Средняя ставка по данным dano.csv: 20.0%,20.00,438,7,20,,,,,
1c4f6e9f-e128-4b8e-ae7d-59cfba88f671,Цветы на Бульваре,Категория кэшбэка 'Цветы на Бульваре'. Средняя ставка по данным dano.csv: 20.0%,20.00,568,3,7,,,,,
88bf17f3-50f8-4a20-a2f2-a5a9c87e3de7,Цветы на Новомарьинской ул,Категория кэшбэка 'Цветы на Новомарьинской ул'. Средняя ставка по данным dano.csv: 20.0%,20.00,373,5,12,,,,,
b316f338-366d-4728-8afc-57db5b1b3b3c,Цветы на ул. 40 лет Октября,Категория кэшбэка 'Цветы на ул. 40 лет Октября'. Средняя ставка по данным dano.csv: 20.0%,20.00,591,7,20,,,,,
d0cecdcd-d3fb-4495-bdf7-df11b828ad02,Цветы на ул. Ленина,Категория кэшбэка 'Цветы на ул. Ленина'. Средняя ставка по данным dano.csv: 20.0%,20.00,720,3,7,,,,,
1c18a2d0-3c45-4019-b1d5-a68ba7c6920d,Цветы от Marguerite на Люблинской ул,Категория кэшбэка 'Цветы от Marguerite на Люблинской ул'. Средняя ставка по данным dano.csv: 20.0%,20.00,215,5,12,,,,,
494e5717-5853-4adc-bcf7-5673688303d9,Цветы про любовь на ул. Кропоткина,Категория кэшбэка 'Цветы про любовь на ул. Кропоткина'. Средняя ставка по данным dano.csv: 20.0%,20.00,651,7,20,,,,,
10997685-8aaf-40b8-a35b-6889be0a7e96,Цветы с историей на ул. Рихарда Зорге,Категория кэшбэка 'Цветы с историей на ул. Рихарда Зорге'. Средняя ставка по данным dano.csv: 20.0%,20.00,593,3,7,,,,,
69ef8fa6-7693-4bae-90c4-3deff163f842,Цветы «Дари» на Октябрьской ул,Категория кэшбэка 'Цветы «Дари» на Октябрьской ул'. Средняя ставка по данным dano.csv: 20.0%,20.00,417,5,12,,,,,
a9d7c8da-f61e-4051-869a-8f06409ab027,Центр адаптивного образования «Солнечный дом» в пер. Лыжный,Категория кэшбэка 'Центр адаптивного образования «Солнечный дом» в пер. Лыжный'. Средняя ставка по данным dano.csv: 20.0%,20.00,204,7,20,,,,,
1024377f-be9d-48ea-ba45-a7e2817a6bd6,Центр здоровой стопы Adonis на ул. Лермонтова,Категория кэшбэка 'Центр здоровой стопы Adonis на ул. Лермонтова'. Средняя ставка по данным dano.csv: 20.0%,20.00,194,3,7,,,,,
a6f6e906-e1c7-411b-8b34-1fbdebd99613,Центр здоровья Юлии Тумановой на ул. Строителей,Категория кэшбэка 'Центр здоровья Юлии Тумановой на ул. Строителей'. Средняя ставка по данным dano.csv: 20.0%,20.00,598,5,12,,,,,
88720b06-33a7-4d84-a78a-231defb27bc3,Центр красоты и здоровья Blanco на ул. Бебеля,Категория кэшбэка 'Центр красоты и здоровья Blanco на ул. Бебеля'. Средняя ставка по данным dano.csv: 20.0%,20.00,654,7,20,,,,,
848837d7-666b-4877-a742-d3c3c4815d60,Центр красоты и здоровья Ivory на ул. Острякова,Категория кэшбэка 'Центр красоты и здоровья Ivory на ул. Острякова'. Средняя ставка по данным dano.csv: 20.0%,20.00,241,3,7,,,,,
d99dd445-3f5f-428f-9fd1-6ccaf42f8486,Центр массажа Legche на Корпусной ул,Категория кэшбэка 'Центр массажа Legche на Корпусной ул'. Средняя ставка по данным dano.csv: 20.0%,20.00,238,5,12,,,,,
ea22afd6-c348-4433-bcfe-6fecb0e775ac,Центр науки и творчества «Уникум» на Рубцовском пр-те,Категория кэшбэка 'Центр науки и творчества «Уникум» на Рубцовском пр-те'. Средняя ставка по данным dano.csv: 20.0%,20.00,242,7,20,,,,,
af4b61a6-f019-4fc3-9a2b-1b438c90400d,Центр остеопатической помощи на Набережной ул,Категория кэшбэка 'Центр остеопатической помощи на Набережной ул'. Средняя ставка по данным dano.csv: 20.0%,20.00,474,3,7,,,,,
cc0cda33-bf3b-4374-bf04-88cad674bf3c,Центр подологии «Одесса» на пр-те Гагарина,Категория кэшбэка 'Центр подологии «Одесса» на пр-те Гагарина'. Средняя ставка по данным dano.csv: 20.0%,20.00,103,5,12,,,,,
c72322de-f4f1-4c24-b15c-2094726edd6c,Центр подологии и эстетики Praxis на ул. Горького,Категория кэшбэка 'Центр подологии и эстетики Praxis на ул. Горького'. Средняя ставка по данным dano.csv: 20.0%,20.00,752,7,20,,,,,
a5a7b2bd-15a3-4f87-83fc-751c80a32ea2,Центр творческого развития «Ступени» на пр-те Мира,Категория кэшбэка 'Центр творческого развития «Ступени» на пр-те Мира'. Средняя ставка по данным dano.csv: 20.0%,20.00,769,3,7,,,,,
eacf6495-45e5-4550-b1ef-7f64784c686a,Центр эпиляции AS-Centre на Дмитровском ш,Категория кэшбэка 'Центр эпиляции AS-Centre на Дмитровском ш'. Средняя ставка по данным dano.csv: 20.0%,20.00,754,5,12,,,,,
a1aa88ce-5b7c-4d10-bbd4-c10d7a7f8779,Цеточки by неплачь на ул. Красноказарменная,Категория кэшбэка 'Цеточки by неплачь на ул. Красноказарменная'. Средняя ставка по данным dano.csv: 20.0%,20.00,383,7,20,,,,,
0cbcfa13-9f2c-4ba0-99a7-83f3104f00e7,Цифровая стоматология «Зуб Доктор» на Парковой ул,Категория кэшбэка 'Цифровая стоматология «Зуб Доктор» на Парковой ул'. Средняя ставка по данным dano.csv: 20.0%,20.00,149,3,7,,,,,
d5556de7-94e3-4b6d-8f4e-b4c174fabb94,Чайка на ул. Маресьева,Категория кэшбэка 'Чайка на ул. Маресьева'. Средняя ставка по данным dano.csv: 20.0%,20.00,401,5,12,,,,,
374336e9-9fa1-4001-9476-ec58730754df,Чайная «Лист» на ул. Болдырева,Категория кэшбэка 'Чайная «Лист» на ул. Болдырева'. Средняя ставка по данным dano.csv: 20.0%,20.00,183,7,20,,,,,
0b63d36a-b54a-4886-b717-c21baf5d34f9,Чайная «Тифрейм»,Категория кэшбэка 'Чайная «Тифрейм»'. Средняя ставка по данным dano.csv: 20.0%,20.00,615,3,7,,,,,
c38e5789-b3af-4b72-aa25-ea8c2c4ba24b,Чайная Каста на Самокатной ул,Категория кэшбэка 'Чайная Каста на Самокатной ул'. Средняя ставка по данным dano.csv: 20.0%,20.00,174,5,12,,,,,
5bfe6f92-766b-4818-83ed-16281d85d7ea,Чайно-кофейная лавка «Ля Котэ» на Цветочной ул,Категория кэшбэка 'Чайно-кофейная лавка «Ля Котэ» на Цветочной ул'. Средняя ставка по данным dano.csv: 20.0%,20.00,349,7,20,,,,,
9f0cce4b-7133-482d-906e-5d6135630dfe,Чайхана «Лаззат» на Щелковском ш,Категория кэшбэка 'Чайхана «Лаззат» на Щелковском ш'. Средняя ставка по данным dano.csv: 20.0%,20.00,197,3,7,,,,,
2e68ba2b-bc66-46b5-abf5-9d33bf4ab084,Чайхана «Ургут» на ул. Корнейчука,Категория кэшбэка 'Чайхана «Ургут» на ул. Корнейчука'. Средняя ставка по данным dano.csv: 20.0%,20.00,297,5,12,,,,,
f8ec10de-1e5b-42e8-89a4-63064aee863b,ЧебурекМи на ул. Космонавтов,Категория кэшбэка 'ЧебурекМи на ул. Космонавтов'. Средняя ставка по данным dano.csv: 20.0%,20.00,121,7,20,,,,,
e5b81642-a73d-472f-9bd5-f8db35ae49f1,ЧебурекМи на ул. Ленина,Категория кэшбэка 'ЧебурекМи на ул. Ленина'. Средняя ставка по данным dano.csv: 20.0%,20.00,353,3,7,,,,,
e15d08bb-08af-40cd-a210-dd4d23392402,ЧебурекМи на ул. Мира,Категория кэшбэка 'ЧебурекМи на ул. Мира'. Средняя ставка по данным dano.csv: 20.0%,20.00,749,5,12,,,,,
48eab1e0-52b6-482e-869c-9598dfe13643,Чебуречная на пр-те Октябрьский,Категория кэшбэка 'Чебуречная на пр-те Октябрьский'. Средняя ставка по данным dano.csv: 20.0%,20.00,591,7,20,,,,,
c1f348c6-d679-496f-9184-9380c01bc8cf,Чебуречная на ул. Терешковой,Категория кэшбэка 'Чебуречная на ул. Терешковой'. Средняя ставка по данным dano.csv: 20.0%,20.00,564,3,7,,,,,
5aeb3982-67ea-4ecc-9730-841e5b28cdf4,Чертежи на ул. Александра Попова,Категория кэшбэка 'Чертежи на ул. Александра Попова'. Средняя ставка по данным dano.csv: 20.0%,20.00,264,5,12,,,,,
a8c36f42-2dac-418c-89fc-ef67906b1325,Чиббис,Категория кэшбэка 'Чиббис'. Средняя ставка по данным dano.csv: 20.0%,20.00,599,7,20,,,,,
c38bf46e-3064-4940-959b-940ac330ad27,ЧикенБург на Солнечной ул,Категория кэшбэка 'ЧикенБург на Солнечной ул'. Средняя ставка по данным dano.csv: 20.0%,20.00,281,3,7,,,,,
09d48a09-c146-46ec-a134-121e04456d4f,Чиланзар в Несвижском переулке,Категория кэшбэка 'Чиланзар в Несвижском переулке'. Средняя ставка по данным dano.csv: 20.0%,20.00,318,5,12,,,,,
727caeb7-66d9-4c05-9d46-127ec9fee353,Чио Чио на ул. Восстания,Категория кэшбэка 'Чио Чио на ул. Восстания'. Средняя ставка по данным dano.csv: 20.0%,20.00,518,7,20,,,,,
1d0525d3-9ea4-437d-b4c7-a2edccf121f5,Чио Чио на ул. Наиля Юсупова,Категория кэшбэка 'Чио Чио на ул. Наиля Юсупова'. Средняя ставка по данным dano.csv: 20.0%,20.00,679,3,7,,,,,
17ca5888-688a-436d-b7b5-1efde9f5b05b,Чио Чио на ул. Тансык,Категория кэшбэка 'Чио Чио на ул. Тансык'. Средняя ставка по данным dano.csv: 20.0%,20.00,681,5,12,,,,,
22f300e6-c01c-4e89-a487-facc65a02f57,Чио-Чио на пр-те Ильгама Шакирова,Категория кэшбэка 'Чио-Чио на пр-те Ильгама Шакирова'. Средняя ставка по данным dano.csv: 20.0%,20.00,368,7,20,,,,,
b5167e2e-acab-4c56-9885-45c276d7e039,Чио-Чио на ул. Родины,Категория кэшбэка 'Чио-Чио на ул. Родины'. Средняя ставка по данным dano.csv: 20.0%,20.00,210,3,7,,,,,
783c3c70-3979-418a-962d-44dfedb88ed2,Чистая польза на ул. Копылова,Категория кэшбэка 'Чистая польза на ул. Копылова'. Средняя ставка по данным dano.csv: 20.0%,20.00,531,5,12,,,,,
af0b3eaa-6f21-4fdf-92f8-479c7ae77b2a,Чёрный рис на ул. Садовая,Категория кэшбэка 'Чёрный рис на ул. Садовая'. Средняя ставка по данным dano.csv: 20.0%,20.00,797,7,20,,,,,
12e821bd-8c69-40ed-ae00-7dc93a25cd3d,Шаверма «Египетская сила» на просп. Народного Ополчения,Категория кэшбэка 'Шаверма «Египетская сила» на просп. Народного Ополчения'. Средняя ставка по данным dano.csv: 20.0%,20.00,243,3,7,,,,,
5f920b48-ab07-40e0-8e28-d30a6c541ef0,Шаверма «Египетская сила» на ул. Лётчика Пилютова,Категория кэшбэка 'Шаверма «Египетская сила» на ул. Лётчика Пилютова'. Средняя ставка по данным dano.csv: 20.0%,20.00,326,5,12,,,,,
63c10647-66ab-46f2-9c8a-133de58abb2d,Шаверма на ул. Республики,Категория кэшбэка 'Шаверма на ул. Республики'. Средняя ставка по данным dano.csv: 20.0%,20.00,304,7,20,,,,,
4a094e7e-deb2-4507-9863-bef78b18489e,Шаверма-бар «Рыба мОя» на ул. Урицкого,Категория кэшбэка 'Шаверма-бар «Рыба мОя» на ул. Урицкого'. Средняя ставка по данным dano.csv: 20.0%,20.00,157,3,7,,,,,
c5ca4f86-e760-4204-9fa2-50a72ddacc09,Шаурма 1 на пр-те Победы,Категория кэшбэка 'Шаурма 1 на пр-те Победы'. Средняя ставка по данным dano.csv: 20.0%,20.00,725,5,12,,,,,
ef83581c-5449-486c-b5a4-828781c7836f,Шаурма 24/7 на пр-те 40-летия Победы,Категория кэшбэка 'Шаурма 24/7 на пр-те 40-летия Победы'. Средняя ставка по данным dano.csv: 20.0%,20.00,257,7,20,,,,,
de0ae4f3-ffbc-4a98-9562-a19ab0e34c59,Шаурма «72 сезона» на ул. Советов,Категория кэшбэка 'Шаурма «72 сезона» на ул. Советов'. Средняя ставка по данным dano.csv: 20.0%,20.00,300,3,7,,,,,
e6e76bd4-787c-43a2-a5d4-e17b83de0aaf,Шаурма «Восток» на ул. Академика Королева,Категория кэшбэка 'Шаурма «Восток» на ул. Академика Королева'. Средняя ставка по данным dano.csv: 20.0%,20.00,299,5,12,,,,,
edb45e58-f0e8-425d-aa57-a62a8a27bcb6,Шаурма Сити на Вятской ул,Категория кэшбэка 'Шаурма Сити на Вятской ул'. Средняя ставка по данным dano.csv: 20.0%,20.00,423,7,20,,,,,
cad51c11-8c0c-4ea8-80d7-e79316e813e8,Шаурма Сити на ул. Ленина,Категория кэшбэка 'Шаурма Сити на ул. Ленина'. Средняя ставка по данным dano.csv: 20.0%,20.00,103,3,7,,,,,
e3953dd1-29be-4ac1-9be0-6f146bbecdcc,Шаурма в горах на наб. Времена Года,Категория кэшбэка 'Шаурма в горах на наб. Времена Года'. Средняя ставка по данным dano.csv: 20.0%,20.00,562,5,12,,,,,
7301f714-caf1-4117-8580-b0c6dd5f70d9,Шаурма на Телевизорной ул,Категория кэшбэка 'Шаурма на Телевизорной ул'. Средняя ставка по данным dano.csv: 20.0%,20.00,189,7,20,,,,,
d923c1e7-00c6-43a6-93b7-56f40bb1befb,Шаурма №1 на ул. Чкалова,Категория кэшбэка 'Шаурма №1 на ул. Чкалова'. Средняя ставка по данным dano.csv: 20.0%,20.00,166,3,7,,,,,
3e68a704-8777-4420-b8fb-8d3e121ab2d8,Шаурмания на Кловской ул,Категория кэшбэка 'Шаурмания на Кловской ул'. Средняя ставка по данным dano.csv: 20.0%,20.00,606,5,12,,,,,
d209e12d-10f7-4aa6-b84e-063e08e1e3cb,Шаурмен в пр. Монтажный,Категория кэшбэка 'Шаурмен в пр. Монтажный'. Средняя ставка по данным dano.csv: 20.0%,20.00,677,7,20,,,,,
d8bee1c1-c5f3-45db-a81a-7db54db51d32,Шаурмечная на ул. 50 лет Октября,Категория кэшбэка 'Шаурмечная на ул. 50 лет Октября'. Средняя ставка по данным dano.csv: 20.0%,20.00,128,3,7,,,,,
e78d78e7-12b2-41b1-bf52-88908e16c492,Шашлыкофф,Категория кэшбэка 'Шашлыкофф'. Средняя ставка по данным dano.csv: 5.0%,5.00,791,5,12,,,,,
4f5f6e34-d974-4a32-8804-820298e87e3f,Шашлычная на Кусковской ул,Категория кэшбэка 'Шашлычная на Кусковской ул'. Средняя ставка по данным dano.csv: 20.0%,20.00,467,7,20,,,,,
38094195-d4e0-433a-9295-15e7996e9315,Шашлычная Прожарка на углях на ул. Западный Обход,Категория кэшбэка 'Шашлычная Прожарка на углях на ул. Западный Обход'. Средняя ставка по данным dano.csv: 20.0%,20.00,797,3,7,,,,,
01fa9a4d-a52f-41f6-b687-fc5785ca581a,ШефПорт на ул. Маршала Бирюзова,Категория кэшбэка 'ШефПорт на ул. Маршала Бирюзова'. Средняя ставка по данным dano.csv: 20.0%,20.00,555,5,12,,,,,
2f0e8876-b5af-41b8-ab71-49d53059ee06,Шинный центр «Космонавт» на Гаккелевской ул,Категория кэшбэка 'Шинный центр «Космонавт» на Гаккелевской ул'. Средняя ставка по данным dano.csv: 20.0%,20.00,167,7,20,,,,,
4c3c6d71-bfb0-455e-9818-853e2ad87218,Шино-Бокс на ул. 2-й Хорошёвский проезд,Категория кэшбэка 'Шино-Бокс на ул. 2-й Хорошёвский проезд'. Средняя ставка по данным dano.csv: 20.0%,20.00,738,3,7,,,,,
5a84b775-6390-4caf-8ab2-07a175018cf6,Шиномонтаж «Прошину» на ул. Смазчиков,Категория кэшбэка 'Шиномонтаж «Прошину» на ул. Смазчиков'. Средняя ставка по данным dano.csv: 20.0%,20.00,757,5,12,,,,,
8add1398-081b-400d-ab25-0a1c743f5900,Шиномонтаж во 2-ом  пер. Лермонтова,Категория кэшбэка 'Шиномонтаж во 2-ом  пер. Лермонтова'. Средняя ставка по данным dano.csv: 20.0%,20.00,660,7,20,,,,,
3bf2a49e-7c3c-48a7-baeb-8a4c56812e06,Шиномонтаж на стоянке на Ярославской ул,Категория кэшбэка 'Шиномонтаж на стоянке на Ярославской ул'. Средняя ставка по данным dano.csv: 20.0%,20.00,449,3,7,,,,,
352c41bb-de93-4f05-a213-8fa147ae5c3d,Школа аэробной гимнастики «Крэскад»,Категория кэшбэка 'Школа аэробной гимнастики «Крэскад»'. Средняя ставка по данным dano.csv: 20.0%,20.00,187,5,12,,,,,
41f83f36-262c-4069-acaf-fda41d4e3d41,Школа программирования «АйдаКодить»,Категория кэшбэка 'Школа программирования «АйдаКодить»'. Средняя ставка по данным dano.csv: 20.0%,20.00,556,7,20,,,,,
a388e04a-de10-44d7-894c-71cfe103d087,Школа семейного обучения «Учимся вместе»,Категория кэшбэка 'Школа семейного обучения «Учимся вместе»'. Средняя ставка по данным dano.csv: 20.0%,20.00,786,3,7,,,,,
bfdbde0e-73f7-4c92-9f73-07fec2189357,Школа танца «Ника» на Демократической ул,Категория кэшбэка 'Школа танца «Ника» на Демократической ул'. Средняя ставка по данным dano.csv: 20.0%,20.00,314,5,12,,,,,
2fd6e679-b5f3-457d-b380-6e933ccb26f5,Школа танцев Stories на ул. Первомайская,Категория кэшбэка 'Школа танцев Stories на ул. Первомайская'. Средняя ставка по данным dano.csv: 20.0%,20.00,750,7,20,,,,,
390f7580-c628-4aa0-9074-3e7bddcdacff,Школа танцев «Дети на паркете» на ул. Меркурьева,Категория кэшбэка 'Школа танцев «Дети на паркете» на ул. Меркурьева'. Средняя ставка по данным dano.csv: 20.0%,20.00,337,3,7,,,,,
698fe922-7633-4182-a638-8a4a9b909682,Школа-студия правильного питания в мкр. 12-й,Категория кэшбэка 'Школа-студия правильного питания в мкр. 12-й'. Средняя ставка по данным dano.csv: 20.0%,20.00,754,5,12,,,,,
9b10c6b5-7ae2-445b-b247-205e3f129114,Шопинг в Городе,Категория кэшбэка 'Шопинг в Городе'. Средняя ставка по данным dano.csv: 16.5%,16.47,4,7,20,,,,,
272d880e-c8fa-4098-9940-fca9a09c97d6,Шопинг в Городе,Категория кэшбэка 'Шопинг в Городе'. Средняя ставка по данным dano.csv: 14.9%,14.95,27,3,7,,,,,
6c2e8bc0-09cb-4f2a-ac8b-3e90a964a89f,Шумoff на Вокзальной ул,Категория кэшбэка 'Шумoff на Вокзальной ул'. Средняя ставка по данным dano.csv: 20.0%,20.00,516,5,12,,,,,
82cb1a99-48da-40d1-97e6-a9de8186416a,Эврика на Малодетскосельском пр-те,Категория кэшбэка 'Эврика на Малодетскосельском пр-те'. Средняя ставка по данным dano.csv: 20.0%,20.00,526,7,20,,,,,
ec236045-7013-4334-b698-91cd41ca74ca,Эврика на Уральской ул,Категория кэшбэка 'Эврика на Уральской ул'. Средняя ставка по данным dano.csv: 20.0%,20.00,363,3,7,,,,,
c6f280dd-12bf-4d3e-b454-08160333b0bc,Экзотерапия на ул. Кулакова,Категория кэшбэка 'Экзотерапия на ул. Кулакова'. Средняя ставка по данным dano.csv: 20.0%,20.00,641,5,12,,,,,
d1cda171-17a1-4606-b6ec-1ba6dddfa42e,Эко моющие «Полоскун» на Молодёжной ул,Категория кэшбэка 'Эко моющие «Полоскун» на Молодёжной ул'. Средняя ставка по данным dano.csv: 20.0%,20.00,648,7,20,,,,,
c6dee94c-a755-4844-b5b2-f08f41c6bc34,Эконогти в ТЦ Европа,Категория кэшбэка 'Эконогти в ТЦ Европа'. Средняя ставка по данным dano.csv: 20.0%,20.00,136,3,7,,,,,
e1305b7f-7840-4745-8d5e-90f12dc92d2c,Эконогти на ул. Титова,Категория кэшбэка 'Эконогти на ул. Титова'. Средняя ставка по данным dano.csv: 20.0%,20.00,296,5,12,,,,,
cf2e13b4-0ed6-4ee3-9ce3-c6d9b040ae5b,Экотовары в ТЦ Конфитюр,Категория кэшбэка 'Экотовары в ТЦ Конфитюр'. Средняя ставка по данным dano.csv: 20.0%,20.00,103,7,20,,,,,
de437c1b-8a33-4427-bfba-1efb404a368a,Эксперт Шина на ул. Набережная Приволжского затона,Категория кэшбэка 'Эксперт Шина на ул. Набережная Приволжского затона'. Средняя ставка по данным dano.csv: 20.0%,20.00,333,3,7,,,,,
b164694b-b295-4f6e-b732-e18e391feb24,Эл Спа на ул. Тургенева,Категория кэшбэка 'Эл Спа на ул. Тургенева'. Средняя ставка по данным dano.csv: 20.0%,20.00,230,5,12,,,,,
18f5a905-26e4-43fb-9907-c8ac4338564a,Электроника и техника в Шопинге,Категория кэшбэка 'Электроника и техника в Шопинге'. Средняя ставка по данным dano.csv: 18.8%,18.84,783,7,20,,,,,
0e2aee9f-f7d8-4996-abd3-ae7ce63cff99,Элика на пр. Юбилейный,Категория кэшбэка 'Элика на пр. Юбилейный'. Средняя ставка по данным dano.csv: 20.0%,20.00,628,3,7,,,,,
242c4882-731c-4125-842f-86d0690c8cc5,Элита фуд на ул. Отрадная,Категория кэшбэка 'Элита фуд на ул. Отрадная'. Средняя ставка по данным dano.csv: 20.0%,20.00,331,5,12,,,,,
dcb09b3f-0903-4a1c-a4a8-ac6fc03ebe4d,Энэль на Ленинградской ул,Категория кэшбэка 'Энэль на Ленинградской ул'. Средняя ставка по данным dano.csv: 20.0%,20.00,323,7,20,,,,,
c6115794-6b1a-40e8-88ca-dc21095a77f2,Эстетика тела,Категория кэшбэка 'Эстетика тела'. Средняя ставка по данным dano.csv: 20.0%,20.00,415,3,7,,,,,
f2615a88-25f6-4e1b-9f68-60535d93c3d7,Эстетическая стоматология Deva-Dent на ул. Щепкина,Категория кэшбэка 'Эстетическая стоматология Deva-Dent на ул. Щепкина'. Средняя ставка по данным dano.csv: 20.0%,20.00,727,5,12,,,,,
8cb1282f-fcc1-413e-b801-75d880591c11,Этли на ул. Русаковской,Категория кэшбэка 'Этли на ул. Русаковской'. Средняя ставка по данным dano.csv: 20.0%,20.00,115,7,20,,,,,
17fe074f-ba45-4886-a371-02121b9973d9,Ювелирный магазин «Золотая Цепь» на Красноармейском,Категория кэшбэка 'Ювелирный магазин «Золотая Цепь» на Красноармейском'. Средняя ставка по данным dano.csv: 20.0%,20.00,284,3,7,,,,,
c51db142-a6b5-49a1-a116-3fd83ecf0071,Ювелирный магазин «Энсо» на ул. Ленина,Категория кэшбэка 'Ювелирный магазин «Энсо» на ул. Ленина'. Средняя ставка по данным dano.csv: 20.0%,20.00,308,5,12,,,,,
bae68d7c-1bbb-499f-9132-efd9039e4caf,Юридическая компания «Правовая позиция» на ул. Академика Вавилова,Категория кэшбэка 'Юридическая компания «Правовая позиция» на ул. Академика Вавилова'. Средняя ставка по данным dano.csv: 20.0%,20.00,383,7,20,,,,,
ba9f362d-b8ef-4c04-943b-9279b65bed05,Юридические услуги «Право&Дело» на Амурской ул,Категория кэшбэка 'Юридические услуги «Право&Дело» на Амурской ул'. Средняя ставка по данным dano.csv: 20.0%,20.00,435,3,7,,,,,
df0d6d05-aef3-45ca-b4b6-72b3b92e799d,Юридический супермаркет на ул. Свободы,Категория кэшбэка 'Юридический супермаркет на ул. Свободы'. Средняя ставка по данным dano.csv: 20.0%,20.00,460,5,12,,,,,
a3054dad-986f-499c-b9c4-9b208ee4963c,Юрист Пинчук Анна на ул. Котанова,Категория кэшбэка 'Юрист Пинчук Анна на ул. Котанова'. Средняя ставка по данным dano.csv: 20.0%,20.00,753,7,20,,,,,
f6ba949a-ea01-4fbd-9326-b3e663777d19,Языковая школа O'key,,,,3,7,,,,,
